feature,weight
account,1.9743538382898111
mobile,1.7032883174011175
http,1.6973245133734136
kindly,1.68707078520509
love,1.6650886105295999
life,1.6446760725146394
wetransfer,1.5906102166180525
click,1.5596162803324516
secure,1.478849492009231
utf,1.3616244222215008
n_exclaim,1.3595468164208957
meds,1.3465615270761848
sex,1.3396380118071316
watches,1.3203466771929637
remove,1.3196419695639698
watch,1.297871332043397
notification,1.1651097392236234
income,1.162826041537118
sir,1.140114678754626
pills,1.1304462119555623
man,1.114992649148107
inches,1.1026880524847593
quality,1.0983952415852434
vicodin,1.0855819316583568
remedy,1.0727061035584609
men,1.067710303063601
payment,1.0628426917637317
remove subject,1.059673327609207
huge,1.0537444417750508
software,1.0488171383961806
smoking,1.043098043930048
earn,1.042912543376378
investment,1.0410463249644204
000,1.0278574397707605
list posting,1.0238739974590958
formula,1.013725423838615
company,0.9948233806154366
male,0.9871107469654058
girl,0.980466647096847
bank,0.9753289258121058
projecthoneypot,0.9748441970802832
rx,0.9625827482423266
medication,0.959166756227194
viagra,0.9589661578760458
blonde,0.9573763838190603
loan,0.9565077269882093
site,0.9553452251244354
pending,0.9548689997324661
girls,0.9491196360912327
custom alert,0.9472725799109192
dear customer,0.9442902821087432
expire,0.9424090180402425
low,0.940660720876819
jul year,0.9370010482427511
webmail,0.9368653189034567
bait,0.9355323959680785
does matter,0.9311869964708707
product,0.9286946325814743
goodbye,0.928594693172984
lower rate,0.9209330326453817
shipment,0.9150582759933122
act,0.9141012220416651
intimate,0.9130097023468202
reply,0.9020252144259668
dear,0.9015319411697758
document,0.8986058173868304
dear email,0.8940965472262972
protected,0.8910521277580528
capitalfm,0.8880631171523623
cialis,0.8868377848073198
selling,0.8776024856752047
proven,0.8773723774008471
capitalfm com,0.8772030878836569
transfer,0.8747841809925988
mortgage,0.8738492945589296
year year,0.8738022291157875
age,0.8727966865913251
ecard,0.8707343173270157
sales,0.8693967916914701
bed,0.8661943565507005
mo,0.862953908168251
did know,0.8594514130307592
health,0.8590364943955431
url,0.8583298440445168
otc,0.85588492849912
blvd,0.8523554641863849
diploma,0.8520903702872408
administrator,0.8451096410139447
greetings,0.8445479208017853
cy,0.8436505228276763
hello,0.8398340065563341
confidence,0.8395992464738395
worldwide,0.8393655085870623
medical,0.8384109241100133
avg_word_len,0.8375795282624436
healthcare,0.8340588832845742
enhancement,0.8336118666208338
urgent,0.8286044627796869
outlook web,0.8250718302792536
medicine,0.8249228610636048
herbal,0.8231833348618159
lose,0.8230809076402794
assist,0.8229362161969747
dimensions,0.8192773132110419
verify,0.8185146051539144
http capitalfm,0.8126770116397385
today url,0.8104475871336676
cheap,0.8100460543533781
millions,0.8068385376955796
partner,0.8057327800810257
verification,0.8045976349747368
choose,0.8034884559863071
weight,0.8027049042877725
gift card,0.801832748702237
professional,0.8015469599477223
parcel,0.8013733280069599
help desk,0.7930855947269909
para,0.7929723878301739
documents,0.7920890010262646
mrs,0.7913473718741142
dimension,0.7912141304054495
hospitals,0.7899968414551993
good day,0.7898301972782737
receive,0.7874856309542434
year rights,0.7873189649789102
net,0.7870305280459537
hot,0.7859165291486628
usaa,0.7847756533097474
immediately,0.7803512543518091
php,0.7775374117843707
chemists,0.7772128145119
real,0.7766902760582801
sexy,0.7742685789376234
info,0.7702800025575808
thousand,0.7693791628866643
pleasure,0.7691342084168514
country,0.7666095446497594
alerts custom,0.7642535529589504
tion,0.7636189772318861
solicitation,0.7635478264572724
email,0.7631909345596288
beloved,0.7602040084358967
ic,0.7598995650734667
adv,0.7593977854964681
card,0.7591449601377148
guaranteed,0.7558227526161562
oo,0.7535867943917409
assistance,0.7525278104915587
growth,0.750994272221846
statements,0.746881970666999
highly,0.7465339589253549
fraud,0.7455092065436824
money,0.7418399611614399
norton,0.7411889620881553
new message,0.7397585273300025
advertisement solicitation,0.7388013892660816
pro,0.7370664392083897
ra,0.7340810230449091
sorry inform,0.7329916196821535
prescriptions,0.7319480596527168
marketing,0.7313865488759802
download,0.7305957951434354
soros,0.7298654959948968
secret,0.7295937150100013
rolex,0.7286287079997761
message advertisement,0.7282437943009961
delivery,0.7282161406158382
good afternoon,0.7267103616674022
gold,0.7235410756276236
deleted,0.7227383930896535
matter,0.7223442341139895
url 10,0.7221524013685103
dhl,0.719919203863129
returned,0.7198325264903999
attn,0.7190034664557369
anymore,0.7183478838717526
emperor,0.7182021313527438
medications,0.7177892932643729
prescription,0.7174312468787271
girlfriend,0.7173527721775698
office xp,0.7118959693845469
dose,0.7111945224718373
funds,0.7105333963013734
doctor,0.710424708984487
omega,0.7088409515635186
dollars,0.7040557453035736
ministry,0.7005393335463665
legal,0.6994368680773482
nigeria,0.6985599060908476
dropbox,0.6973642321352199
click enter,0.6947087728955025
gra,0.6938618683915543
contacts,0.6928873613394936
mb,0.6923860852023334
tablets,0.6914770802999055
lowest,0.6909978323084793
vi,0.6896581833765222
unusual,0.6863742008513404
linkedin,0.6859634518952923
send blank,0.6854676157624275
banking,0.6853114268407348
latest news,0.6850795055505668
movies,0.683106085506127
ment,0.6794528889279469
grow,0.678496752395415
looking statements,0.675540637662999
ge,0.6741130782971789
message,0.67359607955025
lady,0.6723946866856328
hottest,0.6722851875931871
24 hours,0.6721621557206412
masculine,0.6718294398064769
dear friend,0.6716710427501836
popular,0.6704972608581048
safe,0.6689117563758927
email account,0.6658490181245134
ine,0.6650143596480685
mensagem,0.6649431726188352
important,0.6618705963521224
motor,0.6615212324624622
bismarck,0.6614258471935378
otcbb,0.6607743291473351
encrypted,0.6601012729085942
bigger,0.6594845173035742
bolt,0.6585315686111619
belize,0.6581056889360678
degree,0.6580691865096145
forward looking,0.6567166268458999
refill,0.656585960624269
depression,0.6558708631532417
incoming,0.6555351506747139
paliourg,0.6553539222530738
deny,0.6550464524533247
photoshop,0.6548445719279755
jul,0.6540882349939421
lover,0.6529849189536967
sample,0.6526086470694727
nude,0.6524275505626318
computer,0.6514092504436088
gr,0.6512685075420039
new home,0.6501144406302519
wife,0.6498907037850218
doctors,0.6487437031376997
results,0.647021538480212
validate,0.6456188794450254
continue using,0.6453304332459999
healthy,0.6452957266639815
adult,0.645254150070453
platinum,0.6448939932452338
1986,0.6447831699580423
design,0.6446678544448984
win,0.6445642827168224
vlagra,0.6444031230867229
bad credit,0.6439977005160423
biz,0.6431207434478021
style,0.6421256065397766
dear sir,0.6414808686218266
mind,0.6407275645651572
confirm,0.6404410443494976
number number,0.6403294747630888
bear,0.6387936164353578
ss,0.6375202188635215
nights,0.6354827622759553
strength,0.6348489743503074
casino,0.6336638921240856
children,0.6335481804090756
art,0.633078992803942
monica,0.6323733421230863
secured,0.6321981875970386
quicker,0.6319323356057138
mailbox,0.6317274034855315
medium,0.6312798675212965
bedroom,0.6277606102350428
battle,0.6271073897663438
marriage,0.6270063568607233
email subject,0.6265250825770667
prince,0.6263183196460406
teen,0.6229038689316163
utah,0.622702098611487
relief,0.6222622953958646
virus,0.6222418764910217
medicinal,0.6207285350144128
blocked,0.620424481771538
stood,0.6194588036603681
joy,0.6192988031282228
po,0.6186110700219496
china,0.6183313906850662
vous,0.6180016653777132
airline,0.6179631921909753
greeting,0.616952871791092
earning,0.6163465461810728
mailman listinfo,0.6161356120958695
sent notification,0.6160845479164627
woman,0.6154141246099412
19 jul,0.6145730793032651
ought,0.6144431984551116
update account,0.6140396464730865
ebay,0.6136996254176982
yo,0.613630819830437
shocking,0.6129405460171363
penis,0.6127807859762939
manufacturer,0.610884921091452
britney,0.6105960417850209
user agreement,0.6097861772539865
offer,0.6094321044405897
machinery,0.6089296875894133
service,0.6086696796403277
action required,0.6084679410751642
adobe,0.6081183150935685
current price,0.6080001558407537
invoice,0.6078073212844123
listinfo,0.6073947180627545
enlargement,0.6070315245957043
microsoft,0.6070288383606196
porn,0.6068287594835194
chronic,0.6048807350765143
verify information,0.6045877866535575
pinnacle,0.604226635494981
inform,0.6041985757732716
pocket,0.6027535373332352
bruceg,0.6023895880916276
custom,0.6022743885567221
draw,0.6015729571157815
notice,0.6015261984096716
visit http,0.6009280134425713
thousands,0.6009069771221806
exceeded,0.6005599813338957
postage,0.6001657946308833
tn,0.5994723177545839
store,0.5990572465226859
purchase order,0.5988165100843302
em ca,0.5982828218907363
industry,0.596220043997335
super,0.5962028277496942
ce,0.5956922037830829
secrets,0.594381369429912
sexual,0.5941956171401238
en,0.5940423731234152
europe,0.5937105244692495
felt,0.5937095946852169
led,0.592619795885212
powerful,0.5915591082328338
projecthoneypot projecthoneypot,0.5914614038626034
transcript,0.5906314342787216
good morning,0.5905914215685771
measurement,0.5905684061296218
support team,0.5899666992044643
feel,0.589787444594979
low priced,0.5893295383731061
cum,0.5883230332208307
happiness,0.5880867088071007
delaware,0.5875958964137707
russia,0.5865907576797466
ion,0.5865463379128651
therapy,0.585006937086666
spam folder,0.5839542153228522
fear,0.5834989698075373
provider,0.5833972312779683
har,0.5822523882033144
porno,0.5821465425026355
upgrade,0.580142264653735
order today,0.5801297711852352
1618,0.5797741568012326
soft,0.5793821853528991
di,0.5791046101971828
exclusive,0.577914823447501
disney,0.5767125915301566
complete,0.5754618929963041
railway,0.5754494713939196
123,0.5754441408315217
effect,0.575363363945704
inch,0.5751709943586453
ned,0.5751132203838791
wrist,0.5748674604836137
timepieces,0.5733509426217052
refinance,0.5727016795107146
selected,0.571063576406171
ble,0.570879881696648
splendid,0.5705925288777901
perfect,0.5699520977588142
pharmacy,0.5696007470471305
avoid,0.5693420204410546
replica,0.5690396903447509
lopez,0.5686769971271317
click view,0.5682413124081989
women,0.5677894013002229
desire,0.5655443804795053
sa ve,0.5645633261072934
lo,0.5636355504028835
stock,0.5624366971115196
moss,0.5623170258753597
discover,0.5621447472244078
artist,0.5619543882984507
post office,0.5608352411004717
1981,0.5595293997948402
payday,0.5594532072337287
chemist,0.5588764277594971
contacting,0.5588022947351032
shall,0.5587303531540251
problem small,0.5580995023573744
began,0.5580705952437495
fat,0.5574507499528678
em,0.5570863851360963
waiting,0.5557912832849483
reap,0.5557028558181344
usa,0.5555457490960182
pain,0.5543580936626042
billing information,0.5540971268205525
irs,0.5525602623348863
reply best,0.5521313833800341
attention,0.551597256568479
trouble current,0.550811408959886
beach,0.5500886418484652
tea,0.5498021788926958
bei,0.549160271646951
incoming messages,0.5485005406317738
perfected,0.5480832805498442
dysfunction,0.548075854764002
138,0.5479377357812844
play,0.5476855864767229
pictures,0.5472894993763705
increase,0.5462358515102977
wallet,0.5454840079855456
goat,0.5449965185422606
satisfaction,0.5445050431375491
search engines,0.5422188334675413
harder,0.542123129692039
manly,0.5421159599352271
away,0.5412706278152593
000 00,0.5407140534059884
accessories,0.5404088594280566
narcotic,0.5403687959283832
pole,0.539868725769522
votre,0.5396946609485608
illegal,0.5392020317637486
unique,0.5391993223839108
drugs,0.5391815760817998
te,0.5389031131810132
est,0.5388588960383179
restore access,0.5388498466997907
min,0.5385967309952998
imagine,0.5383224475325752
email incoming,0.5368834488065282
hundreds,0.5360835344945464
beneficiary,0.5351282933067465
undelivered,0.5350266087191357
times night,0.5341037241677045
width,0.5340109083420531
feeling,0.533906884173582
industries,0.5331888840795086
profits,0.5326560733949508
online,0.532634286325354
domino,0.5322167851689295
access account,0.5321197833403045
informations,0.53187631242335
iso 8859,0.5315446896633862
forever,0.5315095848253379
engines,0.5314024005103112
radio,0.5312941449460983
length,0.5303537639207053
maxwell,0.5303451907894414
cloud,0.5302837200216339
dream,0.5298922445090036
credit cards,0.5298822482114899
chat,0.5286746480323627
ke,0.5285426424733094
alike,0.5284730992084838
hey,0.5284455600689845
dreams,0.5279048502043813
father,0.5274844715116332
video,0.5270671964559649
gain,0.5269062808863513
8859,0.526335458765928
clients,0.5260797031483138
accredited,0.5251185347213074
packing,0.5247508252400309
genuine,0.5235761073728479
classified,0.5233276229345579
dec year,0.5232450572579386
self confidence,0.5230911764739311
dirty,0.5227723257565269
kin,0.5220789644406393
profit,0.5216717473539518
television,0.5215229594433989
luxury,0.5212128433061747
alibaba,0.5211936946209492
fl,0.520723557783405
c1,0.5204783062467047
invest,0.5203441611536224
macromedia,0.5201617818764802
come,0.5198801863627514
passion,0.518952800665549
suspended,0.5179679616456819
cox,0.5177534742472787
make use,0.5175472902427664
required,0.5174520679552158
scientific,0.5173932131108764
aqu,0.5165844720607542
tracking number,0.5161182353713681
tu,0.5157369453623148
method,0.5156078697651119
ing,0.5147259187871578
people url,0.5143350772236553
550,0.5140955143246324
onedrive,0.5133907140983023
rip,0.5133879071511742
stunning,0.5133394462963009
security,0.5129413314034835
hours day,0.5129373204958322
postcard,0.5128135592988499
quickly,0.5126965299277672
established,0.5125845815693564
removal,0.5119780448723179
orleans,0.5118205940772426
enlarge,0.5117891936668344
comedy,0.5117859191802341
make money,0.5117781414915803
ver,0.5115274750838398
cm,0.5109873015344043
aqui,0.5107374703457059
eyes,0.5089829144569966
compare,0.508967230139059
blank email,0.50885988920757
reliable,0.5086077382930002
forget,0.5079830453032756
human resources,0.5071087545551183
marketplace,0.5069754263358545
wholly,0.5068643908151946
yeager,0.5063600056433326
pill,0.5063213273369154
5000,0.505986713307921
generate,0.5054004227898978
internet,0.5050524668943989
guarantee,0.5049860602022915
prove,0.5048929104049416
mission,0.5043990251871088
hi email,0.5039965821849021
spend,0.5034290596913134
programs,0.501821927808726
01 02,0.5016410986907267
portal,0.5011779565008575
hairy,0.5011675901088606
cream,0.5010909501160293
password continue,0.5007313473936271
goods,0.4994812606427296
ed,0.49897934623651297
cliff,0.49887530131352337
atlantic,0.4986656128413656
bargain,0.49859521479900343
read,0.49810422630508133
wood,0.497959110713803
buck,0.49775088358513997
heart,0.4974094483629809
affordable,0.49740714494836125
paid,0.49642243312115886
soon,0.49563072161688027
wanna,0.4955972344596714
government,0.49558549650162964
abidjan,0.4951944515456898
lincoln,0.495056082377215
advertisers,0.4949957599193076
boss,0.49484943813115567
word remove,0.4946350467649075
discreet,0.49389152547776555
ad,0.4928718213136231
weapon,0.49286834157548504
masculinity,0.4927808087823752
train,0.4927130529804933
expires,0.4925332751216713
big,0.491924612764891
limited time,0.4909513331326205
identity,0.4907513086796669
hello email,0.49066964402677404
admin,0.4897503085829619
enable,0.48962424246795283
capital,0.4895978388523858
year microsoft,0.4891710434531373
preparation,0.4879736192428457
creative suite,0.4878949470766149
lis,0.4874575125988855
quotation,0.48733373881785863
wand,0.4868412968806224
jumping,0.48633594824492526
demokritos,0.48584401940216915
35,0.4858275991528075
thank time,0.4854380086526792
arose,0.4852159539560988
instructions,0.4844390812769734
dear user,0.48431757956616295
angeles,0.4836906557353097
iit,0.4836387021001774
unsolicited,0.48347589221768744
sensual,0.4832621804290664
jessica,0.48324763298417667
confidentiality,0.48307859803275865
download attached,0.48258647572920005
account update,0.4824044247859388
inexpensive,0.48200552967296717
revolutionary,0.48176747002686926
quarantine,0.48162208531312684
recieve,0.4812927635102536
effects,0.4811102474531644
youth,0.4808238408804018
requires,0.48064046227999574
notes contents,0.4805956655439025
rep1,0.48027867835941224
ihr,0.4802354578858743
care,0.4801264949481727
naval,0.48005945516005616
excluded,0.47981517392068634
vl,0.4792858123391032
transaction,0.47916982646646933
await,0.4785623388498105
owner,0.4783061765858721
easily,0.4782139249051319
acquire,0.47753667049552684
dark,0.4772083898764859
novelty,0.4767835364948943
city,0.47669762687471395
pending messages,0.4765637044684181
saving,0.47650313373340264
pecker,0.47609973501799335
nice day,0.47598176027526135
amazing,0.4757368277985476
receiving notice,0.47535122701596877
unlimited,0.47530203309560887
com,0.4750427928824473
young,0.47480473507298865
unwanted,0.47370787515349183
boa,0.47336653185186417
password expire,0.4733647759072987
florida,0.4731256960253433
best,0.4727839313483908
soldier,0.4727809464546274
cow,0.47163625397390607
email password,0.47161097147653613
target price,0.4714190650424766
arsenal,0.47072247604855516
investors,0.47052055756915623
hoodia,0.46948372027257257
mail account,0.46857903414770236
mouth,0.46824654651480274
ne,0.4673269904984577
kick,0.46709671840474115
swift,0.4669653138629981
surprise,0.46660178854481066
satisfied,0.4664624154911663
available today,0.4661359922714197
navy federal,0.4659423282624735
qualify,0.4649571172241994
manhood,0.4649012312322019
bye,0.4645124954435558
convenience,0.4642438520722949
todos,0.4638719277263657
sunny,0.4638280758057733
masculine power,0.46296959100161933
apple id,0.4629219820428268
stationery,0.4629049777938443
moon,0.4627102169544471
alabama,0.46270542214389754
nationwide,0.46264363221923777
consultations,0.46207149792636154
message received,0.4608852661626261
ri,0.46070405176112117
password email,0.46068028645385634
cure,0.4601617972865705
kerry,0.4596121681379682
rr,0.45946430541920835
kit,0.4594503886348301
worm,0.4590987506102452
wont,0.4589385718706929
antivirus,0.45878005397655675
labor,0.45821407621948707
dvd,0.4579992265907933
enormous,0.4579971225154916
life url,0.45777594046697395
cost,0.4575763914196003
funeral,0.45719943935679763
billion dollar,0.45689653530941204
update payment,0.45670270811350383
que,0.45563036233474213
occasion,0.455048872493147
reasons,0.45494326828807286
bulk mail,0.4546505800669238
santa,0.45447141667271895
guenter,0.4531255075510605
yang,0.45265197608628516
email received,0.4524439891391691
use secure,0.45218408380349934
los angeles,0.45183285911518806
visit help,0.45146433616875203
alert alerts,0.4513804598524047
alert alert,0.4513804598524047
alert custom,0.4513804598524047
risk operations,0.45132627175927537
paypal,0.4511778010318202
verified,0.45071543543170656
deactivation,0.45054311645675565
liens,0.4503641132156976
small dimension,0.45034094310213457
products,0.4502957047347515
new software,0.45014707577329977
current billing,0.44890133915359826
online banking,0.44885105732549263
came,0.4488242756785642
ideal,0.4481727804888414
gratis,0.4478018191554455
princess,0.4476788167364754
bird,0.4474013590613393
reconfirm,0.4473620785301469
solve,0.44715261282450547
exempt,0.4468348841498549
11 th,0.4468173557118087
excess,0.44650784788363773
tue 19,0.4463637305363947
rates,0.44604242591107107
help improve,0.44542230780152875
ship,0.44484152179141107
edwards,0.444390433215071
100mg,0.44391141222078234
greater,0.443853023996325
id,0.4433493606201489
ia,0.44311256776354185
fees,0.44311009141565505
security update,0.44280423957856424
cruise,0.44262878632918096
oprah,0.44212544196363346
windows xp,0.4411555958482725
settle,0.44098565419966873
15 99,0.44086328819625553
horny,0.4405737667429681
waste time,0.44028153669999187
naked,0.4402806941934881
xp,0.44004844120529124
car,0.4400351861902936
feels,0.4398050004560341
unbelievable,0.4395074973736823
vicky,0.43937592711628587
supplier,0.4378233219936691
national,0.43758953395772593
ilan,0.43750572749934136
try,0.4374380278866976
fast,0.4373801537642798
tl,0.43730788320670927
extraordinary,0.43728565014402765
plll,0.43726416223185965
und,0.43722143203118397
dating,0.43713250079789834
clique,0.4368418082219791
text format,0.43658166250946767
12 000,0.4364391227765393
chapman,0.43622108168742896
backbone,0.4360835910031723
wet,0.43557157067400626
cj,0.43528254251515125
cannon,0.43459375186028854
fully functional,0.4341044223141386
pink,0.433832994883376
pamela,0.4334632358451031
ions,0.43311792237812
biography,0.4330526124756887
change password,0.4328815337439611
virility,0.43265669684824487
lar,0.4323737120284488
tiny,0.43225088516530025
claim,0.4318724068964051
heal,0.4318095360119908
reach,0.43168787640773404
xent,0.4315117220387173
xent com,0.43151115652074246
district,0.4309443918646314
prom,0.43072626206650494
kaiser,0.43055328770693807
researches,0.43040365363435923
expire days,0.4302360613673114
seek,0.430200597837502
guests,0.4301851244783873
pay,0.4294818146837621
war,0.4293844232364375
70,0.4291883214498811
retailers,0.42918366768260446
restaurant,0.4289843435674383
pen,0.42890069790849833
b1,0.428766558710993
friend,0.42862057405401427
catalogue,0.42837608745190536
courier,0.42811660852619854
sang,0.42798564720331056
meds choose,0.4278312886668518
ae,0.4268116298994958
armed,0.4266763847142011
secure link,0.42642793850889044
mehr,0.4263160249975787
netnoteinc com,0.42630926346714865
muscle,0.4262811003586523
generated,0.4253495632860494
earth,0.42527615135157965
permanently,0.4250333833701322
symbol,0.42502730591148163
painful,0.42473065583134606
like invite,0.4244267192385008
netnoteinc,0.4242178516680049
toner,0.4240315979452209
cancel request,0.4234196616453918
fully,0.42328815175954226
speculative,0.42311606214328784
ll help,0.42267250181759547
gf,0.4213300405507446
bills,0.4212494138571901
andmanyother,0.4210694102165578
malware,0.4209298548938754
land,0.4209298174038356
memoirs,0.4205818442375251
anxiety,0.42041702527379005
miss,0.4201913147109118
kaiser memoirs,0.42013448550352184
click update,0.4198955253947989
mall,0.41982218524215154
totally,0.4197521183592197
webmaster,0.41969173429601514
news news,0.4195120771993498
household,0.4194837191947916
webcam,0.4194161413407346
enhancing,0.4192508821018101
liable,0.41889863475492967
benefit,0.4185283547331748
fri,0.418515777962088
optical,0.4184639818106766
ejaculation,0.41804939648145056
rid,0.4179005986012793
oil gas,0.4175357303778349
85,0.41660346486216615
um,0.41640127948401234
loser,0.4163504028515747
mail message,0.4162160664523081
undelivered mail,0.4160580260029352
website,0.4158464466080927
mail include,0.4157765492199417
examination,0.41573485553090983
absa,0.4152992386358195
th year,0.41520075163732384
massive,0.41494874972506973
payments,0.41455681168388014
use email,0.41442249963643163
colonial,0.41420761443470117
cock,0.41385609480985075
mighty,0.4137357863915769
concert,0.413655795452733
su,0.4134903605282473
exp,0.4132218827558028
promise,0.4127749441940962
paste browser,0.41276587241167173
ju,0.4126729470488476
aging,0.41264189566567144
rhode,0.41220482300359945
person,0.4121669725571896
pilules,0.4121450117716928
merchant,0.4120094986259858
av,0.41183949486872196
260,0.4117930087177324
ariel,0.4116805426858413
400,0.4116240959778049
eye,0.41156480871285656
bucks,0.4106775157885001
day trial,0.4103073292846553
failure respond,0.41023049524294325
stocks,0.4101819650307241
este,0.40945684828910234
boring,0.4093454286674766
miles,0.40885688602278986
orient,0.4088186375743554
incredible,0.40880469799268504
brands,0.40875444822393825
watches url,0.4085410993333386
ol,0.40839607946989254
mpeg4,0.40837063123619133
pieces,0.40831286169922404
li,0.40800489760171993
free,0.4078619200202873
madam,0.4071576587657932
malaysia,0.4068646243043622
judgments,0.4068378337684854
adults,0.4068344645793607
toys,0.4062721371172705
iptv,0.40625082958971653
queen,0.4059262272579369
night long,0.4058412533780636
penny,0.40506059562142854
url year,0.4050318680037643
high,0.40494011007741554
lottery,0.4048216707961181
babies,0.40441802106185115
methane,0.40398226483538785
unauthorized,0.40391993175427254
change life,0.4038351901212467
334,0.40376212059662286
deposits,0.4036122041691753
producing,0.40339443319430374
orgasm,0.403271709184232
conduct,0.4032119528878951
authorization,0.40317120007359725
july 20,0.40275047965410876
localized,0.40230930038716317
scan,0.4017180654522224
dislike,0.40156085456777085
stress,0.40106718064616387
hung,0.4008057131039226
success,0.4004510785609423
350,0.40035630920685317
al,0.4002189852599566
lower,0.3998551133591342
white,0.39960132188024494
masters,0.3994488185764634
az,0.3993496224167182
len,0.3991739636753771
prospects,0.3989351556230357
organ,0.39887488067172305
50 00,0.39860975490150846
miracle,0.3983117837367891
access enter,0.398247734848881
tf,0.3981436268093875
processing,0.3979635771951439
100,0.39793575253785446
eliminate,0.39770351017108324
doubts,0.39748719955494227
tour,0.39712753253560584
ste,0.39705872210819027
educate,0.3968145911600923
clarity,0.3964068267165957
qualified,0.3963689815360402
fn,0.3958010276128944
like send,0.39500988144961824
prices,0.39497531136173325
increase length,0.39476372135283944
12 09,0.3947421770072906
wade,0.3943140362812667
door,0.3939220798177703
fix issue,0.3937592288098899
tions,0.39373185654204135
work home,0.3936114374780058
visit web,0.39358646412072634
500,0.39352719931430336
exhibition,0.39352075808401205
thank best,0.39342900239479117
prospect,0.3929073184559894
thanks regards,0.3927594463836567
discounts,0.3926063907236304
haldane,0.39257660852281784
pre approved,0.39257330264999896
ace,0.39214659580502975
acting,0.39159397879373997
helpdesk,0.3914865466480098
main,0.39136438119534944
d4,0.391243786100672
subject just,0.3911098802510625
enter username,0.3910805513857359
big sale,0.39077073306715715
kg,0.3902651614067988
fresh,0.39024975873820233
cgi bin,0.3900319190815094
telephone,0.3899770098118824
unexpected,0.3898957670332825
licensed,0.3898860006003529
wild,0.38981957800797346
infection,0.3897920027940051
surgery,0.3897820637156092
vpxl,0.389492350204911
rights reserved,0.38923650044164587
cam,0.38884620177854573
buying,0.38876486968101054
statement,0.38860664338464246
blank,0.3884238541393951
exchanging,0.3876631364000267
fastest,0.3876230363507801
shy,0.3874288630664539
movie,0.3873380270960996
rectify,0.3871894248077081
99,0.3865463598318564
pharm,0.38647553361023407
wheel,0.3863174723201116
ur,0.3860079035400602
services provider,0.3858738047286489
squad,0.3854234716815978
expires today,0.3851191876998176
nv,0.38509373247875667
grandson,0.3850204319248527
diabetic,0.38492285050542574
mailings,0.384771220250605
relationships,0.38415041627716034
issue resolved,0.383791038870838
team year,0.3837172925272512
pe,0.3836811158163753
compliance,0.38355383581025276
pitt,0.38338123276337793
corporations,0.38336288462624685
provided,0.383329362614211
mild,0.383288230143715
acy,0.3831824285231205
email service,0.3824920648218773
matters,0.3824500261686317
simple,0.3823972966207064
carefully,0.38234704105305195
generic,0.38226956053205313
samples,0.3821062341911581
beg,0.38203312828374003
hate,0.38191518632884924
making,0.3817831999001791
express,0.3817545135337498
ck,0.3815896261029588
substance,0.3814298428437481
solution,0.38141700456418015
msg,0.38122311317638613
pk,0.381174454326708
online pharmacy,0.3811181386016111
teens,0.381060442713427
mega,0.380868490157045
dot com,0.38086831589549885
money guarantee,0.3808415164030455
appointment,0.38082391161441065
techniques,0.3807354698844496
poignant,0.38019990819768046
unsecured debt,0.37985610222615396
approved,0.3797248181621999
loud,0.3796583906970684
shlpplng,0.37951273413456355
receive mails,0.37941093099074524
announced,0.37920963429487736
serial,0.379082056307802
lovermind,0.3789678634502488
20 21,0.37795448877246923
introduce,0.37790157350155856
shipping cost,0.37778136191257633
annex,0.37763727507621886
sincerely,0.37757888271413276
395,0.3772688859471582
accessed,0.37718856762178093
goto,0.37694952482585203
lifetime,0.37693700102162647
urgently,0.37684634994565286
lolita,0.37677143202241425
71,0.37676335034335934
winner,0.3766865987639683
companion,0.3765670310022814
exchange,0.3765319175921966
business opportunity,0.37648634081953647
help center,0.376430105593218
admiration,0.37631093453349956
850,0.3761955747210355
attainable,0.3761495478668771
cd,0.37594777977492894
416,0.3758850032511769
best software,0.37552140362363506
cameras,0.3755088772328519
wait,0.37546630906097983
saw,0.37539102385635725
link update,0.37532141351047293
private,0.37491489763605235
expand,0.37484654090960157
produce,0.3745836927419681
ambien,0.3745585759303632
ate,0.3743826661268207
por,0.3743457652235296
0200,0.37425072287134425
75,0.37423160804084654
dollar,0.3741993334184378
member,0.37408395884469714
delete,0.3740710070126709
involves,0.37366112818897207
explode,0.3736575148708701
smile,0.37344887185577813
reflection,0.37334804507403335
wil,0.373156582391072
wished,0.3729075559481244
th stock,0.3726139269180546
increasing,0.37241455988948485
fly,0.3721919563696298
xanax,0.3721898018457613
latest research,0.3717024133188207
cut,0.3716239278623788
representative,0.3715767662844649
million,0.3714621443926236
desires,0.3713989017335952
mailing address,0.3710963052857889
0600,0.3709726357956286
wiil,0.37073904295230975
app,0.37049721690402065
sum,0.37041394201112293
antidote,0.3703814520586446
latest version,0.3703810422946101
commercials,0.37003949162647837
instant download,0.36983123005163193
mail request,0.3697627263836221
pink sheets,0.3696662354368665
trust,0.36964983694956355
rapid,0.3695899612865365
hotmail com,0.36915811266347803
dormant,0.3690633223551996
ghana,0.3689503475787775
financial,0.3688373855497462
stronger,0.36874735712901413
cli,0.3686355111122769
opera,0.3685216730097309
navy,0.3684306040089021
penetration,0.3684030767582225
stub,0.3683926798589226
hl,0.36738140287335014
expensive,0.36727628100479326
intact,0.36714451250393837
ping,0.3670835806414161
com like,0.36694057312014194
options url,0.36689343134983865
account security,0.3668693813556
style url,0.3667560502344493
account email,0.3666769983627788
order,0.36660978577499165
tina,0.36650638064110636
kb,0.36607464022069525
watch video,0.36597369263823487
continued,0.36587422384987284
enemies,0.3653565179832715
owners,0.36522569273879
year email,0.36506713579247674
invite,0.3649659837327334
ky,0.36492802267713137
assured,0.36477048756234515
visit,0.3647200876890577
ob,0.3647138173269326
fax numbers,0.3644075441451297
fa,0.36425029294074024
general public,0.36404773755378733
advice,0.36396601049430183
christ,0.36373651768001564
weil,0.3637024696279163
really works,0.36329247770034867
upgrade mail,0.3632323664379629
review account,0.36306325588257576
need verify,0.3625864125410645
negotiable,0.3624318039006386
brain,0.36233221912842334
sexy songs,0.3623088106995895
rcpt,0.36216958049803477
agra,0.3621466079961693
numerous,0.36204782941857533
agriculture,0.36179155678099106
ads,0.3616621201866954
got email,0.36156303504440906
toy,0.36130593218852675
databases,0.361056234717894
accounts,0.3609057744253591
feet,0.360845010351233
interruption,0.3605916668636088
resent,0.36054783315473504
brand,0.36038268359279974
choice,0.3603510047211714
cathedral,0.3602850524857047
satisfy,0.36024904393808216
text html,0.35980296390312894
half,0.359799529097317
deposit,0.3597182183482392
going help,0.35948513718806757
mandatory,0.3592146721796869
php id,0.3592105469958454
like don,0.35895659892830833
hrs,0.35889111111030686
delight,0.3583610497088448
highly recommend,0.3581930094229978
excite,0.3580994752186741
julio,0.3580267780246231
necessary,0.35756476850857993
home business,0.35750557390513665
year dear,0.35744584642632304
luxurious,0.3573207370068626
optout,0.35710515663087194
blend,0.35700295764955525
eng,0.356966431326465
15 11,0.35683144825925406
reward,0.35680764301811396
legally,0.35655703144635387
sales marketing,0.35636448427377476
profitable,0.35634354074636154
reserved,0.356266648444271
requesting,0.3562500122327814
lot time,0.3561057175710318
kidding,0.3559271666582719
erwin,0.35589768907954805
physicians,0.355809045172727
arrived,0.3556204272853127
dog,0.3555817286488898
announces,0.35555571763731103
weight loss,0.3552681157205029
intrusion,0.3551843199188182
relations,0.35484014148596826
jp,0.3548169362124975
assistance help,0.35471871125164145
whats,0.35464832301909277
fg,0.35440299466967895
supplement,0.3541014054308564
compute,0.35390554250036843
update new,0.35388228448241293
professional customer,0.3535730825389549
verify account,0.3534812763850408
req,0.3531508580119194
ex,0.35310457660146843
available instant,0.35292897983720223
elegant,0.3529173992599068
visit website,0.35290201638269464
technologies,0.3528193635099131
working days,0.35275082649119316
verify email,0.35262180015377453
govern,0.352612319198111
providers,0.3523543380071804
user friendly,0.3521700115120023
arms,0.3521698174444227
chase,0.3520385530952457
tabs,0.352035638350621
erectile,0.35167927112478004
loans,0.3516593484836597
web design,0.3513851352425077
advertising,0.3509248633700911
mail server,0.3506249646617795
addressed,0.35051344256071065
email lists,0.3503856702307792
step,0.35025907579152943
ll start,0.35012574041822037
grew,0.35010608221545364
operating systems,0.35004121657834175
jolie,0.3498731864683084
quality software,0.3497912674451241
melody,0.34956072641144853
plague,0.349547124759594
telephone number,0.3495071302501018
bulletin board,0.34948460277048843
nuclear,0.349409198373824
loading,0.34928910455000395
incredibly low,0.34901385359916914
sender delete,0.348918914392785
like stop,0.34884691917565785
link http,0.34865390767913684
enemy,0.3485708780407124
lbs,0.3484712011156804
driving,0.3482629971974161
limited,0.34818994426728783
quota,0.34793733425384354
greatest,0.3478011383168237
customerservice,0.3474472694928628
number mail,0.3472103547527402
estatement,0.34703552320288156
felix,0.34685891864833907
number 20,0.3467173193227886
mail box,0.34664720721631825
reply message,0.3466461294048635
ls,0.3466103686849671
ft,0.34653906661279577
engine,0.34651536284336476
shanghai,0.34633280808336514
dreaming,0.3463055050715164
dispensate,0.34611456944926683
arm,0.3458872412481793
deeper,0.3458546081172871
approve,0.3457965872087568
purpose,0.3457571995312547
premiere,0.3457307718011858
1800,0.34557819431896725
sta,0.3455750140734281
laden,0.34525881490921717
rex,0.34525581349146794
cancel,0.3452277873636941
resolve,0.3451021760725361
furious,0.34472699730681056
canadian,0.34467478338298463
reductions,0.3444782206812516
apart,0.3442900237857709
refuse,0.34410659874663196
dortmund,0.3440998567453268
oem,0.3439584390953177
point view,0.343509867440353
cartridge,0.34343644910478077
final warning,0.3434251813766567
sav,0.34335336691197993
save save,0.3429033892583784
started,0.3428994976562648
04 00,0.342741285998914
wb,0.34269317874686694
warrant,0.34259746534081764
diversified,0.3425744133183458
reply email,0.34245772041715483
jennifer,0.34194228033017465
complete form,0.34184121975014614
349,0.341840858230995
vacant,0.3418143812955088
pre,0.34152536964204494
rise,0.34149983771507864
paperwork,0.3413042934038201
gonna,0.34120991993660366
charity,0.3409595178426599
email sent,0.34083129680785085
remove list,0.34064924001968805
online security,0.3401152365186562
years experience,0.3399689136239465
site details,0.3391302118283291
sphinx,0.3390568600977191
took place,0.3390212639338525
easiest,0.33901494093150353
bl,0.33900603145072644
sees,0.3386310630813537
customer care,0.3385345748817988
joining,0.3385189314238701
wl,0.33846916918334496
fortunate,0.33778472814784777
wall street,0.33744072724853996
think health,0.33743055088847557
simply,0.33739437303331365
africa,0.33699075311921783
mastercard,0.3369808482122444
academy,0.3369636194106776
systemworks,0.3369448095562577
nbsp,0.3367953659106523
investing,0.336682059772389
gallery,0.33665275610402307
contact information,0.33634648529594885
email server,0.3362283954601911
securities,0.3361939368985413
stores,0.3361103327444661
thinkgeek,0.33566291212932375
addresses permanent,0.33560910247121534
kindly click,0.33543732547986116
news url,0.3353449385106542
gina,0.335180674997618
impressions,0.33509868352093836
larger,0.33503461737796303
web number,0.33492406735605357
oniy,0.334865703710551
cds,0.33480667878862236
00 price,0.3345332660349523
cash,0.33450171435570053
connie,0.3344572941500869
fund,0.333698688000118
recipient notified,0.3335338880085624
promotional,0.33315854332517275
absa online,0.3330452464478452
rusty,0.33301854502518613
collection,0.3329084418404501
ihre,0.33288919374175413
mutual,0.33274384957587255
dissatisfied,0.33249920236284647
price 25,0.33243433310061704
pw,0.33240736428070367
tennis,0.33230748461605736
personal life,0.3320984751016918
await response,0.3320799855335444
perfection,0.3320274239570283
prompt,0.33190323586860526
dare,0.33177175306472195
dhl express,0.33170383242795304
prohibited,0.3315398790722503
unsecured,0.33142551933596714
verification code,0.33140920974578897
qualities,0.33137281265209667
benefits,0.33132817313649393
abraham,0.3312006365605893
states,0.3311913724925979
presently,0.33118107074324343
888,0.33102299574676636
jan year,0.33101145950152944
delite email,0.33076323954167114
delite,0.33076323954167114
self,0.3306944637338594
fax number,0.33055260398243336
glad,0.3304166208102383
home equity,0.3303985160060503
sleeping,0.33027819504168077
famous,0.3301814162546333
continuation,0.33012591256489754
bad condition,0.3300485245763239
wu,0.32991114445680514
benefactor,0.3295243675234396
till,0.3294146737792431
phone,0.3291993571477582
tsunami,0.32917351834545977
lighting,0.32916226417734334
good,0.3289968571343636
protect account,0.3286695628221029
good evening,0.32864959280697853
russo,0.3283632550598445
checking savings,0.3281927620265042
debbie,0.32818872663360427
year available,0.3278160353181604
workbook,0.3273805706529811
st,0.3273079529435597
bomb,0.3271182074636719
sir madam,0.3270252402105525
returned sender,0.32672272800815755
following addresses,0.32670852569545455
ger,0.326521080930959
exploration,0.32646463816792576
substantial,0.32630955414091406
provide routing,0.3262939465899672
fold,0.32625647288551607
race,0.3260534878188898
ave,0.3260521334226489
policy copyright,0.32602112449281123
rock hard,0.32577953297585144
mountain,0.3255145702788077
anderson,0.32540676584259826
lies,0.32520275128428483
lucky,0.3251552079085504
dis,0.32500160434234227
cooperate,0.3247314265650917
instructor,0.32469706993981406
sent compliance,0.3244287453844465
risk free,0.32435645261246604
personal,0.32423765461555176
furnish,0.3242334883868298
fl number,0.32406039924100566
mi,0.32398202282447963
look,0.32379266677799956
tore,0.3236640933314477
soldiery,0.3236139647970503
successful,0.3235797115427115
lord,0.3233583510633269
uncertainties,0.3232314338863561
tool,0.3231282340167192
mario,0.32298524339722406
low cost,0.3227934991140313
remedies,0.3223740951489135
hard,0.3223523022092532
rom,0.3220785557182063
email using,0.3216187436904104
deal available,0.3215737460222309
emblematic,0.32154530395710074
don like,0.32151385540132665
le,0.32119345739145266
alvin,0.32113146106965235
message url,0.3209064435830926
southern california,0.32088852703327436
crafted,0.3204700010205394
deceased,0.32045488465794353
suppliers,0.3203960719271363
90,0.3202320877784682
dec,0.3200140880355139
aschsoft,0.31999287585283503
bonanza,0.31987061209837936
boyfriend,0.3197940532328628
pi,0.3192918671862318
explosive,0.31913831438582657
write,0.3187042606715943
blacklisted,0.3186962138467067
faithfully,0.31845543060639675
bulgaria,0.31838723942726677
ao,0.3183778279447039
protect,0.31833951703377295
teach,0.3182834210284951
shipped,0.3182428579181143
rem,0.3179725867374797
support desk,0.3179518931823707
cost effective,0.31789284506476884
ber,0.3177339031588341
half price,0.31757503769898326
pound,0.31744647786573615
sj,0.31732144585155236
cheapest,0.31723516688193637
3d 3d,0.3169933199943427
impotence,0.31696219857171276
number 06,0.31694975815519505
adobe creative,0.3165677028097781
savings account,0.31643756205032875
yrs old,0.31639651702582555
undeliverable,0.3161732659789424
cl,0.316048672624991
regain,0.31572394670557014
deposited,0.31558158166778405
regret,0.3153892450117764
loved,0.3151153342610982
attraction,0.31490011948400054
united,0.31459456516587664
cote,0.31443067869438124
currencies,0.3143295279033358
cattle,0.3141084770916728
micro,0.3141075013953461
04 17,0.3140252912658736
home based,0.313976958089525
canada america,0.3139288532130017
green card,0.31391462306750395
company company,0.31387385581569566
ears,0.3137694496596931
error,0.3137079736732522
stressed,0.31368287762212776
city state,0.3135853992079305
left message,0.3135576448550599
athens,0.3135214027458713
validate mail,0.31351769480172614
size url,0.3132144915992407
shaft,0.31318359275904956
low prices,0.31306169434386577
accompany,0.31305028967986936
deactivated,0.3129247642848892
logan,0.31291128483109515
attached file,0.31266921535712533
stylish,0.31261100422917104
17 11,0.31257865768617266
ref,0.3125436357755827
reset,0.3124486447383692
address city,0.3121654509987291
quicken,0.31213965585335
overwhelmed,0.3120670468212222
term target,0.3119899014285233
number process,0.311981731750291
subject line,0.3118768375943452
15 days,0.3117188355617622
2fa,0.31127066493035416
ride,0.31118684896592874
rat,0.31099493711764403
voicemail,0.3107043506455158
future mailings,0.3106773706294233
balanced,0.31067258657585717
michigan,0.31064752547297275
pu,0.3106363517800204
compromised,0.3105085115513145
advertisement,0.31032890816792347
section 301,0.3101933885677869
congratulations winner,0.31011471008719205
cartier,0.31004960184664454
approval process,0.30993964256541345
communication error,0.30973220308866906
er,0.3096427379857762
professionally,0.309314193472093
bachelors,0.3092306985778465
mp,0.3091474079926438
incentive,0.3088377563523465
account temporarily,0.3087404413019459
legal notice,0.30868646007942097
year 07,0.3085483844193943
bundestag,0.30850290805957514
paypal account,0.3084886566747574
affiliated,0.30848592658980556
2400,0.3083419941384834
newly,0.30832734034596326
investigations,0.3082964774990199
waste,0.3082955921594701
batch,0.30822725172638654
iraq,0.30779418996637825
fri year,0.30770603102820754
absolutely free,0.3076819419331654
lillian,0.3075703815664752
alter,0.30752712446501906
business proposal,0.3074377229024658
soma,0.30732202915917123
couple days,0.30727963536648084
conducting,0.3070554891308607
ji,0.3070094345308786
attracted,0.30700666838107554
goal,0.30694460813925883
facilitation,0.30655633811010885
252,0.3065411664298001
xxx,0.30628802837745167
rod,0.3062741999352456
population,0.30618140812579
millionaire,0.3061494630231149
mr,0.3060860160009583
agent,0.30596980421488273
verge,0.3056049078879426
excited,0.3055432738832449
valium,0.30552183292595547
village,0.3054799655919342
divert,0.3052266966234473
discreetly,0.3051613216581131
n_credential,0.30495179626211444
account today,0.30452448943160065
link fix,0.30442527222065396
malware infection,0.30442527222065396
infection workstation,0.30442527222065396
department detected,0.30442527222065396
detected malware,0.30442527222065396
scan install,0.30442527222065396
workstation run,0.30442527222065396
stupid,0.30432401089215
run antivirus,0.3043229234434065
install security,0.30431878963517983
provided link,0.30431743620599555
security patch,0.3042223663770838
antivirus scan,0.30422126365914615
brooke,0.3040878567940193
lawrence,0.30408241343849424
patch provided,0.3038145905909619
statements historical,0.30377140303479866
password restore,0.30374477354374346
change way,0.30369648607344263
specialize,0.3036065004022192
270,0.30357255557403146
senegal,0.30343422142956195
blow,0.30342131157058433
salary,0.3033883158221059
family,0.3033649354963606
hear,0.3033125237019375
church,0.30329969037100396
linda,0.3032830559520411
consumers,0.3031484952745251
paris hilton,0.30311699378841755
featured,0.3030748188267292
initiate,0.3029498535460343
softwares,0.3029346165535334
email write,0.30275611801512037
serve better,0.3027402740655898
graphic,0.30268822891465164
nbsp nbsp,0.3026880126466094
dakota,0.30264944323452886
sudden,0.30247820770292944
berlin,0.3023317894555434
equipped,0.3022926278177767
acknowledged,0.3021267830748755
email user,0.30202894681674225
don let,0.30186217665563847
comprehensive,0.3015889029138026
paint,0.3014930735005802
address es,0.301491366524218
weapons,0.3014270425279203
spam email,0.3011565082958926
ng,0.30103154565224866
debit,0.30069792871005796
leads,0.30065885005305176
follow link,0.3006177355517031
cornfield,0.30057792163127917
finding,0.29994726624952317
tiger,0.2999119674299138
united nations,0.2997864246479639
zo,0.29975914787560487
obliged,0.2997131168420064
breakthrough,0.2996062845717385
immediate,0.29946831938075935
ws,0.29940863837644516
magic,0.2990435306166489
credit provider,0.29897190261308726
lassie,0.2989437190787555
vacancies,0.2988106073319448
produced,0.29877162333049806
server error,0.2985054167831574
synergy,0.29826364737927746
cb,0.2981156604758106
broad,0.29774553057751135
realm,0.29772858393082213
life glad,0.2976711108410837
forma,0.2974971437867038
gao,0.2973228387096879
compliant,0.29730666894573043
audiopostcardmail com,0.29726988815944827
audiopostcardmail,0.29726988815944827
web mail,0.29718511192030844
courage,0.2971306215116362
shutdown,0.29700296720784697
invalid,0.2969263590104361
wednesday june,0.2969059367001588
lead,0.2964157640383627
embarrassment,0.2963925844960859
potentia,0.2963064938277197
plane,0.29630625363851476
wall,0.29629398786357086
599,0.2961251163290316
discovered,0.2959797940378187
boat,0.29595619345664737
ignorant,0.295811548702693
770,0.29558117757842134
steeplebush,0.2955620283354639
prevention,0.29552740951217715
exceptional,0.29532987185397513
quit,0.29516531415158387
amend,0.29506504104377335
emerald,0.29479791746609385
href,0.29468612315401693
diverse,0.29460398954250117
oi,0.29454149022259346
dear member,0.2945031875182004
lew,0.29449048130411365
rub,0.2944826965582161
start new,0.2943027656336075
equilibrium,0.29425227578897223
erectile dysfunction,0.2942420496644155
buy,0.29414117218145136
sin,0.2941389852779079
dit,0.29397264480118523
fashion,0.29386180473648926
enthusiasm,0.29369391374210935
wells,0.2936487927627292
convention,0.2935937070839828
largest,0.293281497429695
massage,0.2931443644944273
4th,0.2930767741196487
jane,0.29300319880503256
520,0.29280805451179776
new page,0.29276026368404784
pri,0.2926550883883
sorrow,0.2920852293962354
100 000,0.29170034629773484
dickinson,0.2916649285803935
titles,0.2916192180722234
hostile,0.2915747375637902
creator,0.29148525132693187
personal email,0.29128493319597704
234,0.2910155508005366
atomic,0.2909820142723161
christina,0.2909691213015386
699,0.29087466035540166
lp,0.2907513043794876
profound,0.2907208990156713
00,0.2905297148198323
life really,0.29017004399305396
regards mr,0.2901391680500312
access code,0.29000077534796587
com unsubscribe,0.28997916290899217
prussian,0.2899192272292004
priced,0.2898766109149111
reasonable,0.2898489427827282
kernel majordomo,0.28968758660824684
majordomo info,0.28968758660824684
ask question,0.28964868259450327
depuis,0.28957942422211114
softtabs,0.2895538989262224
relax,0.2893370421138226
account closed,0.2893335592978413
expire today,0.2891758483460016
diego,0.28906359090792133
diffusion,0.2889666690583259
oh,0.2888761458106772
lung,0.28886713408502457
companys,0.28882205888037144
aggressive,0.28878362664915164
erection,0.28867593878528275
want,0.2886222863715258
interactive,0.2884171683131398
don mind,0.288400388541851
bodies,0.2881656904717121
virus database,0.28814900150014605
proof,0.2881469307893671
hello welcome,0.288003475627311
update password,0.28794417606124084
carry,0.2879088343976709
333,0.2878934026884461
need help,0.28785779037836867
prices url,0.28771336919313256
ail,0.2877034193164491
seconds,0.28750379336789333
perform,0.28748072410726094
en la,0.2874192730314335
hungry,0.2872146860973573
time job,0.28719562869941984
streams,0.28706730624191534
constitute,0.2869135545914359
remitted,0.28670078232679536
yh,0.28660234640441684
practically,0.28654192804740025
sleep,0.2863874944417419
earned,0.2863552663224875
com best,0.2863158389227096
wednesday january,0.2862525689480013
parents,0.28608165666678465
increased,0.2860693930874452
obscure,0.2860006051464001
ering,0.28592821544455016
great thing,0.2858294301292014
ti,0.28581556029566585
unable process,0.28581105735510565
length girth,0.2857783452569091
suspension,0.28577577306274937
death,0.2857265906034532
blocks,0.2854802259872792
doctorate,0.28523136238374863
delayed,0.2851860431100975
listing,0.2851713521326223
denny,0.2850255104468234
bait excelled,0.28495919249238066
spots,0.28489020361120626
486,0.28475201321226223
vary,0.2846620345575689
inherit,0.28449544888746775
aviv,0.2844269412294862
38,0.2843841119996705
important notice,0.2843433808066367
excelled em,0.2843300479115554
da,0.2843126015308381
head,0.28414475637401737
geographic,0.284118000273557
days ago,0.28409793661960103
trial,0.28398507649324445
oath,0.28388261840802426
defend,0.2838072500353713
200 000,0.2836203096344171
fort,0.28352718747766104
following instructions,0.28347906240638926
business relationship,0.28347771992691156
destiny,0.2833840073581612
having trouble,0.2833653016803683
133,0.2833624414480031
stockade,0.2832205332026592
pt,0.28313969510154385
font,0.28312077655286166
excelled,0.28310210404758235
complimentary,0.28303009704175036
apple,0.28289280126350874
standard bank,0.2826054569248797
jenny,0.28253024345753064
christian,0.2824295934826277
needle,0.2824072978567789
year 06,0.28237253660002876
service help,0.28233329600762513
sister,0.28219411940900485
fr,0.2820800231434521
stud,0.28204915185333007
upgrade mailbox,0.282041803334095
oniine,0.2818537724088139
holes,0.2817173153965777
caller,0.2816977119299094
concluded,0.28151771031976036
contact directly,0.2814999946823782
ya,0.28145175626938906
houses,0.2812800758565117
tout,0.2810829926962576
0400,0.28105812660748897
dental,0.2809869282661134
ill,0.2808442619844997
worker,0.2808037974529693
ab,0.28078616465634554
d9,0.280780675654461
controversial,0.2807517009386664
sexually,0.28057663934818894
10 pills,0.28056942474630264
prison,0.28049079318585063
hurry,0.28048841590336887
ladies,0.2804878911131474
ik,0.2804408970961739
majesty,0.2804199200026806
professionals,0.2803191855629092
honesty,0.28021630628125804
bangkok,0.2801521656080865
does work,0.2801420476766883
sharepoint,0.2798511279952232
30 minutes,0.2798463498732839
jpmorgan,0.2798109075067366
dong,0.27969724058518863
charset iso,0.27963686087548667
useless,0.279635327903908
pre register,0.27953548137923034
photo,0.27953140442957597
com mailto,0.27937494746928787
1978,0.2791699017646618
hi congratulations,0.2790057423505752
gesture,0.27899198210720333
island,0.2789123099173708
strong buy,0.2788323678756857
excerpt,0.27865505770478705
ain,0.27862761541394593
update information,0.27851360028339395
285,0.27850544605412897
kind attention,0.27829377821777784
determined,0.2778326837731284
mandated,0.27775864937962286
gotta,0.2777192550898434
vincent,0.27769847579636503
spiritual,0.27756606074122797
wir,0.2775595697975532
weekly news,0.27751857690572734
500 000,0.277429304436618
compromise,0.2773611681479876
certification,0.2772179991137623
http com,0.2771881877804491
attached document,0.27713151272984937
instruction,0.2770974400136609
percent,0.27708458564093563
ye,0.27706352200218554
health beauty,0.2770505890686401
information email,0.276814242164732
font family,0.2766864161583409
ba,0.2765795330222358
freak,0.27641894405551093
account used,0.27634324643373936
king,0.2763339829668161
byrd,0.2762408477033223
einstein,0.276190127247662
spamassassin sightings,0.27603593928935355
sightings mailing,0.27603593928935355
recovery key,0.2757621459273281
arguing,0.27570622559026947
render,0.27529732063663725
lr,0.27518232994912767
chastity,0.2751720300239218
locate,0.275171103946076
results url,0.2750903800770174
com br,0.27500965152239076
bored,0.27483139322011707
suspected,0.27471631724367856
tsar,0.2746434366406719
prlces,0.2746117105141061
maggie,0.27454171935858174
inquiry,0.27450748518052687
file email,0.2744905280018652
jc,0.27443762903816205
781,0.27430509998904345
commander,0.2741996981581564
september 11,0.2741229313008372
authority,0.27408927279807344
cease,0.274024180787423
dearest,0.2740154805835053
number message,0.2738692899413505
integrity,0.27381967314836925
laboratory,0.2737491390490305
pressed,0.2735695638630296
extreme,0.2735565557513951
loose,0.273432590479804
engage,0.2734219223067302
nat,0.27337071833305154
publish,0.27326240305990535
27 th,0.27325665030650953
rate,0.2732359410585513
accord,0.27311574160045216
xa,0.27306369180297274
historical fact,0.2730338050933309
spacecraft,0.27301499033468973
spin,0.2729405295762164
representatives,0.2729171927646331
passengers,0.27287750579961917
residual,0.27282547319651484
feelings,0.2727740433868643
reservoir,0.2727706171129399
received error,0.27265922710216284
bb,0.2725930600799749
signature,0.27253850553893477
leading,0.27247089546211295
shaped,0.27244726502099403
straight,0.2723157585345101
foreign,0.2723111149245697
bulletin,0.2721431447221154
retrieve,0.2721170421945005
coastal,0.27207337207911647
33,0.27206162335651574
domain names,0.27200975967171465
girth,0.27192822208795875
paying,0.27155232444839217
trials,0.2715426605589552
danger,0.2713938989372719
list price,0.27136259206405483
fastest growing,0.2712779634532498
refinancing,0.2712374373963708
corel,0.27120560438580027
strengthen,0.27103831364597464
prestigious,0.2709679162572734
appliance,0.27095265697721294
ord ering,0.2709466587168235
finest,0.2707901898001789
cured,0.2707890565049419
imagination,0.2705243666032844
jun year,0.27041194707562255
tibet,0.2704096555123542
marry,0.270157783111068
heaven,0.26997510524812435
stations,0.26996886048312446
buenos,0.2699347652540157
eligible,0.2696057054739856
onl,0.2693783065505063
goldenseal,0.2693112622997881
yen,0.2691891908565598
vger,0.2689514764847913
vger kernel,0.2689514764847913
year old,0.26877663506161686
business make,0.26872169635507914
consolidate,0.26867032729116136
301,0.2686536089041616
warning,0.2685123438083675
ivory,0.26844773096119645
ez,0.2683917519141658
investment projects,0.2683802211544325
registered credit,0.2683674534669801
17 00,0.2682931285128875
consultants,0.2682601765239091
laser,0.2682390538478232
107,0.26794678165646846
property respective,0.2679184099808791
plaza,0.26777320551436423
yale,0.2675135155998927
positioned,0.2673601728677801
365,0.2672910802296224
elimination,0.26727455128036454
prescribed,0.26724265663094643
enter,0.26711217594524667
color,0.26710890078642147
contact address,0.26710534609837866
surely,0.2671032741257956
attached email,0.26679441292507966
xg,0.26665013503534596
delivered,0.26663560216068455
small,0.2663573784184865
iv,0.26614758789107873
cs3,0.26610439593939356
appeal,0.26605945312382817
323,0.2657082668384898
000 000,0.2654303907325872
704,0.265424628817441
wit,0.26526229910642973
80,0.26522831941517716
advantages,0.2651129478123166
mail quota,0.26510439296708144
projections,0.2650338888563835
incoming mails,0.2650052538394851
color number,0.2649731250519854
010 number,0.26495717452920825
warehouse,0.264739723535392
contact soon,0.2646901206063434
cowards,0.2646608391752296
revenues,0.26464257413465875
accept,0.2644871275721215
demon,0.2643887119651477
join,0.2642521353519435
future events,0.26416503593297835
cheery,0.26415769956355506
liv,0.26415188954048846
announced today,0.2641284891161034
mont,0.2639753940749134
text,0.2638781247407757
restore,0.2638211162389789
tp,0.2637353152571989
ty,0.2637056187999665
debts,0.2635568186624267
shares outstanding,0.2635494707229018
engaging,0.2634673446621683
boy,0.2634600326055655
account thanks,0.26340154458688897
revoked,0.26328782411126517
busy,0.2632427054573106
chat email,0.26323554741217214
high quality,0.26307592019473897
absolutely,0.2630114846774282
consultation,0.26297977948280665
cheaper,0.26291354765931124
lengthen,0.2627060917021384
tape,0.26269591539003956
unprecedented,0.2626207197041147
df,0.26251847452409643
occasions,0.26238101899996835
assembled,0.26228197584351515
health personal,0.26222876044107113
cs,0.26217797648996516
received communication,0.2621748218142411
true,0.26211973094089164
reply remove,0.2620227236292751
husband,0.26201170014943403
alcohol,0.2618346454910384
south africa,0.26176385152709636
improve,0.26168098467081796
separated,0.26156118718430743
221,0.2615450187834092
sign,0.2615206815593428
read message,0.2614665349925686
1618 title,0.26139048316865665
order pen,0.2613261037574546
ment does,0.2613261037574546
nis en,0.2613261037574546
furthermore,0.26132023124942305
buffalo,0.26120315559619456
homeowner,0.2611893374021799
epson,0.26118393270143897
cialls,0.26087298829182987
cyanamid,0.26080870327295075
pays,0.2608045880309062
hearing best,0.2607061488396823
search engine,0.26068070904997176
farewell,0.2606697346519127
took,0.2606608011533198
266,0.2606484806733034
contact phone,0.26063089379851656
number united,0.2605869119815432
agricultural,0.26050030100750604
year 58,0.2603598823449368
caught,0.26027080837271677
proposition,0.2602138947481996
awhile,0.26020898972465745
violation,0.26020364976705024
inconvenience,0.2601345573766481
enquiry,0.2600296197222521
tired,0.25995309554879903
fo,0.2597490826955806
new computer,0.2595718577426709
n_money,0.25947183964041537
highest,0.2592228151934101
tele,0.2591647809109188
unsuccessful,0.25911148186028266
drew,0.2590671685640727
eve,0.2590320426578459
rail,0.2590088829793755
soul,0.2587978546202241
waterfall,0.25877791549308427
things happen,0.2587658329477433
check site,0.25864331984099853
orgasms,0.258558824243823
price,0.2585372359013244
anytime,0.2584672851992998
tool url,0.25840292206645415
oklahoma,0.2583126794699784
wish,0.2582248266047288
10 oct,0.258156200922903
es,0.2580844794458584
newspaper,0.2580438259269942
december year,0.25783836682186473
farm,0.2578077031472327
content transfer,0.2577915410912198
just visit,0.2577280450810627
gates,0.25751784025274116
snake,0.25749471588473544
ass,0.25735817884594586
fleet,0.25726246540174175
god bless,0.25720084682096467
sick,0.25717022146529434
zenith,0.2569482780010617
glossary,0.25690270890517064
tell,0.25688492217123243
banner,0.2568835932275118
happier,0.2568456956547822
designers,0.2567782489490932
fix,0.2567502394734384
activation,0.2567285995765123
utc,0.25651749791765643
37,0.25644889856015707
transfer encoding,0.2561852553709823
site sa,0.25598861046344856
removemeplease,0.25598861046344856
prlce,0.2559646365071847
freedom,0.25592479394035816
burst,0.25588754033138883
owing,0.25569215912309173
months,0.2556565310506379
manager,0.2555228395880144
love wand,0.2554423408292273
esta,0.25533845859412363
account thank,0.25533515212561364
pil,0.25528725671556074
tunnel,0.2552777466078858
air,0.25523707754299557
sit site,0.2552082415187567
receive mailings,0.25499118674118343
lt,0.254967127571305
ignore,0.25485390135017305
guides,0.2548200122687183
appearance,0.25481755769264
son,0.25475527685903004
gifts url,0.2546804674596853
229,0.25467898940205325
year 08,0.2544083388741439
aiso,0.2543934360353388
money order,0.25432150545645704
clic,0.254315128512584
videos,0.2542994528684206
email files,0.2542934716304445
won,0.25422043304607783
using friend,0.25421466737972503
prestige,0.25419620176034924
fabulous,0.25419121197813616
control center,0.2540072071069817
know better,0.2538391444993241
bang,0.2538192647076458
01 05,0.253796303346005
2500,0.2537457416508244
friend email,0.2536621326969261
info html,0.253572472700868
replica watches,0.25354646814337145
acquaintance,0.2534294619468919
ve big,0.2533653300710744
favourite,0.2533236485996744
vi sit,0.25297945032834923
hrm,0.25297559365537153
unclaimed,0.2529507588899234
ip address,0.2527722332006081
private email,0.2527568095223911
taste,0.2527499635177187
face,0.2526742768615491
web hosting,0.25255215495554645
christians,0.2523695849602834
complete process,0.2522346890115322
queued,0.2522227522585438
stop,0.2521722504113983
encoding bit,0.25212172751055556
usa canada,0.25208411996959434
boys,0.25197042991059826
right time,0.2518958628368288
report says,0.2518021703506866
ll need,0.2517656325991248
incoming emails,0.25170532817569
package,0.25162703466965186
enlarge penis,0.25162226922945724
onl ine,0.2515804558403583
fraction,0.2515407224127499
relatives,0.2514729995724232
variety,0.25141812214672604
chan,0.2512520945807359
champion,0.2511209965232716
sneak,0.25110107227016454
major,0.25102586558602397
antwerp,0.2509746005067385
neighbour,0.25082957302093684
usted,0.250807401993707
audition,0.25060513696173126
ran,0.2505494508047107
received,0.25051985889137934
business trip,0.2504873019625681
tenure,0.2504658415767129
send emails,0.2504598843813258
300 000,0.25021882880652874
condition,0.2501639626478121
notre,0.24998584214885095
renowned,0.2499486043528437
sea,0.24991346788050448
clinical,0.24986377031609777
50mg,0.24978563174132612
neck,0.2496443909929315
advanced,0.24955671077458755
ticket number,0.24950255113477676
drugstore,0.24949453725934986
stutter,0.24944318154830644
mailman,0.24939189871637357
animation,0.24924653624608273
affecting,0.2492131331187448
die,0.24918401745817917
error delete,0.24914175457803261
pam,0.24906617799310174
architect,0.24884351688385295
genius,0.24880388558751912
learning theory,0.24867189043010957
20 20,0.24852325332727984
gen,0.24850920410843516
trusted,0.24850206096288796
candid,0.24849998097888137
cork,0.2484726645494434
provide best,0.24843660557617678
cavern,0.24840916983935044
apply,0.2483714277926862
amp,0.2482868196604327
qe,0.24825125780459156
seu,0.24820543464812733
ticker,0.24819456664535178
von,0.2481765659187443
modular,0.24799302099355808
quick easy,0.2479451696638385
cats,0.2479245373729869
11 18,0.24783961366923912
wednesday april,0.24776736360372137
ball,0.24773875100564127
government officials,0.24764241913504592
esteemed,0.247448968202018
communication sent,0.24738953759247104
mailhost,0.24738035745084547
mineral,0.24734211909154505
arrive,0.24728046649828883
managers contact,0.24725041119652305
replica classics,0.2471062322822628
email quota,0.24708665580174094
jack,0.24699222485881456
addresses,0.246916825841703
million thousand,0.24670024323339126
stolen,0.24656313894882725
visit site,0.24639443359784893
video cowards,0.24629782663401537
gwyn,0.24626239554946575
better,0.24610512737249227
possess,0.24584948684949806
martins,0.24579518362404087
explosions,0.24575936121410827
unlike,0.2457086706311102
import export,0.24551732722783742
wa,0.24549784654229698
flexible schedule,0.2453017608491632
html charset,0.24529175622576205
soonest,0.24516248271613358
steady,0.245088938218825
response mail,0.24507121916123795
god,0.24491461603076015
sudanese,0.24489969309891912
pain relief,0.24480800727718635
broke,0.24446215922834647
moscow,0.24433978557260722
organized,0.24427496416856348
believe,0.2442081237145303
assemble,0.24398819036887948
positive response,0.24396645231284939
wi,0.24396546408361997
mais,0.2436511808609639
benin,0.24347129346218968
direct email,0.24338795563654075
06,0.24333410104123582
weakness,0.24327229842616147
10 20,0.24321269970990442
people want,0.24315770788797786
laurent,0.24312474440852375
world largest,0.2430905348650608
stud year,0.24304413619407997
best time,0.2429637852120975
world url,0.2428931186490082
119,0.24271606169774362
continuity,0.24269277848395251
combination,0.2426440789263224
near,0.24260021710135152
business wire,0.2425738057334645
officer,0.242551797572937
clothes,0.2424742086592473
640,0.2423805446065846
forward hearing,0.24234971746642725
date time,0.2423418301405945
codes,0.24231554284647067
fur,0.24224895610908923
frankfurter,0.242174760186918
biology,0.24210511847713428
software need,0.24210195284430172
vr,0.24201634590170887
wid,0.24190383359672407
hours,0.24175438066243338
days week,0.24165832572585166
remove email,0.2416017886596917
bu,0.24154989973493135
introduced,0.24152814573572762
costa,0.24150888843653343
mail contact,0.24144350290641656
making money,0.24143995978735502
yield,0.24143891709381107
hat,0.2414126155103247
wc,0.24132982993692323
500 00,0.24129992707938855
align,0.2412648604192811
testify,0.24114856983866936
good food,0.24113074286222866
kurt,0.24105152538393967
real estate,0.2406305902153146
slim,0.24063024261874535
utmost,0.24051562018136585
iwc,0.2404113641228746
likewise,0.24038878116027843
affiliate,0.2402897649643839
chang,0.24025740252550482
213,0.24023368932290598
serial number,0.2400463426366508
wake,0.24002533432303497
activity account,0.24002045841350303
fantastic,0.23995427554395699
60,0.2398631572503187
yi,0.23980709585143395
sharon,0.23964650050298994
intellectual property,0.23963291468799797
typing,0.239621623626637
patient,0.23955539380225999
process deal,0.23946199051489214
acts,0.23940927021801667
jackie,0.23939806444969444
version content,0.23932216800551354
selection,0.23930221998258897
long distance,0.23926697860086718
detention,0.2392567338380696
residential,0.23925605932282953
ere,0.2392015092177233
lettercardadvertising,0.2390827470916544
lettercardadvertising com,0.2390827470916544
strictly prohibited,0.23905126141677227
subscribers,0.23900843691638984
com mx,0.23897535440506065
omit,0.23892045432052958
d3,0.23884186900786744
excitement,0.23882592112194953
nis,0.23875281670543805
339,0.23870061198230863
good health,0.2386879890513333
bitte,0.23868734863898475
patek,0.23862148853062268
internet marketing,0.23860674779227478
new stock,0.23859420063378023
security reasons,0.23853173731409502
00 cash,0.23850942565517044
precipice,0.23841708659347072
bulk email,0.23839258548152947
ual,0.2381031690632493
windows 95,0.23807486156713673
time fri,0.2379918537141132
stimulate,0.2379417433749221
rejected,0.23790536531823894
perfectly working,0.23783340779189518
minded,0.23781903570312293
ua,0.2377484901713965
patched,0.23770677297099913
206,0.23768475399455558
blank mail,0.23761797068021068
motion,0.23745784683230378
web app,0.23744786520803834
macy,0.23742762698622266
tears,0.23726602005114394
director ceo,0.23707460984806913
com rm,0.23699284785502325
regards mike,0.23697102257859393
beautiful,0.23686935369806886
affidavit,0.23682654415908194
sightings,0.23679605891684277
metallic,0.2367622478561976
cough,0.23675193320315907
like offer,0.23663362596391901
ord,0.23631583625972513
capo,0.23623500891678798
office professional,0.23614033772764637
tus,0.23608072486002527
conventional,0.23598534742998023
305,0.2357420824785433
134,0.23565447795669592
canal,0.23551956407896835
deactivate,0.23523792193592233
grave,0.23513507974431738
adress,0.23510988982125117
hearing regards,0.23509511696160934
fuller,0.23504353252077337
wizard,0.23498242238210135
moment,0.2349416162664985
just like,0.23494138331370362
ow,0.23491971236771703
sites,0.23489439312378313
prompted,0.23488507497035083
05 06,0.2348803822161847
ellis,0.2348575723002747
26 10,0.23478011954483247
citibank,0.2347648734447574
provide credit,0.2346927430751971
0860,0.23465611971049802
remarkable,0.23461717950007946
ga,0.23454127681819753
really know,0.2345355789247119
ov,0.23451567020640526
female,0.23451437056943605
sy,0.234501575896809
emerging,0.23432880834243489
requisite,0.23432469578550713
gibby,0.23430036737445453
samsung,0.23426730565170353
valued customer,0.23408152070351781
blue pilule,0.23407574305946693
ark,0.23407039578362732
1934,0.23404353064979147
000 provide,0.23400290586290207
revolutionary mail,0.233972837565462
inability,0.23390698936359833
mining web,0.2338786981181828
aniseikonic,0.23385499173631916
number 00,0.2337373759602564
ro,0.23365815097661116
fate,0.23355510219033981
merging,0.23355307659298938
using opera,0.23350839377586224
opera revolutionary,0.23350839377586224
specialized,0.23344381861546656
10 days,0.23342307559136205
talent,0.23328835948221635
enters,0.2332616174167251
client url,0.2332019803422895
selected recipient,0.23317515150569965
jq,0.23315781618689366
angeles ca,0.23305139373438571
congratulations selected,0.23303308144740031
wallace,0.23300438518988553
pilule,0.23297398883687817
redirecting,0.2328179771190855
index php,0.23258876056197486
empire,0.23256155071681328
walton,0.23254119070382132
today failure,0.2324564773062906
time read,0.23241671598498342
ivoire,0.23237464684220654
regards dr,0.23237258943650424
10 times,0.2323047838601249
subscriber,0.23219028834556346
help ll,0.23194790588850905
opposite,0.23186155207972534
customized,0.23174548620230628
40 000,0.23164875394018256
internet access,0.2316291528843169
ventures,0.23161365312522206
backdrop,0.23155281642584516
pose,0.23153403641929673
styles,0.2315243476961612
ivan,0.2315211487221083
accordance,0.23139369930474774
improved,0.23137111823108952
validate account,0.23123277199673758
anton,0.23118987028691634
canadian pharmacy,0.23114659105084684
musical,0.23104869035329909
long time,0.23099090167035674
absolutely safe,0.23096699385479733
11 11,0.23085988603738453
wholly owned,0.2308414275659236
promises,0.2306658463920133
roy,0.23066383597847154
06 27,0.23053227105459598
tongue 10,0.23043236637745645
dreamed,0.23041380686175741
user unknown,0.2303582803623388
pm est,0.23028202815634982
nevada,0.23022415760630863
suite premium,0.23019224026951154
faults,0.23010310108677495
payday loans,0.22989483128229457
grown,0.2298151184583789
manage settings,0.22978000969752232
winning,0.22976473410291418
800 000,0.22970596498225715
reduced price,0.22956021123556214
companies,0.22950296887441826
worldwide shipping,0.22943521319042703
privacy,0.2292754130004825
darpa,0.22914985174946595
leak,0.2291486057938649
usd,0.2290507625209782
password enter,0.22900351028088406
compliance team,0.22892178372757616
exclusively,0.22882193258769526
20 30,0.22879001750981945
company image,0.22872711725648126
quarantined,0.22870376777389698
love weapon,0.228688669876445
systemworks year,0.22868741155717884
ds,0.22867731476244146
standing follow,0.22860054761159831
remain good,0.22860054761159831
respond result,0.22860054761159831
steps review,0.22860054761159831
ref number,0.2285945808496939
process total,0.2285315850806561
fancy,0.2284828301999919
authorize,0.2284565679032278
account remain,0.2283665248725268
number time,0.2282530897435351
attachment included,0.22821952288101496
ascii content,0.22819051458922077
wives,0.22811537403996796
qj,0.22790426707144518
paragraph 1618,0.22789339753710827
humble,0.22784758197942387
wise,0.22773173630239973
ll,0.2276538856042822
latest update,0.22747498555666115
auto,0.22735417431520244
reactivate,0.22734260286258523
prince bismarck,0.22732952286210623
information update,0.22729091064266138
metabolic,0.22728091576548706
charset,0.22720393299434855
artists,0.2270725301330685
rita,0.22704564761482407
don wait,0.22704396245239283
finalize,0.22697848155631858
localized software,0.22697420276185737
digital camera,0.22692574052655745
nk,0.22689374066634185
treatment,0.22686464489017222
1933,0.22681613523235983
million people,0.22678215791367193
mining,0.2267515953088359
auto generated,0.22658246897461662
printable,0.22645116148325134
blackball,0.22644503994653542
mu,0.22642873850501466
promote,0.22636969583410044
08 09,0.22631659134489626
profiled,0.22592512631031164
hoped,0.2258509097446949
authenticate,0.22582106407851787
presents,0.22581254156747724
collect gift,0.2257273293778193
hurty,0.22564574425663397
list click,0.22559347563526325
mx year,0.2255922352543916
ton,0.2255677054735883
confirm identity,0.22552857621391784
koi8,0.22550359969093717
stars,0.22548610876182007
present,0.22540457913078502
104,0.22539390550159696
replicas,0.22533598651059736
mere,0.2253257679508821
debugger,0.22528064232457945
square,0.22506403554911333
vf,0.2250458250213501
joint venture,0.2250064992763804
calculus,0.22491702895928528
team policy,0.22487899589367785
bulk,0.22480188060597656
immense,0.224782477513898
liberia,0.2246657297688084
payment verification,0.22466239551557
smart,0.22465680974297106
001,0.22461166180093337
notifications,0.2246085677319905
performance statements,0.22457388985916132
carson,0.2245625768013347
209,0.22456207659784197
glad help,0.22455643793621705
supergreetingcard com,0.22449266165991685
supergreetingcard,0.22449266165991685
05 17,0.22431238410637572
multi level,0.22430631943275237
infected,0.2242012832661391
ninety,0.22410468863651298
products services,0.2240429318239392
verdana,0.22401185806271257
family verdana,0.22401185806271257
easy,0.22395228731605346
payment approval,0.22388153517225057
height,0.22385591086024745
compensated,0.2237176899417272
advisor,0.22367401577711593
uns,0.22366294916352236
locating,0.22364180061003497
risks uncertainties,0.22361056251024003
tc,0.2235751477045168
message message,0.22348095518447259
open new,0.2233746335799065
troops,0.22336053650722085
foundations,0.22334052198528717
today free,0.22330287221069986
aerofoam,0.22315330877095618
mans,0.22312812417658381
claire,0.22275520497112444
connects,0.22272073628009365
apologise,0.2225937607785471
churn,0.22233497870141844
occupation,0.22220689356115675
negate,0.2220615587147612
enhanced,0.22205249603484561
nr,0.22200647903583898
admission,0.22200561079170616
wealthy,0.22197761949472006
commerce,0.2218527123721566
ask questions,0.22181840287841795
hunt,0.22176786146822758
walls,0.2217673039148496
cruz,0.2217071355211068
everyday,0.22166279246047332
curt,0.22130916864090655
wallet stolen,0.22126625367590808
spectrum,0.22121984589806343
save thousands,0.22111546871134707
linking,0.2210378821944598
cialiis,0.22102076693610406
32 bit,0.22080324658421596
citizenship,0.22077069967523555
duck,0.22070661026875138
aff,0.22046281460872005
humboldt,0.22045192708335287
speaks,0.2204257162053417
charcoal,0.2204076433843476
executive officer,0.22034727697577386
oaxaca,0.22030796610850095
receiving,0.2201662455800183
showed,0.22008724577358715
southeast,0.22008167305353327
congratulate,0.22005402201218477
federal republic,0.21998277850761852
premier,0.21995914991907242
growing,0.21992528905257377
passage,0.21991985076528045
including attachments,0.21985697916171348
resolution center,0.21974085632118762
foreplay,0.2197289609022476
surface,0.21968557155552138
336,0.21967225946947885
new site,0.2195032969793187
truly,0.21950279826434616
jj,0.21948488482366413
spam new,0.21943888753128526
report report,0.21937855725587369
offers,0.21928368864264658
oi gas,0.21899139043697935
simply click,0.2189183251096334
serve,0.21889713234554606
250 000,0.21885618678286145
link click,0.21884828652251231
dar,0.21880947850184485
toute,0.2187953575561682
shaw,0.21872605448306012
erections,0.2186606753482931
guns,0.21864664721723187
rationale,0.21855342545478731
09 year,0.2185327681541545
abort,0.21841155565941067
hardcore,0.2183791227572535
france,0.21804501637336143
pm subject,0.21804445604509676
norman,0.21803704003184465
tara,0.21803162249174432
cankerworm,0.21801202047013507
sending receiving,0.218004086149756
pal,0.21793401495613707
working software,0.21787461319912643
990,0.21782666453105998
tier,0.21776787259704267
proven way,0.21761660188414192
letter intent,0.2175809062038265
bradley,0.2173614183766567
world,0.2173371423152837
shareholder,0.21726094284897676
shares,0.2171952531363832
material,0.21719068116429233
add inches,0.21714655524927215
mcafee,0.2170794765857343
xp professional,0.21689051016632238
sho,0.21682609173004164
com message,0.21675187958714565
0pt,0.21671606148298658
cousin,0.2166613458675263
production,0.21665454525493302
firm,0.21660263643044408
cancer,0.21649282490466004
gateway,0.21647455222023668
nfl,0.21641022148873534
assisting,0.21636080058300672
like contact,0.21627845734238588
applicant,0.21622840871645274
vis,0.21617699925173894
plastic,0.21605164504094482
76,0.21597101132931443
niche,0.21594419098374315
carried,0.2158286053458924
suffice,0.21574564387113485
free consultation,0.21565644665152883
petroleum,0.21547998438443292
raymond,0.21535682925792823
try url,0.2152428714335294
account note,0.21520517768135405
dish,0.21517368800019443
september use,0.21507509174126813
dakar,0.2150729265850581
does wish,0.21498448937848252
weak,0.21491933692161252
tablet,0.21489739912995176
email just,0.21482071707449185
clean,0.21476214866431853
really need,0.21473880297239414
honest,0.21472466702481918
eed,0.21469006679193553
skin,0.21468780039537114
permanent,0.21468623810533452
date wed,0.2146748184299278
william,0.21463589410878403
516,0.21459688714480427
belt,0.2144636627507048
want enlarge,0.2144450092219617
steven,0.2142723918584344
alberta canada,0.21425737578315862
puts,0.21419729097021897
disclose,0.21419246705900546
informative,0.21417586713454131
ample,0.21416522110768718
razor,0.21413732402562863
chamber,0.21413660956444588
fortunately,0.2141315467222782
obtain,0.21409975512636545
enhance,0.21396811037281876
refund,0.21394290703892843
travelled,0.21388044287849295
superior,0.2138345383677161
cls,0.2136946453299768
situation came,0.2136837263810875
pn,0.21361072008971785
celebrity,0.21359004521850014
listened,0.21354122284957128
models,0.21351063394918385
way save,0.2134919613977692
rapid growth,0.21348147133078058
featured company,0.21342008165651982
earliest,0.21329809891698998
materially,0.21327684111949907
816,0.21317718129862
copying distribution,0.21311980524532842
free order,0.2129190566159854
c9,0.2128265598680192
reply urgently,0.2128180265530082
eogi,0.2127410493502751
410,0.21273746183019496
mail service,0.2127063455666664
eva,0.2126738055718663
citizens,0.2126719088057556
sri,0.21260397384247867
technoiogy,0.21260275019217986
08 pm,0.21259738846350557
valuable,0.21255272613645207
jl,0.2125072773212797
safeguard,0.21239897346400044
van nuys,0.21217106966101645
nuys,0.21217106966101645
private information,0.2121679525615632
9800,0.2120413453763344
ni,0.2119843836892578
committees,0.21198259680666753
cpanel,0.21186204472769343
cabinet,0.21182538186214647
regular basis,0.21170576871951394
ee,0.21165719018403126
events performance,0.21141811519605375
kent,0.2113637393035525
freely,0.2113527884762097
continent,0.21134604621279712
suite,0.21131638844366174
ren,0.21129591576853576
astounding,0.2112649488744702
superb,0.21120013104322502
servicemen,0.21119256704856132
internal,0.2111591383350626
competitors,0.21109246648698043
day day,0.21107102014979917
concealed,0.21096699151447162
great,0.21092286208737604
fields,0.21087317089050986
cheap prices,0.21074698653919918
care products,0.21068123584296733
01 29,0.21066701737963173
cutting edge,0.21062133438185468
gender,0.21058666353230976
010,0.21046945343910534
year number,0.21043654822757685
gentle,0.21039707342771388
contaminate,0.21037952499926257
drivers license,0.21034776425128696
investor,0.21029065906133806
iu,0.2100460300500185
want work,0.21001191404348893
cbn,0.2099452986990531
unexpected situation,0.20993480969311853
609,0.20992242553321958
decided contact,0.20991113354512791
youtube,0.209892214997848
000 names,0.2097868599589783
response,0.2097595209846826
thousand dollars,0.20971209247282488
title iii,0.20965578503126028
36,0.20960773012135395
bernardo,0.2096035845792476
guinea,0.20959901290676491
prosperous,0.2094620453187177
cause,0.20941323549775873
payment information,0.20930853237123417
url using,0.20924030982188424
offer available,0.20922601554754397
napoleon,0.20915823161150002
avoid interruption,0.20912214521022376
100 legal,0.2089864948100825
cap,0.20893397640510114
frederick,0.20887756819064185
delivery url,0.20880219149279636
thanks sincerely,0.20878329407764654
hampshire,0.20873625184615344
states dollars,0.20872034695250813
gi,0.2086648400812998
telecom,0.20858505985608256
deletion,0.2085384249357008
prescription drugs,0.2084700764738878
grass,0.20846507365599726
help temporary,0.20840446211417657
hotel payment,0.20840437692257702
came business,0.20840437692257702
trip wallet,0.20840437692257702
transfer week,0.20840437692257702
talked meeting,0.20840437692257702
441,0.20837724523250187
debit card,0.20834023936014973
conference unexpected,0.20833429596318895
number hello,0.20827253071932844
verification failed,0.2082653072334236
failed help,0.20819400600573684
junk mail,0.20818855231656797
meeting conference,0.20812614107253924
stolen hotel,0.20812512752265738
satisfied customers,0.2081094070377965
rare,0.20808352997444857
trento,0.20803251484948596
doing things,0.20801120142818652
whatsoever,0.20793833015852622
loan transfer,0.20791650518903426
turned,0.20780632607746777
year subject,0.20767036068360378
colorado,0.20731095329679022
state,0.2072506939416987
12 00,0.20722163897826548
year mail,0.20716522640736754
free time,0.20715133714147485
walks,0.20671227484847102
hair,0.20671186183022958
devote,0.20668178654305588
pr,0.20667459546766898
contain,0.2065800884645611
sutra,0.2065696438915453
work think,0.2064761227574984
url web,0.20634111687184403
decisions,0.20623736453643782
recipients,0.20621190453116225
refinery,0.20609093112837537
intended use,0.20609041687733087
orders report,0.20597137302914514
pioneer,0.2059246858626101
eminent,0.20591032569840517
agreed receive,0.20589792771587695
google com,0.20589067643280903
baltimore,0.20585746867916588
veritable,0.2058491969589335
racing,0.20575570015892805
fda,0.20570952918024488
breadth,0.20560995159083328
repairs,0.20552954552649158
deserves,0.20548771841443042
start using,0.20547669648429487
greet,0.20547075697226833
percentage,0.2053326889370452
vagina,0.20522973825120536
186,0.20518906314273888
zone,0.205187878310966
lift,0.2051469897056147
barr,0.20513428117359017
acquired,0.20503217504117113
chung,0.20501180061250632
undervalued,0.20497458031675084
good way,0.20490199275766519
heir,0.20489819284085173
crap,0.2047824872834214
interested send,0.2047050817594753
achievement,0.20470001744525862
mr mrs,0.20464955232019416
battery,0.20458938190242698
really hard,0.20457710425606052
beggary,0.2045765488989824
shorthand,0.20455082432395244
notebooks,0.20454612619213333
dr david,0.20450168311233904
prominent,0.2045007636712996
fedex,0.20449123879052347
allowance,0.20448883775897223
redeem,0.20447442327426868
based business,0.20445026807074523
fs,0.20444839745591403
time save,0.20441381915639698
invest money,0.20436517681099964
36 hours,0.20434662562311678
seed,0.20424250427384788
transfer fund,0.20416866277367493
long,0.2041596003901542
commissions,0.20411088975895214
statutory,0.2040375372189494
result com,0.20394578769699573
adobe photoshop,0.20381582045279628
afford,0.20375007469194095
regardless age,0.203712238594346
que vous,0.20370829557469386
apprehensive,0.20361965655099792
denmark,0.20358543378873686
victoria,0.20357491733467298
burke,0.20356482056422856
rest assured,0.20356358027039143
business best,0.20355679975108795
collective,0.20344218597807923
suffered,0.20323844476848732
recognised,0.2032237117033231
age sex,0.20320317689787168
temporary loan,0.20308264740967005
quartz,0.20291117250475155
general electric,0.2028553165645445
helping,0.20281189010661932
issue news,0.20274359851275636
year explosions,0.20274359851275636
yemen year,0.20274359851275636
news usama,0.20274359851275636
american soldiery,0.20274359851275636
american servicemen,0.20274359851275636
world shopping,0.20274359851275636
warranty,0.20266152862209572
time company,0.20265150032803964
foreign office,0.2026357902257135
peek,0.20244431566106497
encroaching,0.2020048288307108
cathy,0.20200163913625294
produces,0.20199422532728192
68,0.20196924176048575
61,0.20186565607273665
bacteria,0.2017946110211851
hh,0.20178936710357684
address attached,0.20176050951893987
miliion,0.2017202495659725
instead http,0.20168208775856908
57 46,0.2016039771060188
ma,0.20145513257400832
modalities,0.2014071398604731
watch trade,0.20139844959095068
discounted,0.20135907623271954
betting,0.20131913349154318
bottles vpxl,0.20129806389973914
pothole,0.20125895700861832
records,0.20120772489921102
routine,0.20119700961044173
0d,0.20118139455937514
acc,0.20116427943222195
unity,0.20116372811470742
online business,0.20112942825465388
professionals mailing,0.20109796354609263
professional communication,0.20109796354609263
sent insurance,0.20109796354609263
ships,0.20096793698514245
precise,0.2009448428314761
read privacy,0.2009375461713743
london uk,0.20092902981546784
attempt,0.20092048557235348
cinema,0.20087114815435994
trademarks property,0.200841883002414
privileged information,0.20080823145719057
playboy,0.20080338146066554
expired,0.20075538764258322
beneath,0.20074092648468392
required avoid,0.2007352556843656
immediate action,0.20068507114024126
yemen,0.20067426711134556
case referred,0.20066708519282847
account immediate,0.20066311751046081
usama,0.20059770419798956
insurance professionals,0.20054098931774117
val,0.20049882738050867
loader,0.20045332291749401
disseminate,0.2004451332704108
resolving,0.20034176260980413
desist,0.20031979576722342
work just,0.2001979973919399
11 10,0.2000740833671856
clay,0.20004634488597678
offer visit,0.20000573152901024
benson,0.1999532178606482
preserve,0.19990957294052952
sx,0.1998498760819719
electronic statement,0.19971620541013785
hassles,0.1996852562018828
think just,0.19966146892392814
ax,0.19965247321184942
mend,0.1995835277854564
239,0.1995430384524178
welfare,0.19938451899196427
financial institution,0.1993808091625032
ug,0.19929841676421417
people think,0.19929643878490402
upgrade email,0.19926090956740006
poll,0.19911440284649523
advantage,0.19904112119336875
hepatica,0.19898973500291076
inflated,0.1989824829661701
information intended,0.19896353801110156
illustrate,0.1987685895664583
pointed,0.19873631986176843
emperor william,0.19871655528916024
10 min,0.19871223486049827
alongside,0.1986167179069511
mei,0.19854357146868773
tracking,0.1985406613909157
pq,0.19847328037527626
freight,0.19846610569870643
web access,0.1984559587068044
002,0.1984354032558017
flexible,0.1984168237018521
dru,0.1984067012877413
does body,0.19832787743180513
end year,0.19828536328741414
save money,0.19827245819904538
distributor,0.19824735694859874
conclude,0.19819803196474028
wide variety,0.19816062479235563
upset,0.19811302119700397
billions,0.19808564898518496
sure use,0.19807712671340552
security question,0.19801310139191802
enhancement method,0.19794719946402503
gentlemen,0.1979443824670072
distant,0.19777674198671358
outlook express,0.19774914803560645
automated,0.19774906364896705
enabling,0.19770064834549986
gas reserves,0.19768784035369125
guessing,0.19754580681986778
free bottles,0.1975225442399994
horas,0.19748629659041267
foreigner,0.19738036289089392
gains,0.1973627029037593
round,0.19725479431046689
nos,0.19717189162334325
days url,0.19714255995310578
bonus,0.19713548225055336
milano,0.19709377742735285
20 00,0.19708166527485252
ca,0.19705871320964097
higgins,0.19701340464867925
carrie,0.19700790104072388
finish,0.19696081287949224
oa,0.19695244625198316
market company,0.1969461020753216
emma,0.19693868986541682
sandy,0.19682397235683607
change notice,0.19680631842054538
silicon,0.19680439174504977
temple,0.1967444638372577
pinnacle systems,0.19668055798336034
check money,0.19665877387687647
invoices,0.19663457529621783
security company,0.19656400146574426
432,0.19656196945924612
grandmother,0.1965607435244652
com free,0.1963751317929014
secure account,0.19630009713594315
phrase,0.19628717283149347
iy,0.1962492432296402
sh,0.19605978751003061
american express,0.19576442502462876
second chance,0.19570733067684834
15 minutes,0.1956719092798032
judicial,0.19564851239386044
brutal,0.19564513075411763
info http,0.19564174539982837
carlo,0.19550240198159208
guiding,0.19549975304016176
plate,0.19548050850468207
payment details,0.1954479154961076
overnight,0.19523786549733288
political,0.19523124077290196
software download,0.19521397381312575
tyler,0.19521168583762105
unsubscribe send,0.19516891382366444
basic,0.19505177625571699
guaranty,0.1950355292931042
crumb,0.1950214878625443
beneficial,0.1949895601187521
settings manage,0.19494556932843732
com preference,0.19494556932843732
preference settings,0.19494556932843732
com result,0.19489028118582225
damon,0.19484763406044148
details,0.1947636081009206
doing business,0.19469579196997208
crack,0.19465288275239867
cad,0.19464719334209468
font size,0.1946408681225992
act 1934,0.19460675712983078
thing great,0.19459405583675987
authorised financial,0.19452770681841197
ict,0.19443584202423372
hotline,0.19441168348206594
lastly,0.19439977983890694
able send,0.19433474041810989
identified,0.19426440759871108
time running,0.19426067435104016
12 04,0.19400394135299445
emphasize,0.19396988995972042
unverified,0.19396285623697593
hilton,0.19394860871154587
address phone,0.19391337150768279
algebraic,0.19381991448016125
licensed physicians,0.19374930070879404
levitra,0.19369506647237966
guild,0.19358714429235846
managers,0.19351618024846828
information form,0.19335146933634542
interrupt,0.19327136088207453
seized,0.19324298448171537
palace,0.1932325076946273
200,0.19319898547894
prize,0.19314462730132498
duties,0.19313688310897417
commonly,0.19310048798281654
level marketing,0.19303789515980907
indicates,0.19298037294914572
858,0.1929709040388974
ts,0.1929113302125082
boost,0.19274442279127185
future,0.19266874030928438
securities exchange,0.1925770925295397
5m,0.1925760932768604
assumptions future,0.1925548111783855
fredericksburg,0.19254472545780388
virtually,0.19253053715444712
owly,0.19243828822755543
ici,0.1923982310806392
nt,0.19229086131762127
providing,0.19227154458624002
evolving,0.19223967076880083
1970,0.19223604357472354
receive mail,0.19218560885560734
tens,0.19207437930950264
fe,0.19202961229251198
cut paste,0.19200232725736402
psychological,0.19199638024252594
liberal,0.19195267817610517
intel pentium,0.19194551428769266
confirm account,0.19186046181335267
internet 24,0.19185535482406765
monthly payment,0.19177350742441687
quantum,0.19169383938296744
total sum,0.19167467771546368
hole,0.19152806473988065
till 1st,0.1915053623726873
patients access,0.19149169675028221
temporary,0.1914134757285922
product line,0.19134681338369808
promotes,0.1912372530116404
penis size,0.19122388610295632
manipulation,0.1912166599965565
ruby,0.19120577517008935
attain,0.19098285862672065
allows,0.19072153338963452
400 000,0.19071976853500588
58,0.1906151682454144
amended,0.1905822012606456
thanks john,0.19056402000570902
contact immediately,0.1904974395056424
digging,0.19045189718602834
cst,0.1904193446642146
controlled,0.19041357257506053
199,0.19020142856051603
statements involve,0.19006935660868549
property,0.1900346115680586
investment advisor,0.1899605143759219
mhz,0.18994288758765465
needed,0.18992278292028617
fide,0.18988470209632854
knew,0.1897401426054111
email considered,0.18971783980088744
scout,0.18959381354029387
buried,0.18938890346511222
work order,0.1893748633692975
harma,0.18927154241246438
isk guarant,0.18927154241246438
accredited ca,0.18927154241246438
ee accredited,0.18927154241246438
sera,0.1892603476860234
standing,0.18920844896418354
chancellor,0.18919866355365275
00 17,0.1891869875742818
12 10,0.18912857886701792
paste address,0.18910823781519215
celebrities,0.1890889992024332
differ materially,0.18908172174024784
security team,0.18906175091415017
diameter,0.18900426359765402
patches,0.18899342099142533
talk attached,0.18899294729180563
regards hrm,0.18899294729180563
resume preferable,0.18899294729180563
taxes insurance,0.18899294729180563
hrm aschsoft,0.18899294729180563
offer flexible,0.18899294729180563
good salary,0.18899294729180563
blue pilules,0.18898465707918452
little time,0.18896477764583747
casanova,0.18894752573289889
conferencing,0.1889322695373591
tons,0.1888774460927202
isk,0.18885997737339388
upgrade account,0.18879716139743494
thicker,0.18875064088523336
searches,0.18869650673170008
commando,0.1886123112863884
click http,0.18859438341822943
patriot,0.188511962116814
salary pay,0.1884641271851257
14 11,0.1884632577030433
20 year,0.18845989257907025
conducted,0.1884544852507875
guarant,0.1884536569380551
schedule good,0.1884250007981221
friends relatives,0.1884153962732987
category,0.1883920885594522
phone fax,0.18838622070052083
intent,0.18832887096227685
webmail service,0.1882776787456975
equal housing,0.18826021831866294
informant,0.1882111420902916
contain information,0.18805470789266002
imperial,0.18802212238368834
stated,0.1880178207232422
shared,0.18796738095838988
country mail,0.18795253489749067
cn,0.18784052165516452
pounds,0.18774316983339934
downloading,0.18770980614037286
housing lender,0.18759663170596957
free charge,0.187578827874205
receive newsletter,0.18748068623736203
available talk,0.18744092041507052
hope hear,0.18736503041987784
cd rom,0.1873451667830594
disclosure copying,0.1873424823020119
collect,0.18728155896377618
learn,0.18719530362515718
accessible,0.18713724338866627
hopes,0.18707813261630554
engineers,0.18707651636614037
undiscovered,0.18672109839409834
new technology,0.18664811947002255
residence,0.18662795452939684
time just,0.18661956049405348
peril,0.1865744669928506
flash mx,0.1865618725842423
bilateral,0.18640780823816774
lucrative,0.18637727390239078
jesse,0.1863671180026235
11 17,0.18634733115494087
code continue,0.1862661196254954
mitigate,0.18625595187315622
ballyhoo,0.18625439598063936
profile,0.18620970445660312
tue,0.18607709657785373
claimed,0.1860590686957877
ap,0.186008734033846
gain inches,0.1860033600837244
correo,0.18587084910557683
leaders,0.1857991114698433
euros,0.18575090843258363
succeeded,0.18570341517894945
d5,0.18568303462799687
nex,0.18555519979878818
crop,0.18553922157435035
contact provide,0.18553125880868288
envelope,0.18538808698496384
link,0.18535667691510982
vnbl,0.18532962503950245
securing,0.18528593105691255
12 11,0.1852180341868903
neighbor,0.1852045350327491
capitalize,0.1852041119819868
continue,0.18519260802041917
fuck,0.185170009450985
cash flow,0.18503111216516024
safe effective,0.1849977726980375
buy viagra,0.1849740933328897
tariff,0.18494782446714825
direct line,0.184926025689892
altered,0.1849191972577619
account holder,0.184895934935225
graduation,0.18483125138670675
data lost,0.18480044824860048
walk,0.18479268151798958
nous,0.1847240761604845
forfeit,0.18464313774270644
capture,0.18444813453584794
decided write,0.18444288749208648
differ,0.18441452124799254
try today,0.18431617775722264
c202f8eb239faf8d4b0a5c6a41cde453,0.1842927033047577
tracy,0.1842444617096977
sperm,0.1842324631283794
piease,0.18419737859579688
58 pm,0.18402980782997716
619,0.18401546596495486
tiscali,0.18390129504027555
turkey,0.18389147464858555
accra,0.1838615922618465
override,0.18383254653190642
joan,0.1838186502465079
compte,0.1837869416746864
una,0.18373742667196322
glassware,0.18373635979361516
tuesday april,0.18372359414178957
cast,0.18363815584703141
th congress,0.18360036992142817
xb,0.1835851358484958
jeffery,0.1835760679265501
204,0.18348776194876826
boundary,0.18340384421412279
130,0.18337970161672393
new security,0.1833488256629051
operate,0.18333063444331554
humanity,0.18327976102114993
grey,0.18327823888172157
consolidation,0.18325265969417606
stealth,0.1832348279224079
feb 25,0.18321823572535206
reach email,0.18321803486705568
following issues,0.1832011936713077
email country,0.18304516244196248
campground,0.18304174150668345
group limited,0.18288539188348465
kingdom,0.18288316675222904
testimonials,0.18280892240892835
month target,0.18279256138487948
contractual,0.18271493288485902
success business,0.1827013202841294
103,0.18252559627426845
externally,0.1824864623895932
spouse,0.18245393833870185
usaa com,0.18243314392517845
abroad,0.18240520985934372
desired,0.18235933062906468
trade center,0.18227003517187945
popular software,0.1822316794560291
strong,0.1820886218700381
crowd,0.18205785992554774
improvement,0.1819611918353884
magnetic,0.18193183425990672
xanaax,0.18187235132892976
sensitivity,0.1818163638497025
wondercum,0.18176869798325265
rio,0.18175586880976033
investment advice,0.18169602794680387
amazed,0.18165433545983134
towers,0.18156313983196778
list http,0.18154325086560236
dont,0.1814847824622131
ames,0.18147800678906506
gabriel,0.18142237379471743
anglo,0.18130006141491295
mfc,0.18123420609698018
restricted use,0.18121834971823014
125,0.1812172057741394
doesn work,0.18116168192938095
fake,0.18111440570706583
spyware,0.1810815874456386
unresolved,0.18107701446466137
d2,0.18098015118413696
german french,0.18097753582437956
rainbow,0.18087246626244907
ally,0.18085506820353933
web pages,0.18076936398572893
faith,0.18075371424212913
gifts,0.18062904417956555
everett,0.18062261057149576
finals,0.18061002298747114
___________________________________________________________________________,0.1805887883491755
pillory,0.18057684634451285
laserjet,0.18047918744065286
valid international,0.18045164071627665
measurements,0.1803687118908863
seventy,0.18028305521274315
wind,0.18024685934898896
sheffield,0.1802339171223923
deposit bank,0.18022585958796158
servants,0.18020696743319686
marie,0.18015128721978557
op,0.18010162479152123
clearheaded,0.18002179846405392
toner cartridge,0.18001723178662535
sharing ratio,0.18000994366998943
madden,0.179807598632502
order make,0.1797405084245258
unnecessary,0.1797140319482372
businesses,0.17966283384145432
correspondence,0.17948643020775593
ast,0.17936530516650848
road san,0.17925627990643572
hack,0.1791918130301113
tous,0.17915905213253053
pellet,0.1791400647477329
referential,0.17907145159229065
com st,0.17902206911941965
saint,0.17894997466122495
awarded,0.1789320427299841
endorsed,0.17890974738716045
money transfer,0.17890968520095105
pearl,0.17875177920481358
space time,0.17867165620421604
good business,0.17867016345782244
requested information,0.17865382499944538
detected,0.178584211382497
disclaimer information,0.17852725004278971
spray,0.17849447482650413
natural resources,0.17845207296673077
region,0.17831543585867865
330,0.17823042877627282
compuserve,0.17816394717316048
geec,0.17813793718537224
sympathy,0.17810511415338318
european union,0.17795100810394393
sensors,0.17793846217308465
pittsburgh,0.17792491849611672
shops,0.17778221630782495
06 20,0.17777735181509643
demise,0.17775229648924878
money making,0.1776756358552324
love url,0.17753711991014864
hy,0.17745680332813374
consumptive,0.17744818040055932
blanc,0.17744148799248388
ease,0.17741933563093903
hard time,0.17741409392286772
pay taxes,0.17738968393764806
autocad,0.17717743423909635
choices,0.17715145566176999
scattered,0.17712111626264596
trustworthy,0.1770760219559396
reset password,0.17704261782795663
dire,0.17699986405799095
st html,0.17695755305317992
year 19,0.1769161908906636
cures,0.1767997459885741
pleasure url,0.17678741199806863
owned subsidiary,0.17677122509129836
signed,0.17676745017677423
health products,0.17673288676235882
job search,0.17673026380157592
gh quality,0.17671549608773104
uvy rvx,0.17671549608773104
rics,0.17671549608773104
provved,0.17671549608773104
provved dr,0.17671549608773104
quality ge,0.17671549608773104
rvx,0.17671549608773104
extended family,0.17671373975500584
bing,0.17667816539984396
mode,0.17650115295366123
asia,0.17649782963445396
million united,0.1764957163528918
denver,0.17645086429758183
recipient notify,0.176395263049555
uvy,0.1762978832183051
aus,0.17627767264024957
harmony,0.17626833397022135
delivered email,0.1762624906286822
telling,0.17623116674539438
wysak,0.17618568226204306
habit,0.17615393002479238
preview,0.1761209398116914
william great,0.17611316904930377
allah,0.17610091377373768
rose,0.1760153491684351
aid,0.17592828916914488
time high,0.1759269264750586
mp3,0.17589938791528173
emergent,0.17589360434528556
jh,0.17588356894196044
writing letter,0.1758767358007006
recibir,0.1758237571243835
touched,0.1758055324038324
check http,0.17568891604837755
turn,0.1756713799594855
169,0.17562314023726447
obligation,0.1755753602703515
customers,0.17550838956036063
province,0.1754794554746727
99 00,0.1754619055786391
237,0.1754514663569625
avec,0.17542889044067442
aggressive investors,0.1754091046928763
need best,0.17538966059908964
fighting,0.17531688478515794
interviewing,0.17526596870483907
07 year,0.17516184469756824
politician,0.17515935596933005
record indicates,0.17511150750215468
adequately,0.1751033846401525
berman,0.1750858384090557
nationa,0.17499102883242365
mandate,0.1749787453616539
message instead,0.17493116929600672
phone 44,0.17491760661400954
stokes,0.17486416363901844
brought,0.17476819942471356
fonds,0.17474697121026708
703,0.17467728914672329
divestiture,0.17466481608867812
cost paid,0.1746305203825339
competitive price,0.17460699847701705
west africa,0.1745957270232822
ys,0.17457894030188248
limited offer,0.1745606661050831
year pro,0.17452940525905075
trinitarian,0.1744307532911055
privacy promise,0.1743860168478001
professionai,0.1743447446387529
landscape,0.1743416792281524
menus,0.17428430221300273
zu,0.17427959804324686
oy,0.17426445241434999
usaa security,0.17413774404513135
specialty,0.1741038352436937
software cd,0.174084152788729
secretary,0.17403313420184996
securities act,0.17403191368451434
comprehend,0.1739844588794491
zy,0.17396065566256375
10 04,0.17394740408706333
code recovery,0.17394563236728827
todays,0.17385393706998825
encoding 7bit,0.17378675759854353
repel,0.1737853172545894
lasting,0.17371131310550822
symbols,0.17365478981463353
amnesia,0.17353667142448245
thrown,0.17349187002338068
range,0.17346376500934638
enlargement method,0.17345182712426566
convince,0.17329395483966062
assure,0.1732632769485648
castro,0.1730349927362248
transcripts,0.17299713674533287
drilling,0.17296707031454592
registered investment,0.1729638712727185
miquel,0.17289954156815407
bypass,0.17288704582899636
lucky numbers,0.17282167238324914
younger,0.17281805562389657
money url,0.17271540719892206
borroughs,0.17266827072222
312,0.17263444794544813
tg,0.17258203431759062
contact details,0.17249355810677347
kl,0.1724855793873382
qua,0.17245899042069748
assortment,0.1723744590507496
statements meaning,0.17234427931833285
999,0.1723100923567126
745,0.17230181690890706
email file,0.17219167707832203
act 1933,0.17216379784730287
thank prompt,0.17214260057766287
kernel body,0.17204253199018116
faq http,0.17204253199018116
tux lkml,0.17204253199018116
http tux,0.17204253199018116
html read,0.17204253199018116
horse,0.17200154797739725
11 25,0.17199217621576907
grace,0.1719748312076902
identity theft,0.17196692931603635
raw,0.17196396600943697
availability subject,0.17193958106755539
concerns account,0.17189217310388383
using new,0.1718611369561796
email click,0.17184724674871044
failure,0.17180118925355498
richards,0.17176798939484358
information ll,0.17175957359573102
scandal,0.17169454765377382
lecoultre,0.17156924584518335
ve trying,0.17154957248360708
174,0.1715036693597941
remittance,0.17145719129784026
positions available,0.17143182101754684
frustrating,0.1713589070889696
675,0.17132816698581588
unpleasant,0.1712662476104668
staggering,0.17126047726620328
advises,0.17118308163035056
unsubscribe linux,0.17109415527151245
majordomo vger,0.17109415527151245
http vger,0.17109415527151245
tail,0.17108212338388953
mail communications,0.17106295912612457
net email,0.17105243599923634
letter come,0.17103113268516654
best prices,0.1709825184925224
484,0.17094692754252833
floppy,0.17092185278306582
symantec,0.17091445940261574
solicit,0.17084688161023232
help till,0.17081296711578933
etch,0.17080661531151067
klaus,0.17078166595511526
cherry,0.1707584878348141
shafer,0.17066337194240366
illustrator,0.17059894890775645
concurrent,0.17058170520441318
storing,0.17055445161377725
different areas,0.1704429750256713
insisted,0.17040054324415413
send line,0.17029584514572368
commence,0.17019036299723028
rocket,0.17017609562928396
jaeger lecoultre,0.1700431281660699
shiip,0.17003635377972104
microsoft outlook,0.17000313557069957
0d 0d,0.16988107971863156
code conduct,0.1696978489733623
physician,0.1696628079538138
mail error,0.16965319364128018
zk,0.1695515800936388
yt,0.16951780658817578
answer yes,0.16950004973224825
moments,0.16949979451933017
trumpery,0.1694966430718121
high standards,0.16945959963507295
100 satisfaction,0.1694576161338739
subsequently,0.16944648131566994
insider,0.16943563928258487
essence,0.16941308694513305
hide,0.16939862264480507
june year,0.1693135868705336
contact number,0.16927625435904517
perforce,0.1692612199320002
ux,0.16925772969307523
pour,0.16920661207764706
worry,0.16919809769436278
profession,0.16911562137212421
herbert,0.16911405850876138
objective,0.16908939692365962
pardon,0.16908888651522488
don believe,0.16906375009839836
rm php,0.16902267012070854
able,0.16895437717104306
sylvia,0.16895207181319158
bottle,0.16894780432379525
link free,0.16882987693769883
reason,0.16871106405397088
almighty,0.16865640974599927
requirements,0.16864102243582937
46 0000,0.16863001200015362
followup,0.16862593366346368
fixed deposit,0.1686235942006475
sussex,0.16861756659857766
msc,0.1684982010084861
xk,0.16849592999389432
panasonic,0.16849360044926867
locked,0.16844737304306914
mechanical,0.1684245297838817
contains,0.16840943828431332
access reset,0.16830180627096888
verification restore,0.16830180627096888
winner prize,0.1682982083996153
scuttle,0.16829431073894704
zimbabwe,0.1682922500732701
requires verification,0.16824890832967926
2fa verification,0.16824504996839773
invisible,0.16815941637641904
username 2fa,0.1681343818714657
childhood,0.1681202324428176
234 number,0.1681184763467604
498,0.16811044784872287
classes,0.16807608131219928
account requires,0.16803209230596283
link verify,0.16800036283954614
tangible,0.16799774923681202
amazon,0.16799199034836712
membership,0.16799163762078723
spam message,0.16791108724859866
limitations,0.1678750838996312
favour,0.16774613788021406
express involve,0.16750763447578007
pro year,0.16745398796187133
telephone fax,0.16743283235004444
disorders,0.16735695315411395
silvia,0.16733553731488182
lawful,0.1672150264789564
mets,0.16716257177698945
action reliance,0.16714561022047278
time available,0.16712265995740158
response needed,0.16694485392990632
message majordomo,0.16693915773479565
slumber,0.16692765927871492
achieved,0.16688932596028572
invention,0.16680181155661097
inbox,0.16677013309821512
million email,0.16674781419086684
futile,0.16672900038242142
linux kernel,0.1666765326273744
kingston,0.16667132285643382
euros free,0.1666165622156364
free deposit,0.16661319296730415
start working,0.16653450125358968
safe deposit,0.16645549054636558
fills url,0.16633965018264757
local target,0.16633965018264757
ic dr,0.16633965018264757
acy vis,0.16633965018264757
informacin,0.1663155793267849
dj,0.16629577909714088
doe,0.16620631531295615
need new,0.16619377765193202
messages email,0.166186802040714
picking,0.16617393873851607
acy ge,0.1660797315410126
iq,0.1660146936460168
js,0.16597662399765503
eligibility,0.16596354186372878
metaphor,0.16592121731817314
wash,0.16590254674531135
significant,0.16588681527861598
year server,0.16574264673912892
married,0.16558639394527805
610,0.16557404561562622
clear,0.16555492929347662
leeds,0.16545243910649596
plone,0.16540405805229003
homeowners,0.16531315107300623
management team,0.16528377884949813
entre,0.16527014326188397
successful business,0.1652664152132542
need software,0.16511713608693102
promotions,0.16500448661214306
pentium,0.1649985120611746
60 pills,0.16499800571430287
glad aid,0.16499634804545552
aid till,0.16499634804545552
189,0.16481373212384945
confirmation number,0.16479786512557953
market,0.1647949895655328
request processed,0.16474972697517964
12 months,0.16474632794137659
outdated,0.16465193387973034
mouton,0.164648746992028
discontinue,0.16463722320979018
developed,0.16462305304871142
ica,0.16459902840736476
intense,0.1645649042350796
contract award,0.16444348812524104
ly,0.1644376234400823
mln,0.16441259952571285
april 17,0.16434180646800725
tag heuer,0.16430290878471238
combinatorial,0.16428102853239265
effectiveness,0.16428010026141276
june 25,0.16418873938703044
ct,0.16413272839564733
tudor,0.16408116305954998
dies,0.1640640948492389
schubert,0.16405728751570794
congestion,0.16402090277633086
7bit,0.1639987871159826
make,0.16391888455555279
05 19,0.1638849645232681
business transaction,0.1638501480575668
disclaimer,0.16384532121960607
account verification,0.1637370011177137
make love,0.1636214592440988
forest,0.1635246961827257
patterson,0.16344363415758684
heuer,0.1633763613275131
plead,0.16334937938778596
interrupted,0.16333649143343879
wonders,0.16313758309622337
uu,0.16311747390845746
grief,0.1630943527419568
jmason,0.1630835395551097
dri,0.1630354394724218
hello sent,0.1629181794659589
25 year,0.16287460422544764
comedian,0.16287272535461245
boston,0.1628616945817723
mre,0.16285827906163428
10 million,0.1628359296483291
nicole,0.16276044132377973
126,0.1627454248906027
bricklaying,0.16271429212043184
actual results,0.1627138211092847
archives url,0.16267788726285445
burton,0.16261385384127353
advertised,0.16257250907752094
reserve right,0.16256904084446072
cater,0.16250809282534834
nh,0.16250758746634894
horizons,0.16249974962848376
yuan,0.1624749334601707
preparations,0.1624467243110606
just months,0.16231299757454382
cole,0.16228382349461373
dormant account,0.16226160790834768
wins,0.16221743895314308
reporters,0.16216051421592467
los,0.1621547219416314
subject satisfaction,0.1621303131980435
data collection,0.16205071840620924
suited,0.16201696421461145
safe harbor,0.16199854381193504
cg,0.1619877999621676
permanent error,0.16193944826356882
las,0.16193837395903313
night,0.16182945056793438
new,0.16171382028581574
batch number,0.16155790092893574
estimates,0.16154845425344427
service work,0.1615405041672324
management company,0.16143912840779928
twitter,0.1614263075915626
site software,0.16132019193367803
20 percent,0.16117495646892968
watches replica,0.1611726130671593
supporters,0.1611612610089069
number fax,0.1611348075799272
schema,0.16112338452574856
prohibited received,0.1611119525261143
rival,0.1610975835466701
retail price,0.16107131195891175
lange,0.16107081486453848
buildings,0.16105939531938201
pgp signature,0.16098866913009055
vn,0.16086384029611336
stock market,0.1608447165865404
petersburg,0.1608091909186227
hussein,0.16076444751235272
accounts team,0.16071949612913086
servant,0.16070931387495807
diachronic,0.16069061701094428
mr smith,0.1606069451733213
creates,0.1605690804837238
fast delivery,0.16055435767611148
att,0.16051040285232626
949,0.1605051167832841
number 03,0.16049907623091705
angry,0.16046591473692587
1933 section,0.16039967347458906
hubbard,0.1603580278254703
breathtaking,0.16033977704352995
62,0.16030147360835206
amanda,0.16028887180638127
united states,0.16024001520518721
countries,0.16020827958157288
div,0.16018168286060425
12 15,0.16017439954962584
link reset,0.1601163588662601
prize claim,0.16009322496270667
reveals,0.16004073877664737
claims,0.15995800548658276
finances,0.15993487510512044
using email,0.1599108639912812
law,0.15982968322589763
projector,0.15981668923434814
drove,0.15981303090407448
becker,0.1597446960541601
ud,0.15967842994850656
stout,0.15965573453971163
definite,0.15960256713880627
exceed,0.159562450743301
meals,0.15956088889005277
lite,0.15949864080500345
abused,0.15948769361888626
subject request,0.15940109997121593
confirmation message,0.15939247936558587
contact usaa,0.15939237919085433
winner refund,0.15936249441674857
0300,0.15935896003767872
fight,0.15935462407552667
2fa code,0.15934738048208372
enter 2fa,0.15934738048208372
377,0.1593125407726336
disappoint,0.15930586321453635
sl,0.1592534262654013
card process,0.15923220377183148
ve received,0.1592227308808711
spirit,0.15921689632260186
refused,0.15920186966246302
download install,0.15919595739753625
inner,0.15914887768231964
perfectly,0.1591335097871568
shrink,0.15907683053435953
message generated,0.15905006378885292
address contact,0.15897005082324914
xu,0.1588075889118151
equal,0.1588050018188215
high qua,0.15874524977710966
smarter,0.158715569877925
prior prescription,0.15870807982114654
spider,0.15868292873059076
short time,0.15865778713092754
address mailing,0.1586153790774439
follow,0.15857925642996495
section 21,0.15846276811758994
ume,0.15843931366525404
ec,0.15843590978518374
12 26,0.15838977684092406
verdana sans,0.15838494041581128
arial tahoma,0.15838494041581128
tahoma font,0.15838494041581128
sans arial,0.15838494041581128
tahoma,0.15838494041581128
business,0.1583349531682899
ner,0.1581821320013459
new business,0.1581164715675709
morocco,0.1581127719545911
confidential,0.15810252456228133
49 95,0.15808104872577455
service providers,0.15802078540055614
friday march,0.15798456604903405
opec,0.1578750549307527
size 11pt,0.1578705804922392
stick,0.1578293326569809
computron,0.15777633630740845
poised,0.15776845766706288
tremendous,0.1577124680229607
malware detected,0.157664325604359
stop future,0.1576577308226342
facial,0.15763756481638166
lim,0.15757997716126
rebel,0.15755500160225305
receive special,0.15755314782983557
swimming,0.15751116652498545
d3 cb,0.1575056218373607
step step,0.15746312379142288
bank plc,0.1574327535788382
composed,0.15740916023535648
users group,0.15739187356065248
did try,0.1573795677351888
winnings,0.15735990199131764
lh,0.15732868953696433
misleading,0.15729400243424652
million dollars,0.15726407466489595
oem software,0.15725635906963956
leave,0.1572424598416485
20 mg,0.15723568207219343
ey,0.15720037850299232
intentions,0.15717303567714552
pre registration,0.1571465632215637
95,0.15711976969859187
eliminating,0.15710913064327156
bless,0.15710324616998506
quickbooks,0.15706449158875763
bruce,0.15705196019300383
diagnostic,0.15705031856253132
don just,0.15704116613438676
information need,0.1570266270104803
temporarily,0.15700916695969797
federal ministry,0.1570080099929678
jackpot,0.15694003383640504
mail security,0.15692447950717567
worid,0.15685410983438794
helps,0.15683449693223564
enhancements,0.15678934909278894
tiscali broadband,0.1567811350317291
dietrich,0.15677412500053745
hx,0.15673645951848333
villa,0.15669325848210047
contained,0.1566621538560212
yy,0.15658261618732583
bank scotland,0.15653719879251712
online account,0.15647418204369656
fiddlestick,0.15643573458950397
lity,0.15639409169588445
storage space,0.15629546771456448
probate,0.15627014927800695
considered,0.15621697954502903
tracked,0.15621193252785265
bunyan,0.15618983634846023
short,0.15610286297943549
tender,0.15606132261365116
deceased client,0.15603486501653022
legislation commercial,0.15602507581216382
dakar senegal,0.15598845109826548
hu,0.15592980947436375
apologize inconvenience,0.15592695866044565
09 00,0.1558505169920965
bio matrix,0.15582583162259758
adapted,0.1557720547699212
le dru,0.1557690153278784
tore high,0.1557690153278784
cinec,0.1557690153278784
banks,0.15569108697645379
angel,0.15568855011701363
05 30,0.1556800085574062
lengthy,0.1555600854420252
impressive,0.1553933096235534
quint,0.1553842005332364
clara,0.1553720337366304
hi department,0.1553244925314601
cb c1,0.15528111191966232
instantly,0.15526799442306688
11pt,0.15525378648047516
making changes,0.15524266778054785
federal legislation,0.15522863530429645
jaeger,0.15516186738897053
alec,0.15514810804584947
greece,0.1551348445828847
width 100,0.1551205287869577
69 95,0.1551181916201528
charge,0.15510246571177536
identical,0.15507485834577964
jabber,0.15491810611246898
thumb,0.15485829650500893
birth,0.15484560935282324
designer,0.1548354566435511
does run,0.15479195331783493
phone calls,0.1547399217457854
13 th,0.15473868980134348
august 06,0.15469646926436856
yearly,0.1546599841040102
tommy,0.1545003436086419
synchronous,0.15449161510062376
lagos,0.15447091775860805
debut,0.15428832187308494
11 number,0.15427190470194097
datasets,0.15425278544635312
prohibited intended,0.15424526490610385
184,0.154228780204488
pursuant,0.15419809776029897
broad range,0.15417360633230215
abc,0.15416723257866502
deeds,0.154159019588901
need money,0.15410629527191935
21st century,0.15409860803979195
den,0.15407242417832265
wo,0.1540530051182352
exchange act,0.15404996238199822
iab,0.15404938023298118
love gun,0.15396985989689604
mit,0.15394348713053613
mccarthy,0.15393928636257162
want hear,0.1539186162256206
yu,0.15391417079255246
148,0.15384028875912134
engr,0.15379935367703415
pay attention,0.153728598210651
phoenix,0.15372579754196558
marina,0.15371473076001763
cup,0.15367588445569902
iz,0.1536659728245011
mont blanc,0.15366496034081611
want meet,0.1536547933791308
augmented,0.15365019849892878
143,0.1536305375224278
willing work,0.15362190135506842
private securities,0.15359077656978984
account blocked,0.15358015248594042
01 24,0.1535265452773053
creative,0.15348071672634567
wel,0.15337246514225608
sweepstakes,0.15335033919596572
resell,0.15334669801263137
year view,0.153302453806842
use account,0.153179829370852
cares,0.15317525521904826
bundle,0.15310159321018346
short months,0.15308958758694996
notice urgent,0.15300056271839477
marital,0.15299068977249639
allowing,0.15297724166280902
draws,0.15290364854682384
521,0.15287352320594647
zb,0.15286475035102567
92,0.1528301370225956
lasts 36,0.1527509833991387
switzer,0.15274742962761373
ml,0.15269895968010927
align center,0.1526918532509744
march 26,0.15262520997189316
recent activity,0.15258952348271032
cote ivoire,0.15247960393866233
stock limited,0.15243713314435114
visitors,0.15242998538672117
chemistry,0.1524270430544477
verifications,0.15241169017308098
considered spam,0.15239809406342864
clearance sale,0.15238570906053464
het,0.15231480501563613
ce c9,0.15231184767647127
medicines,0.1522796155055334
lease,0.15223776767050007
thanks best,0.15219884329148942
5million,0.15218768464379143
remover,0.1520941489521293
communicate,0.1520038127919945
customs,0.1519022379191965
2m,0.1518533198432784
charitable,0.1518413023623317
sel,0.15180394013251822
mature,0.15179949407680549
realization,0.15176632404080348
help support,0.15174291920896435
microcap,0.15169441813238832
research development,0.15158631454877827
warning failure,0.15157009033413993
22 year,0.1515416053072174
ver wid,0.1514809753927888
est sel,0.1514809753927888
opened,0.151376338073461
judgment,0.15136903245902306
jun,0.15135411968045062
09 10,0.15127561105853884
roxio,0.15122785639333705
btc provide,0.15118401981020954
information http,0.15116490346916936
hospitality,0.15108895292950553
make order,0.15097165996203826
campaign,0.15091764211101327
view update,0.1508572363548399
miiiion,0.15078350474101998
000 little,0.1507500303774069
btc,0.15072303356159542
auditor,0.15070044841965377
718,0.15069329266555104
congratulation,0.150675873027027
limited proposal,0.15067148998666088
looking good,0.1506570960570689
online store,0.15063655256612232
information received,0.15055345338106266
mr david,0.15053910671126478
individuals,0.15044928057482107
ineffective,0.1504453959738596
las vegas,0.15043255360551794
screw,0.15038837691822307
natura,0.15036197718491326
workload,0.1503212764495099
jv,0.15030262976606512
happy life,0.1501708946166335
jt,0.15009005415411114
million usd,0.14998593650243963
permitted,0.1499454443235512
182,0.1499330533970341
security code,0.14988922093582144
12 08,0.1497784059974616
thousand united,0.14974586802432943
learned,0.1496273922143601
deveiopment,0.14955057655849618
700,0.1495005947694594
sio,0.14948712740332393
heart attack,0.14945209547585436
avoid fine,0.14944677188733954
borealis,0.14940901624916367
naked celebrity,0.14939297416262437
sincerely mr,0.14936818494809623
ich,0.14936122306557345
hard earned,0.14928590831165017
impossible,0.14927603717587257
office pro,0.14924367792859633
send response,0.1491858605316978
resend,0.14913861012560484
got contact,0.14909169843132192
depot,0.1490628165926666
1974,0.14903450417229924
rolex replicas,0.1490119164986662
number,0.14897752369599632
fine case,0.14895591692380195
lotto,0.14894778986832635
short weeks,0.14894614278008564
deutsche,0.148906422629602
minerals,0.14890508640204259
nomad,0.14890402170469563
dear valued,0.14887216454198524
failures bed,0.148790113474638
promotional material,0.14877601006295843
repair,0.14876982757124363
stem cell,0.14874137657725034
start,0.14867770152174017
accra ghana,0.14867124591860742
visa mastercard,0.14851216284241675
technical support,0.14849926998630467
achieve,0.148474287239868
unusual activity,0.14840498514559786
layer,0.14840432806472648
need check,0.14833978994672384
evening,0.1482620752481827
anchor,0.14824701090347114
proposal check,0.14824525214713716
ev,0.14821838169386667
technoiogies,0.1481303008317682
start saving,0.14811711787618181
man health,0.1481042341804073
provider registered,0.14809574315430804
2200,0.1480937013581147
fountain,0.1480468105193558
shipping handling,0.14801619790270643
d0 cf,0.1479401414433799
duty free,0.14793545965203597
inbox add,0.1478503871069291
business country,0.147750059848385
manufacturers,0.1477391815430049
glyph,0.14771434203679942
account manager,0.14769007558044114
changes life,0.14766842937632726
fucking,0.1476281768593834
video naked,0.1476176415217874
mnei,0.14761619352534033
brutus,0.14754699371205618
computron com,0.14747243834264182
prone,0.14745800142208354
hardcover,0.14745024787621536
mines,0.1474393152654281
approved payment,0.1473599078308022
disposal,0.14733940837101145
withdrawal,0.14728669312331688
majordomo,0.14721330550797154
custody,0.1471703749750859
mj,0.14716679676479696
claiming,0.14713981181433652
click verify,0.14703233499329119
ess,0.14701514012786515
doris,0.14697160562478914
secrecy,0.1469711138438991
10 mg,0.14685286790960414
86,0.1468350759284104
reserves,0.1467982996854665
630,0.14675002612628185
san diego,0.14669739861413977
12 14,0.14666285758492312
antarctic,0.1466102316641499
timer,0.14660786793679642
locks,0.14652231994382361
fun fun,0.146511358577833
health information,0.14649303615323056
infinity,0.1463928178016667
formats,0.1462500455356529
mir,0.14622484391513868
ning,0.14620793191063314
originated,0.14619939867291773
private banking,0.14608705790970533
investment opportunities,0.14607957199105495
email storage,0.1459829019122729
marketing efforts,0.14591814790810123
predict,0.14584044572370922
need pay,0.1458084189899363
today tomorrow,0.1456548891919043
deputy,0.1455350668072398
securely,0.14552624167916053
virtue,0.1454969393792755
till 30th,0.14547866646323063
tall,0.14545582917699637
10 th,0.1454324120710545
like following,0.14537787067201702
junior,0.14527109034180044
i386,0.14525973656052607
priori,0.14519323019734123
plc,0.1451720837431271
great news,0.14513243868793188
janeiro,0.1451176982188594
haben,0.14510619538107697
derive,0.14503623649378733
willed,0.14485422761371694
office year,0.14476731902337592
mccarty,0.14473064427322174
matrix scientific,0.14469065341818096
able access,0.1446776810148144
thank regards,0.14467028029944878
cuba,0.1446332266887376
josef,0.14461911083792345
vh,0.14459682308587474
109,0.14458706687981934
sierra,0.14452243343337753
awaiting,0.14446649344379744
dangerous,0.14438797358498842
suspense,0.14435202971692881
copies,0.14428212961336248
0ld,0.14423210753916962
l0oking,0.14423210753916962
t0day,0.14423210753916962
t0day member,0.14423210753916962
l0oking man,0.14423210753916962
member results,0.14423210753916962
0ld l0oking,0.14423210753916962
years 0ld,0.14423210753916962
url delite,0.14423210753916962
0nline t0day,0.14423210753916962
ways meet,0.14423210753916962
discuss details,0.14417619431091327
ses,0.14413801143888536
nui,0.14405269542279328
sn,0.14397225674912884
50 ways,0.1439514132381365
just released,0.1439044000373332
entire family,0.14388046548537467
icelandic,0.14386957555957727
regards morgan,0.1438080005256078
processor,0.14376615291519798
reside,0.1435992426786119
citizen,0.14358622606236265
new generation,0.14357560131190122
dia,0.14354043494993585
recent news,0.14340510321378405
use link,0.14336476956869337
northeast,0.14335370394757652
burkina faso,0.14323763389031988
10 new,0.14321883020898604
ite,0.1431099069379134
faso,0.14304298815717903
ombudsperson,0.14303563492133015
ryan,0.14299028514716317
burkina,0.1429662382791097
dissemination distribution,0.1429418375057577
guarantees,0.1428945395219409
really work,0.14286193237603792
portfolio,0.1427358879771164
11 12,0.14271894182054415
kentucky,0.14263160748385287
stream,0.14260205443641064
linux windows,0.14260081972635713
conservative,0.14259455596010115
com year,0.14251011233046026
email telephone,0.14245799569244813
07 06,0.1424014852538427
algorithmic,0.14235403777288524
game,0.1422303517779271
fil,0.14219456004037348
lj,0.14218757562587778
ski,0.142155075003119
ag,0.14215002601164467
sent webmail,0.14212237885912257
company use,0.1421135281843027
30th,0.1420812335829542
patek philippe,0.14197730680060822
researcher,0.1419498384304027
fiscal,0.14194723897950964
dee,0.14192048057571038
complaining,0.1419035794702898
ve come,0.14177607515372437
lkml,0.1417625285170186
timely manner,0.14173153494806942
docusign,0.1417308281242947
ruler,0.14171677392897916
discovered dormant,0.14169400196383172
eo,0.14159989611292675
chiang,0.14154542793669378
ha,0.14148748194120506
tr,0.1414806269347116
divide,0.14141396302122508
account information,0.14136764079809114
know want,0.14133085689007108
crown,0.14131566777987756
ambitious,0.14121099381886218
irvine,0.14120732848778542
com net,0.14119545764173075
authorised,0.14112992812848776
permeate,0.141041482649161
outlook,0.14095467104034662
died,0.14090619941924476
security number,0.14089004021581156
love life,0.14088906960244896
penny stocks,0.14077873609678884
04 27,0.14077683284429268
emotions,0.1407581531437533
content management,0.14075248581334537
news network,0.14064532661995854
continual,0.1405520456659545
removes,0.14048591582684428
hi account,0.1404235405600176
male enhancement,0.1404048840514625
viking,0.14038010780139454
iaagra,0.14034811088938975
receive messages,0.1403006344890969
hands,0.1402418236606388
contact interested,0.140224948113974
meet,0.14018738312567489
brec,0.14012921100749487
ec brec,0.14012921100749487
healing,0.14012458859364055
accuracy,0.1401210976503959
28th,0.1400989577370143
crafted rolex,0.14007442940014786
italian crafted,0.14007442940014786
giant,0.14002811140597285
dt,0.13994619953524226
autonomic,0.139920093646891
attract,0.13990901257803814
litigation reform,0.1399045114962306
use money,0.13981665937401086
mutual benefits,0.13977571277299752
adapter,0.13975893174829337
cagey,0.13967069845835692
candy,0.13966984009678152
everybody wants,0.13955183135202917
financial information,0.1395295512338726
securities litigation,0.13950456462828903
quality service,0.13948688227102637
barely,0.13945292587065217
postal mail,0.13943711240708084
royal,0.1394121019869983
classify,0.1393465764103586
occurred,0.13932000359054464
fraction cost,0.1392622093673052
ry,0.13922212899926487
access internet,0.13921277469057644
veuillez,0.13914810019567092
perspective,0.13911420776181105
geek,0.1391036946639661
earnest,0.1390929478936653
dealings,0.1390437365140179
uncertainties cause,0.139010999394542
referred,0.1389884147147585
today announced,0.13897656405139944
customer support,0.1389683654452949
disabled,0.13891506328449593
websites,0.13889446760923363
target,0.13888590115375157
27 securities,0.1388028541636839
succeed,0.13877281375180237
proposal,0.13871018208958577
575,0.13866224812236103
mail addresses,0.13865483806696954
inconvenient,0.1386151910773635
range products,0.1385135519027539
exploiting,0.13848516673374706
33 pm,0.13846738674510556
passengers board,0.13846308288539924
21 securities,0.13842754607081453
utilizing,0.13841541955750306
kp,0.13840734447189065
replies sent,0.1384066468517962
xe,0.13836789097270089
buggy,0.13834000889964781
information regarding,0.13832247624019428
cooperation,0.13830063243590793
duncan,0.13826250330288958
heritage,0.13825500257100728
releasing,0.1381911402645579
security zone,0.1381885885579902
missouri,0.1381695398569823
really want,0.13813444001160183
cash refinance,0.13809316031882965
account suspended,0.13807332099947653
deals,0.13803468133980484
fredrick,0.13802944849868623
jamie,0.1380258752712572
recieved,0.13798206338474486
security alert,0.13791310170092685
unsubscribe manage,0.13787481285799433
present kin,0.1377295012198814
118,0.13771673645047552
pull cash,0.13771023759334167
uncover,0.13766366280030273
expressed,0.13764985273045624
lowest pri,0.13760874943782334
826,0.13760091717479
priority normal,0.13754995706930875
recovering,0.13751990119776047
iii passed,0.13742148261962459
passed 105,0.137420702010658
105 th,0.137420702010658
real genuine,0.13741447161538548
locked use,0.13737390036679298
eros,0.13736647038597932
levy,0.13736097657623908
bach,0.1373547311346104
biological,0.1373535596098638
connor,0.1373488787642558
sheets,0.13727374078887247
worn,0.13721021168438072
charles taylor,0.13718553040138576
bra,0.13709439946107263
downloaded,0.13700887761095532
late husband,0.13700732741495233
april 16,0.13697643320445654
impress,0.13689192323090427
don,0.13688862287588893
10 19,0.13687233314860286
untill,0.13686256691831
canon,0.13685601127905597
urgent dear,0.13684603947575838
help contact,0.13679116001902764
samuel,0.13678934976288437
email following,0.13674851228534732
resistive,0.13671954194375413
reliable source,0.1366885344064229
illness,0.13660385405635586
299,0.13652298149596548
boris,0.13650727957487582
send receive,0.13646739611735312
automobile,0.13645636478922185
mins,0.13644495756933503
security features,0.13639210096205204
forestry,0.1362723586974348
members group,0.13627011296201968
chug,0.13626029068686404
tight,0.13625709604857417
fibrous,0.13624524488221418
matt,0.13623226079930637
bank nigeria,0.13623141535013042
diamonds,0.13622223622830693
url case,0.1361326435312531
britney spears,0.13610109524528627
eat,0.13602815495972306
eager,0.1360228100756901
20 plus,0.13601688832714554
ejaculate,0.13601601579698108
late,0.13600590152269496
ak,0.13596500633394534
need assistance,0.13593872748493477
save time,0.13593373949460297
millennium,0.13593218544427804
materia,0.135927179478881
va,0.13589718594622532
regards jamie,0.13585547541149826
unsubscribe list,0.13574928355330648
uf,0.13570239335377482
cy url,0.13569483366611426
buffet,0.1356821988544073
ht,0.13564693351633023
jm,0.13561318767420316
microsoft research,0.13548013943889303
email sincerely,0.13547042523526184
tiffany,0.13546692422340947
stamina,0.13543183653070703
nsw,0.1353840563988986
studios,0.13536226710183835
government country,0.13533497176516568
reputable,0.1353307529113758
new year,0.13530015223822295
30 story,0.13528922953910955
alberta,0.13526308172010035
know does,0.13525631227708348
nov 14,0.13523839011659017
parvenu,0.1352187998995777
usaa usaa,0.13521423262221285
form,0.13519594670250953
analyses,0.13516460327211513
discovery,0.13512792992816594
notice account,0.1350290592072045
nominated,0.13500518825499214
contact security,0.1349884564689316
4000,0.13482124136860013
oe,0.13478445794679877
bgcolor,0.13477797816314033
anticipates,0.13476588864513922
tux,0.13473562889188123
ooking,0.13473410020962465
ghost,0.13471062564993003
mal,0.13470497918143245
inherent,0.1345943102646521
earliest convenience,0.13456752060380195
smooth,0.1344434224428168
regards taylor,0.13443311731704716
schmidt,0.13443197627371634
credible,0.13442817568967455
ve read,0.1343766192835439
nov year,0.1343029955047559
server year,0.13428277244978962
specialists,0.13426456433667563
bcf,0.1341896463312503
forgot password,0.13418382330865558
simple quick,0.13417171839354
negotiate,0.13416615312370445
fj,0.13414483762173393
bi,0.1340997835485397
pharmacies,0.13405493221986928
abuja,0.13404922425323745
sda,0.1339863586752182
canadianpharmacy,0.13397990057108405
boolean,0.13386414675246286
425,0.13385115203962156
12 month,0.13383411676153104
partir,0.133794179943461
eogi shares,0.1336961660619197
new deal,0.13362394745734463
international business,0.13358721702588777
santiago,0.13353493644883618
entered,0.13342791762170297
vacation work,0.13342763163619395
establish,0.13342653568092175
giveth,0.13341805955683686
cordial,0.1334163563807159
foremost,0.13331240410751555
nec,0.13330946580896855
revenue,0.13330764840458006
watchword,0.13330626979815016
td,0.13325957166229616
terra,0.13324385918391238
chairwoman,0.13319365177913178
time vacation,0.13316974261570635
closer,0.13315580755908982
fk,0.13315311042833616
email attn,0.13309542776456065
caution,0.1330780588687449
sum million,0.1329805718816377
390,0.13294426542809554
strongest,0.13286057475593072
koffi,0.13285760362669224
gone,0.13283766832167962
track record,0.13278711029806708
contacted,0.1327671876608807
qq,0.1327589099861335
follow official,0.13270119451833873
official steps,0.13270119451833873
73,0.13269718496210953
217,0.13268635704643184
routing number,0.13267264230235304
celebrate,0.1326701964197267
victim,0.13252883656818015
sand,0.13244582898533186
safety,0.13242350055851546
gaming,0.13240692595983303
adobe illustrator,0.13239739799009287
0nline,0.13239439392826208
high yield,0.13235755331084628
upwards,0.13234250080825438
stopping,0.13234130109057718
wack,0.13224514178116692
fitness,0.13218730255809194
learning center,0.13215523673843121
anonymity,0.1321341245484692
buying viagra,0.1321300838348128
medz,0.1321225192452643
natural,0.13201916338495978
passport,0.1320096900599193
expire soon,0.1319781131055255
000 email,0.13194458010895677
specialist,0.13189453060968845
short term,0.13182640427324335
internet connection,0.13175045959864548
reproduce,0.1317354604086417
editions,0.1317009009272672
home loan,0.13165429352572
encouraging,0.13158232553823224
mr mark,0.13157596308485758
million pounds,0.1315379745989962
taught,0.13148269817496427
241,0.1314604850407735
expanding,0.1314474442515966
access limited,0.13141467489374356
economical,0.13132994032041076
nad,0.131327632927488
measure,0.13131928018662256
painter,0.131239599268011
laid,0.13120640891397917
list names,0.13119667892895528
spamcop,0.1311244750182259
foot,0.1309349119989556
monte,0.13090781635739795
offer url,0.13090583810595022
ai,0.13079289736445074
aiready,0.13077934902675856
16 11,0.1307279821232905
section 27,0.1306564563151471
identification,0.13059592028284916
calvin,0.13055456701367857
miiiion customers,0.1304956151327364
planet,0.13042891397433332
led lowest,0.1304204562049837
guaran,0.1304204562049837
tee bu,0.1304204562049837
ce guaran,0.1304204562049837
ali,0.1304089114205952
kai,0.13039719879519468
antonio texas,0.13036954334202439
atleast,0.13035865541987016
recommending,0.13033733945511916
whichever,0.13033702821806933
spain,0.1303026003725964
note order,0.1302860266634912
st san,0.13025588560565937
prnewswire,0.1302465652519547
rv,0.13015683831687436
nq,0.13014313948906137
depositor,0.13012217634301113
panels,0.13009919672191864
pin,0.13005690478389817
intensified,0.12995406209343366
email generated,0.12991766242865763
copied,0.12986923010166493
ve heard,0.12986362788582534
aberdeen,0.12986067864477044
merges,0.12982389562382504
50 worldwide,0.12975606174942325
mail com,0.12968542884936143
fiber,0.12960483918663862
113,0.12958184090252894
extra time,0.12951075019945907
492,0.12948745642635853
health shop,0.12946586900213902
ammonia,0.12946417530659968
rights,0.12946280101404717
enterprises,0.1294422556226984
d1,0.1294370711545509
worksheet,0.1294035875720161
drafts,0.1293982797042793
arrested,0.1293870920848124
rhythm,0.1293826381591731
apologize,0.1293753449066861
zt,0.12936048064345468
lively,0.1293500406196005
literally,0.1293083739895281
468,0.12928747487511014
ong,0.12925320093803438
liquidation,0.12923565841924875
cet,0.1292151527574105
meaning section,0.12921312514144773
reliance,0.1290156019865885
approached,0.12901501254743258
really does,0.12901068014570136
army,0.12897589670419493
judge,0.12895998425333852
marketinq,0.1289305570127416
anti virus,0.1289225140432228
alain,0.12890241234450134
start enjoying,0.12882870435028762
nba,0.128822751563361
checks,0.12881553782412378
quarters,0.12869491107086145
09 15,0.1286805651768184
claim gift,0.12867362102619673
ko,0.12864295067718692
versa,0.12861954912639562
filings,0.1285807490480841
hancock,0.1285329309411407
business need,0.1285296771362246
measures,0.1284932959467399
virgin,0.1284356341721136
failures,0.1283901986561544
captain,0.1282241616904609
pric,0.12821030210767648
sincerity,0.12820255301695663
grandfather,0.1281954584661443
tech support,0.12818765530340603
deli,0.12816563924451985
costume,0.12815451716681564
result restriction,0.12814322119808422
know time,0.1280933790096745
95 price,0.12808120957052008
addresses people,0.12807294132796365
invented,0.12804702126449113
cubic,0.12801121985137848
shareware,0.12799608979861526
personal mail,0.12796454293587037
program,0.12796412563990048
reply soon,0.12795842019555467
improves,0.12785342032622568
insurance company,0.12784460398497394
new jersey,0.1278132803139044
verification process,0.12774357771265565
charm,0.1277384049343845
yv,0.12770515596347418
vain,0.12768239763862918
uae,0.12768011817533925
calif,0.12766607253116682
convinced,0.1276452310579466
aisha,0.12760009268938322
exactly like,0.12756307485002139
promise contact,0.12744935231081087
formulae,0.12736247713025797
life insurance,0.12735153566603613
new mortgage,0.1273492976481806
right people,0.1273272717150586
followed,0.12732216125353182
begun,0.1273151067240618
gs,0.12730014860542999
kills,0.12726573795330118
world war,0.12726274017534214
send details,0.12723702620431682
data text,0.12723558879149457
like reply,0.12723420276624234
striata,0.127189659643262
carnegie,0.12717724866653757
lf,0.127161268757656
arial,0.127116754861972
energy prices,0.12703676677844536
damage,0.12698598913027132
lap,0.12698455631863195
handed,0.1269404141767137
year company,0.12693460598385048
electrical,0.12691735077923622
accounts privacy,0.126905627585737
abbas,0.12687386656116859
shi,0.12686087854789757
innocent,0.12685995465560176
smtp server,0.12685965239667452
esq,0.1268438458025947
enhancement formula,0.12683609792559689
père,0.12682515071862788
exams,0.1267917886921087
dreamweaver mx,0.12675975075819865
line url,0.12674929269828236
fax mail,0.12674788056470898
ki,0.12674292110830365
delphi,0.12670996596554024
wide selection,0.12670285960306216
forbid,0.12669664815391216
fro,0.1266623569396451
seven,0.12664655296683722
internationa,0.12655110759652455
jo,0.12649666669716847
600,0.1264579278128869
step happy,0.12643068105066266
recipient reward,0.12637939339229495
access update,0.12631259895422206
troubleshoot,0.1262173296047229
contractor,0.12621173979561576
atches,0.12615728853268013
sensible,0.12614781928113009
international issues,0.1261464031587018
scale,0.12606717534078524
alias maya,0.12597055515636033
cubic feet,0.12595840534223818
malay,0.1259185343566366
399,0.1258902379148327
mustapha,0.1258741609326338
136,0.1258702138563986
straight forward,0.12583751358600917
favorable,0.1258213832203646
dragon,0.12579867426910563
tempted,0.1257940690373197
let hear,0.12570352213749694
embassies,0.12570030887549624
new features,0.12568988542502693
transformations,0.12566416491547083
inciuding,0.1256352915213483
view accounts,0.12562608411358564
company products,0.1255905473040798
opponents,0.12555893300772103
ingredients,0.12545901029258724
foreign partner,0.12544825526392503
promoting,0.12544552493684885
sunshiny,0.12541778446628962
enforced,0.12541541514460022
irregular,0.12538736408961318
homeland security,0.12537966652780672
avail,0.12537195897123846
breitling,0.12536071302055246
good standing,0.12534013816955245
decided make,0.12533377464605502
attention department,0.12528014969965276
download coupon,0.1252546456687269
sales rank,0.1252546456687269
average customer,0.1252546456687269
customer review,0.1252546456687269
review based,0.1252546456687269
reviews write,0.1252546456687269
write review,0.1252546456687269
date coupon,0.1252546456687269
accountability,0.1251229872863692
isabelle,0.12510659612222388
float,0.12505165238420476
nal,0.12504835020682095
state zip,0.12498922551237897
tower,0.12488203245936702
abdul,0.124871819335704
100 natural,0.12487177691962834
0500,0.12484242525471835
ars,0.124818718107545
thanks god,0.12480761394022231
com reply,0.12478925764554728
mead,0.12477501155586326
june 29,0.12470546405441706
efforts,0.12470061131915613
kong,0.12464185695030985
worlds,0.12463818923224791
dublin ireland,0.12463716744533866
ue,0.12455422032147206
brief description,0.12455207305661486
iw,0.12454520189000028
panerai,0.12450436324736958
karma sutra,0.12446667880587342
believe reality,0.12446446812734996
26th,0.12442635439809648
barrister,0.1244004716555454
analyzing,0.12435036691500792
retirement,0.12433644339530962
windows nt,0.124323480561082
spite,0.12429915628724332
know account,0.12429006110614402
heavy,0.12428320092055946
receiving promotional,0.12421535779587556
want url,0.12420467324309968
description,0.12419114727446413
want buy,0.12415198750134139
attn sir,0.12413500499193991
crashed,0.12408241584171792
lecture,0.12401858385183798
availability available,0.12400491733574315
use particular,0.12399882527760239
pricelist,0.1239236435364006
use specific,0.12388024010336043
han,0.12386395937805057
hughes,0.12379018108080475
lined,0.12373974636139903
30th september,0.12370672132941649
spokesman,0.12369483802299147
make people,0.12367827988067534
ces,0.12365630303934899
sapphire crystal,0.12363590715277567
href http,0.12362958134040009
908,0.12362838973355408
sua,0.12361142346088622
wysk,0.1235370895232527
edison,0.12346663082854589
refund collect,0.12338996624922643
curso,0.12338695344893984
mugabe,0.12334089856375009
date 12,0.12328358210016903
802 11,0.12321673868343355
email data,0.12319804690604522
age 29,0.12319229494500936
katerina age,0.12319229494500936
katerina,0.12319229494500936
using url,0.12318333315121821
altogether,0.12309931414728353
ballroom,0.1230956629596838
slave,0.12305396834453204
result,0.12305313716193408
say lot,0.12303200890946035
date birth,0.1230052170739007
hs,0.12300260071340133
president charles,0.12298620368145435
send letter,0.12294201364708386
elder,0.12291744240607831
img,0.12290611971480349
rel,0.12285404016153778
west coast,0.12283713642204327
account access,0.12282782390501475
step instructions,0.12279485961964091
lose weight,0.12263376236861136
confidential steps,0.12260740677387978
nations,0.122601618608107
hearing soon,0.1225939218522345
deal limited,0.12256419236386414
follow confidential,0.12253594381462665
lindsey,0.12251277828044464
hamburg,0.1224726972504582
modest,0.12246754891688547
30 year,0.1224330886684784
workers,0.1224031351553765
mailed,0.12238387604453627
soon receive,0.12237087074176815
0100 story,0.1223433060762691
sampies,0.12230554921326175
prod,0.12229175047709763
ready hello,0.12219788545076878
account restricted,0.12218609036850389
sink,0.12215380839796947
100 risk,0.12214702995747434
bellevue,0.12210375138410647
bellevue wa,0.12210375138410647
draw graphics,0.12207722589877186
coat,0.12195388314028717
vb,0.12192362695716197
act year,0.12189931668164111
statements forward,0.12188929090729907
98,0.1218547117507142
ns,0.12180257917464667
travis,0.12177111708267682
contain confidential,0.12173372583706599
email dear,0.12170632832100971
reign,0.12169032892084665
que je,0.12163047463975679
protect information,0.12160866465645179
result hold,0.12159393351954292
rg,0.12156937437704153
kirk,0.12155553234342494
intimate life,0.12151845072002945
republic benin,0.12148617954610472
sep year,0.12143136495749043
results differ,0.1214152998200387
october use,0.12137120455095952
listen,0.12134057931250249
data breach,0.12133226542098105
hi final,0.12122692181815145
ions fil,0.12117012796466675
line million,0.12117012796466675
booklet,0.12115185374049023
nd,0.12113638985103166
gu,0.12112422953743962
looking forward,0.12111623025704672
winds,0.12107110605520319
given opportunity,0.12107039689642532
type text,0.12106414312290377
emerson oil,0.12103857021442102
natura gas,0.12101864955597151
million pre,0.12101447589945022
bloody,0.12097231468569963
matched,0.12096428303798078
commissioned,0.1209472589381511
haga click,0.12092794764735632
element,0.1208581142684572
gem,0.12084113536437326
linux users,0.12083853532412096
vie,0.12079300781018146
islamic,0.12077198950821426
tanzania,0.1207459563979629
important thing,0.1207112423640995
com remove,0.12070574308653761
gift 10,0.12069413697102042
48 hours,0.12065948885313965
cf ce,0.12061004331127405
united state,0.1205729589431195
thirty,0.1205530359578223
visit secure,0.1205269226683277
christine,0.12048933161751135
db,0.12047290853450374
desk sam,0.12044092609583812
use special,0.12042664474919482
durable,0.12040780224900303
sécurité,0.12038309401291904
settled,0.12037945786541972
com sent,0.1203646076464963
consignment,0.12035210229544951
creet,0.12034250457846543
faithfully mrs,0.12030631572581282
gzo,0.12029268149606073
vaiue,0.12028311599373988
body,0.1202552198654396
verifying,0.12022091056009915
03 pm,0.12022063169643692
security systems,0.12021019589530034
men world,0.12020416410592667
high school,0.12015426569794928
11pt good,0.12012788693089953
click aqu,0.120083281842791
information help,0.12005943353808138
microsoft word,0.12005504606657744
mon père,0.12004690470039724
partners,0.12003653628781823
alth,0.1200355488938583
gb,0.11992616751339023
kenton,0.11986787757910322
compensation,0.11985364095194566
safely,0.11981714443163202
stranger,0.11973514519220368
privacy security,0.11970436748501449
c8,0.11969847264610031
struggling,0.11967565441680719
tips url,0.11963935799477449
remit,0.11956712893493812
high level,0.11947246610030039
carmen,0.11944286233016309
tension,0.11941744419123809
vm,0.11940133603599191
letting,0.11939471376564
form information,0.11938205567739621
mort,0.11930163549512122
protection,0.11923509191560692
judy,0.11914275915520771
appreciate opportunity,0.11911718279066545
89,0.11910480013521463
sia,0.11896912649240741
ih,0.11890883412982774
pharmaceutical,0.11890342279725896
believe god,0.11889138733344058
conscience,0.11884809308027841
wor,0.11884358310984902
satisfaction guaranteed,0.1188377445082896
solomon,0.11883574156406215
intended solely,0.11878123291692293
10 12,0.11877123391885706
urge,0.11874507934894572
turtle,0.11873450928650853
chile,0.11860408433780917
solicited,0.11853847473704023
use intended,0.1185326478604269
95 windows,0.11852730749204558
friendly,0.11852048876898046
acres,0.11849339823277069
cor,0.11849036347428193
appetite,0.11847369368100562
sprout,0.11844463491522486
resolved,0.11844197191519577
owner account,0.11841698623810151
fact,0.11838306000696651
stm,0.11833953782561345
richer,0.11833831169562026
winning notification,0.11826612569376412
frank muller,0.11821643497482971
vnbl ob,0.11816091235169245
contingent,0.11809114110382868
doubled,0.11808308606971808
mailbox quota,0.11804549370472889
address telephone,0.11801919600069606
mailwisconsin com,0.11801844056858757
mailwisconsin,0.11801844056858757
wv,0.11795456248427795
believed,0.1179330222084516
sapphire,0.11787982671219532
examined,0.1178644511238406
sealed,0.11785392412969442
prompt response,0.11780023088814483
hurricane,0.11779954210329976
haga,0.1177917014754058
stocks considered,0.11774812556542774
rotating,0.11772045988471598
period years,0.11771700680884384
niger,0.11771317897080717
drug,0.11767996292086419
point deal,0.11766993529779317
particular proposal,0.11765456694978733
10 11,0.11761224543521295
process sum,0.11758923509886353
corruption,0.11758332508887437
just 10,0.11757415817130451
swaziland,0.11753642338709695
01 19,0.11753123081542353
175,0.11751682457181714
bv,0.11749535833247853
online shop,0.11747157824631986
triggers,0.11741905681431156
rfid,0.11733524688390717
size simply,0.11733445302663574
somali,0.11731996732951297
participants selected,0.1173133813121971
645,0.11730650424721455
spam long,0.11723639360488194
denise,0.11717546342356182
lose money,0.11715590633146951
recruiters,0.11712025604686414
luxembourg,0.11710128993611169
9800 fredericksburg,0.11708684504191208
fredericksburg road,0.11708684504191208
horsetail,0.11706216320483805
reveal,0.11704577099323335
07 04,0.11704524161287823
reservation,0.11700767055879464
13 30,0.11699403408579456
court unresolved,0.11697639132457954
referred court,0.11697639132457954
main street,0.11697468639821655
lender,0.11696775780680967
unbeatable,0.11690748111079186
risks,0.11688045900487232
patented,0.11681811242198249
copyright,0.11673492373666268
breast,0.11664930949243837
people interested,0.11662276830500296
brand generic,0.11659982568747206
bldg,0.11659721107581643
branch,0.11657910424386779
yes,0.11656333647397846
account avoid,0.11655942529631796
lome,0.116557862100651
handkerchief,0.11652486343366178
hes,0.11647152289558178
discussions respect,0.11644613577062479
respect,0.11640150388211773
minimize,0.11640097950164074
ratio 60,0.116395046740131
regards sam,0.11637531396778043
little known,0.11637087251482517
monash,0.11634679271765329
summer good,0.11626314876619219
porter,0.11621645154276837
buddy,0.11614471745576063
drop line,0.11605325535886273
built,0.11593708658418143
strange,0.11590904848611466
gift btc,0.11586906104023688
danish,0.11584962084981384
just short,0.11584219006335798
exercises,0.11583482961668305
yahoo groups,0.11580686867103424
doliars,0.11580280648516707
migrate,0.1157844513127343
10 plus,0.11571631297321132
crew,0.11570869455499337
alexandre,0.11564229735296128
cybernetics,0.11562841087229213
c5,0.11561458662545925
taking away,0.11560445406443676
perkins,0.11559807481491755
week cd,0.11557225120155296
exclude,0.11557095285953403
instant,0.11557019552116327
agreeing,0.11556820921777061
manufacturing,0.11556259729656256
audio video,0.11555403082147073
message email,0.11546148848444601
download latest,0.11545548598949645
hearts,0.11541748694137922
plenary,0.11539512278735072
wholesale rolex,0.11538892640849051
cause actual,0.1153814555008214
merits,0.11536232427594297
legs,0.11531234141936078
past weeks,0.11530929695697656
mn,0.11530852800936324
leading oniine,0.11528665012594119
106,0.11525007440294703
credit problem,0.11521473217220728
miilion,0.11519266365043729
september 10,0.11512473115099718
divided,0.11512229369346719
0700,0.11511242641050956
argent,0.11508151655562232
number summer,0.1150810600490663
truth,0.11499696150298898
religious,0.11496572875594403
make impossible,0.11490604658503166
chase bank,0.11486530293768338
ambiguity,0.11486096924504245
fears,0.1148559370923061
newsietter,0.11481827309584443
reopened,0.11481421763022286
territory,0.11481127356526463
edi,0.11473297191919399
uy,0.1147296090879165
making contact,0.11465523259006558
oil company,0.11465126718942847
consignments,0.11463338865294442
monday friday,0.11462756203290186
computers,0.11461888851611365
pians,0.11460716272698226
kz,0.11451409306841687
soon best,0.1144948431311465
perceive,0.11444542492960717
flown,0.11442174663071529
togo,0.11441409770471432
shipping worldwide,0.11438024659156086
drinking,0.11435483629178796
charset ascii,0.11433825121673291
november 28,0.11432970232283407
right place,0.11426358595388755
mlm,0.11426223707631908
elite,0.11421553335281427
validated,0.11419221275030747
risk factors,0.11418587362611654
restrict,0.11413130637186067
able make,0.11404915302679328
statements express,0.11404331282295534
sti,0.11404045978283421
shear,0.11396280064684343
freezing,0.11396022450843558
immediate release,0.11395302288084964
likes,0.11395301775971688
uma,0.11387991498337402
proved,0.1138749015724636
thank usaa,0.1137984251727636
visual identity,0.11378871570658211
answerdry,0.113784831883884
answerdry com,0.113784831883884
details answerdry,0.113784831883884
arabia,0.11378237950815578
use different,0.1137655982056045
nes,0.11370703436146327
stein,0.11370012952643303
reps,0.11368998259226594
visit security,0.11364732162972138
barcelona,0.11360105328037243
ciaiis,0.1135910673328779
murder,0.11356094669310311
pushed,0.11355665685835196
nonsense,0.11352446037942626
fee,0.11351997291299833
intercourse,0.11343884172288525
just examples,0.11343820714120482
15 20,0.11342392384915206
hacks,0.11340638239950487
garbage,0.11339799417846635
future looking,0.11339216835179092
faithfully dr,0.11335386653176006
exquisite,0.1132187499114538
rank,0.11320157090228924
traveler,0.11319817013637122
herr,0.1131242244835414
bland,0.11310452309618682
expectations,0.1130817594174643
wait week,0.11305650749265901
amd,0.11297025314741221
philadelphia,0.11292629425588468
je,0.11292502428275313
kenya,0.11283982702780448
utilized,0.11283912488476451
esteem,0.1128109338070729
time market,0.1126446134744119
regards riley,0.11258085829312861
supply,0.1125776588393949
empresa,0.11241948928722494
gain click,0.1123797073124837
suspended use,0.1123163112993735
criminal,0.11230901398194225
repertory,0.11229533585067598
bee,0.11229403590278145
certain statements,0.11209917020603014
shapiro,0.11208259579994645
sbl,0.11201673625765984
fathers,0.11199221332303505
25 00,0.11198987175942898
forgive,0.11194957920191054
love stick,0.11188858169404438
stick gain,0.11188858169404438
free ask,0.11187319679972008
sender email,0.11186857147280561
exact time,0.11182712078766333
notice new,0.11181889155986428
break work,0.11178206384900954
time break,0.1117820033257789
dx,0.11166721695887415
88,0.11159226577721394
qm,0.11152203972085442
desk morgan,0.1114733799132614
longer bed,0.11147091788075396
coo,0.11147029089500805
handling,0.11144927987084466
address list,0.1113885472401978
recorded,0.11138598855788884
faso west,0.11137528934455794
questioning,0.11136808167999801
area,0.11135515857883385
100 money,0.11135144720600346
gas sector,0.11126842192529504
fletcher,0.11126017258215636
does want,0.11124011616685361
want good,0.11118345357302767
trouble,0.11115916652192549
text files,0.11114420247882525
adjust,0.11112278898185778
fea,0.11111870645645323
microsoft windows,0.11110613362564051
weeks old,0.11110251916188353
28 01,0.11109821731256883
mutual benefit,0.11108581431882712
insured,0.11108247954538594
represented,0.11105482985295413
people know,0.11104695305516665
instruct,0.11098303968967553
exact,0.11098061132147406
residing,0.11094217102238045
xyz,0.11093869349914533
group visit,0.11092482172726288
nursing,0.1108711180061145
ancient,0.11085837328599953
email removal,0.11083538921552112
cufflink,0.11081309018211428
statements based,0.11070439113975687
inspect,0.11064624383669414
00 million,0.11059647165252749
buiiding,0.11059076823038792
real life,0.11055456019284894
quickly discreetly,0.1104868963331245
boyd,0.11047011354248568
archival,0.11038175811630169
spy,0.11032711094444013
credit,0.11028596532375616
leone,0.11028435047089208
powered,0.11022735147629455
security measures,0.110196371650924
thu 21,0.11019384331972477
improving,0.11015853718529088
products new,0.11014723547262065
avoid double,0.1101408094188148
loves,0.11013181885996175
ecommerce,0.11012868258006683
workstation,0.11011362331214268
shlpp,0.11009714531826813
wili,0.11001616478029021
somme,0.11001141561971495
452,0.10983792845478947
usman,0.10977264061778773
minute,0.10975613042923424
operations taylor,0.10974916810558243
new messages,0.10968937599191614
rush,0.10968361722119123
notice congratulations,0.10967054235127352
accrued,0.10961453781432906
days date,0.10960832840523844
exist,0.10959497713127851
lifestyle,0.1095762119132874
sequential,0.1095275373587257
145,0.10952559860300677
views expressed,0.10950572141277125
dreamwaver mx,0.10949683491296346
dreamwaver,0.10949683491296346
closed url,0.10948882827433853
bass,0.10948239827325616
guest,0.10943759342491939
harm,0.10942247094213084
preference,0.10941380759161189
help invest,0.10935840170624157
dress,0.10928613551671978
esmtp id,0.1092672700746838
make mistake,0.10920433856573024
quick delivery,0.109154132519425
today lose,0.10914561385957319
constantinople,0.1091340058694809
upto,0.10909660046006887
formulated,0.10907700675393778
disk space,0.1090469928553496
178,0.10902192061229404
black,0.1090209913525162
logistic,0.10897184235905233
number dear,0.10889053342460009
free copy,0.10888365252165393
savvy,0.10876289918618988
america europe,0.10872605577226845
league,0.10870057402035012
offer check,0.1086483965732122
ones,0.10862720085841636
milestone,0.10852856159246073
cb cf,0.10850227497152025
poised positioned,0.10847878916616736
concord,0.10844099549148056
187,0.10841806321067637
parrot,0.10841346234768458
distribute report,0.10837147113974838
entertainment advertising,0.10837147113974838
company compensated,0.10837147113974838
report entertainment,0.10837147113974838
schwartz,0.10836837990350813
courtney,0.1083645969631392
olympic,0.10833974067290043
hidden,0.10833723069512113
newsletter click,0.10832005809697062
crave,0.1082985759275291
incur,0.10829616184941443
count herbert,0.10827388440474697
submit website,0.10826717029717348
scornful,0.10826213968354788
360,0.10822826936804245
validate email,0.10820343287642353
dominion,0.10818061610346548
d8,0.10817140240647853
borland,0.10816327054859352
originate,0.10815490424229547
details send,0.10810177743317656
software low,0.10808383362891096
stopped,0.10807378655391772
advice wish,0.10804717711589042
long include,0.10804298550501933
file claim,0.10798859047831641
absa bank,0.10798634384672998
ambieen,0.10798103209491608
200 provide,0.10796686307681778
vip,0.10794488859182604
policy concerns,0.10783473555661524
install software,0.10782822941480691
thanks time,0.10782791086120141
self esteem,0.1078159603927678
damn,0.10778042065600056
account regards,0.10774740510187268
eugene,0.10774497349096694
receipt,0.10765329763255145
solving,0.10761016031772214
patch pen,0.10755736199184154
ge pen,0.10755736199184154
changes se,0.10755736199184154
lengthen en,0.10755736199184154
alium,0.10740110885060175
recruit,0.10734761037192134
positioning,0.10729818688365393
ocean,0.10729567703742976
help expand,0.10728679910087636
expand lengthen,0.10728292819375188
used investment,0.10727362434590049
advertising purposes,0.10727242305050819
real man,0.10726323601593309
adverse,0.10726219509931459
bvlgari,0.10724757924878618
stomach,0.10720894034848545
supplying,0.10712670714586717
people killed,0.10705428476273088
clinically,0.10701000198943693
welcome,0.10699491858024592
ce c1,0.10698234946551595
cartier breitling,0.10694917278422461
motivate,0.1069080977850279
lonely,0.10690585869224538
75 00,0.10688320891691575
ef,0.1068771523904382
sort thing,0.10687217531908581
remaining,0.10685426653932695
mercurial,0.10684647021148629
buyers,0.10683406055981066
solutions,0.10681052252233422
wide range,0.10671664233339472
carrington,0.10671045660969147
surviving,0.10667688585268399
necessity,0.10667413768664773
avis,0.10658470562467251
castillo,0.10658359351078561
lists,0.10657549810490237
spent,0.10654691785000973
multiple orgasms,0.10654047744374955
predictive,0.1065103319799773
extra,0.10649170793235065
stands,0.10642655786873446
ministers,0.10641886142650599
week work,0.10635834641422456
inheritance,0.10631074995766246
zr,0.10630719497379088
desde,0.10625079249136272
embark,0.1062495972023106
sentiment,0.10624006870332883
concluding,0.10621494337466572
mortgage broker,0.1062028316490382
49 99,0.1061480242855509
search internet,0.10610483258902939
registrations,0.10608166904703022
bellow,0.10604942291980908
ca number,0.1060202852444301
ve got,0.10600494277510396
paradigms,0.10594932504305787
response regards,0.1059074000393334
commentary,0.10590443972459554
predecessor,0.10587813238968584
software pc,0.10587022200530243
beauty products,0.10586824443907249
marketing tools,0.1058603566577028
sixteen,0.10585145503811423
100 million,0.10584847101234927
telephone interview,0.10576115535686892
rms,0.10575043404585789
bello,0.1057430979555959
usaa 9800,0.10573949278843206
certainty,0.10571486938308168
lw,0.10569830845780752
business want,0.1056649117811119
496,0.10556232801281498
low rates,0.1055393241695264
contact financial,0.10549238544569511
claim funds,0.1054708023274665
vinoble,0.10545353504624101
cf c4,0.10544744798508032
supportive,0.10544676621715071
233,0.10543532136805667
mr peter,0.10542125523379292
skill,0.10540199955355055
redeem gift,0.10535400317044985
login restricted,0.1053402624961459
150 000,0.10531183073063778
contributes,0.1052827365312186
patch help,0.10527885194425643
experience major,0.10527843476185325
judgement,0.10527270395504199
rushed,0.10525271539026793
ohio,0.10522858555389233
zs,0.1052077417147035
executing,0.10519391388758301
sq,0.10514724923267052
lose just,0.1050819598632519
ouagadougou burkina,0.10506222262680305
eel,0.10505084098314009
graphics suite,0.10504236790376406
just lot,0.10501000397564104
ant,0.10500887341222297
featuring,0.10499715226955675
hi talked,0.10498884726486803
numeric,0.10496150696178168
rk,0.10494936386217348
section 101,0.10490859605843154
mail 4176,0.10490859605843154
101 paragraph,0.10490859605843154
4176 section,0.10490859605843154
events differ,0.10487364994461078
lot gain,0.10486889043366936
innocuous,0.1048673596378935
friendly customer,0.10482324530449134
prescription needed,0.1048216580569222
macromedia studio,0.10477321159334783
consciousness,0.10475669807021026
explicit,0.10472124806709478
africa email,0.10469613620037121
sitting,0.10462373287752956
imminent,0.10459244450423023
oughtnt,0.10456055128057021
june 22,0.10454440355910327
12 pm,0.10454396711927594
cw,0.10454120933083072
remuneration,0.10451988092400602
employers,0.10449571250499178
late client,0.10447574661920941
voip,0.10441889088241162
cricket,0.10441714548837194
british pounds,0.10438834408714563
successfull,0.10432190263555174
products health,0.10431238654584331
secretariat,0.10426870758320295
behavioral,0.10422012135685868
com user,0.10421678903394296
leach,0.10419363456594735
cf d7,0.10414275545435177
noble,0.10413362270416955
zip,0.10408255300452623
compliance federal,0.1040761240609305
th 00,0.10405140052320588
date fri,0.10404955455332952
legend,0.1039866764108529
strive,0.1039390960421693
rics url,0.10393051589602133
02 03,0.10391882074806917
homeland,0.10391195794694608
seventeen,0.10388571401053893
information sent,0.10380902594956397
broker dealer,0.10375068900229871
ouagadougou,0.10365974704826804
com original,0.10364139274437863
580,0.10359906165727012
taint,0.10357833118414889
credit rating,0.10353782763075621
weighted,0.10352581356745291
work experience,0.10348461615901935
number risks,0.10343753515044962
happen,0.10337826481090631
chicago,0.10336542063014524
matter unfortunately,0.10333824919951658
work inconvenient,0.10333824919951658
unfortunately traditional,0.10333824919951658
albert,0.1033264894156658
hindrance,0.10332281161477921
times better,0.10328991014636948
nf,0.10328954133118366
ups,0.10328753105980032
symbo,0.10328693259563863
ciick,0.10328099141771073
drugstores cover,0.10321446202412764
operating normally,0.10321446202412764
08 39,0.10317502568055234
account dear,0.10316092813026095
read hundreds,0.10313386200263455
cover operating,0.10311757114284754
license cost,0.1031141932131979
bacon,0.10308023107493774
consist,0.10305973546777637
mom,0.10305254687604912
living,0.10303273657282776
time change,0.10301756723145558
methods increase,0.10301197981328536
cost expenses,0.10292464239391451
cloudy,0.10290645379897471
iis,0.10284794948495445
new product,0.10284684201302108
shouid,0.1027976059803345
outer,0.10276244052128537
30 pills,0.10273965646983242
tourists,0.10273423157970042
ivory coast,0.1027162175925899
sur le,0.10269856154269998
curl,0.10269613485850036
ban,0.10261090848723683
franck muller,0.10260822620051763
enter email,0.10252202316968151
je vous,0.10237847206219379
chief,0.10233231435201345
creditors,0.10231883196529737
unsubscribe receiving,0.10229684549888614
03 00,0.1022923803904153
12 05,0.10223828248778115
position make,0.102231860359748
visit replica,0.1022131726571147
11 40,0.10211693547098591
ks,0.10206809987290273
complementary,0.10204423311331257
briggs,0.10204324860224101
10 45,0.10204079468226178
cheap oem,0.10202271131900324
new way,0.10201394137224412
pro office,0.10200201585793683
99 95,0.10197919793890503
gather,0.10196785582217424
great business,0.10194954390631947
anticipate,0.10194180381684673
spur,0.10194043764342185
surrender,0.10193975533133251
profile restricted,0.10180718626762361
com view,0.10169328534034802
1250,0.10167230049393534
expiring,0.10166610788520128
establishment,0.1016543606720026
rf,0.10164645314888318
hours free,0.1016368622075611
nom,0.1015819738346223
list reply,0.10158040648401775
policy violations,0.10157655637976894
pray,0.10155198895173613
recipient email,0.10154949120004496
entertaining,0.10154333166248446
micheal,0.10151425386799993
suggestion,0.10149694282405372
declined,0.10143326784056506
people working,0.10131861570690645
helen,0.10129968113862614
read news,0.1012851338326024
fashionable,0.10125108292975053
diagnostics,0.10122339746447029
provide account,0.10118517131637235
avert,0.10111740481774016
shortest,0.10107157916232055
barclays,0.10102197813376704
time statements,0.10099627069684981
dollars million,0.10097145023692082
abu,0.10094306763696559
pf,0.10088200648052245
years money,0.10080354269725211
magnificent,0.10080203379669056
blake,0.10077583274676313
yp,0.1007684227791479
15 12,0.10074567524552774
major changes,0.10071452853744317
ent,0.10063603433640782
free information,0.10060437065681825
adviced,0.10056781348334715
08 46,0.10054776774456099
urgent response,0.10053423387817223
osteoporosis,0.10051740834302107
dont let,0.10051696124484884
year mr,0.10051220450956928
comprehension,0.10044264168598797
sharp,0.10043083332632244
wonderful,0.10040812652140356
monday morning,0.1003767154230478
chun,0.10029357035671284
wearing,0.100262229630991
proposal dear,0.10025797548495877
exciting,0.10024198222918006
drugstores,0.10024140896490917
husband relatives,0.10022194208066648
icq,0.10022185636525736
conviction,0.10019134017870028
number fri,0.10012068929162941
sandwich,0.1000905491406076
1st september,0.10004797853454961
a2,0.10004661167006874
wiii,0.10003895396016234
actually make,0.10002900569168922
brasil,0.09993372127282307
proper,0.099929757994023
qui,0.09992819917660156
develop,0.0999093287797569
doing,0.09987502833201442
exceeding,0.09986658736311516
common problems,0.09985282184331375
return true,0.09982504613416884
local international,0.09976265585785189
come act,0.09976091790306461
deliver,0.09974699186274602
central bank,0.09970495506673557
wr,0.09967129469854698
crossed,0.09963554198908142
earl,0.09963001876857333
dispensary,0.09956840424870615
rea,0.09956751240363672
corel draw,0.09954100710607044
facilities,0.09942562258137115
past year,0.09941712171760568
ders processed,0.09939942045403381
detailed,0.09936748599128327
attitude,0.0993648929678545
67,0.09933523736225891
saddam,0.09931945426267295
software available,0.09931932862937705
bright,0.09930985686880847
readily,0.0992886108029419
committable,0.09928526610546123
email com,0.09927681361243088
ders,0.09924961779099968
alive,0.09923208178161343
just weeks,0.09916515682724993
11 13,0.09909333454198327
sultan,0.09907907320277366
diane,0.09899880609610733
papua,0.09898402365355433
4176,0.09895528133287719
finds,0.09894309081203402
defeat,0.09882189585865142
award committee,0.09880534827627781
different brands,0.09879909037650832
arising,0.09877614261932764
cables,0.09877397147079237
motley,0.0986957806596308
thousand euros,0.09867576205518032
financial markets,0.09865536688772719
winning information,0.09863964000387099
mad,0.09861990430770554
300,0.09859160482044438
canberra,0.09857834331673984
alternative boundary,0.09854144759306743
programmed,0.09848447396858385
qo,0.09847663838370167
catherwood,0.09842937892720205
indications,0.09840190354755346
survival,0.09839676668850038
american,0.09839130836375508
south african,0.09836645815521124
az number,0.09835375055089836
lightweight,0.09823759605013284
soon possible,0.09820672402213176
yukos oil,0.09814726417552198
yukos,0.09814710816742644
company registered,0.09814562579376958
instinct,0.09808551946584179
accompanied,0.09805759512671149
exporting,0.09800070965531607
sectors,0.0979246847215762
hereto,0.09792185711566098
chunk,0.09789752184355045
family member,0.09786825372669254
attention dear,0.09786167780351229
suspense account,0.09776857388256573
ay,0.09776242454718143
professional year,0.0977618494093443
pretoria,0.09770365819580068
message attachments,0.0976380064796711
russians,0.09761282930129728
processors,0.09760918926344692
22nd,0.09760589909041792
burns,0.09760217892776848
wong,0.09759806330214285
24 oct,0.09759279286270374
lesser,0.09756180430453781
humanitarian,0.09755210097599222
cre,0.0975457493058386
com mail,0.09751572820830498
transfers,0.09750448781004234
bank london,0.09749479694487656
login attempt,0.09746529343733364
doubt,0.09746005939415693
needed dear,0.0974590419702741
confidant,0.09745854125941143
ultimately,0.09743346763099128
chairman contract,0.09742448599476657
hannah,0.0973930349372
abuse,0.09738742532788792
assumes,0.09733042115641315
march 27,0.09731339146498773
dodson,0.09723844886402262
collapse,0.09720973852304929
nc,0.09719484851071422
member fdic,0.09717139091845527
swallow,0.09704600966980603
billion dollars,0.09700023220128039
17 08,0.09698357405347233
foreign contractors,0.09697690305561017
concentrated,0.09695805892573263
weils,0.0969401218145453
duty,0.09693497069614643
1st october,0.09693466808664482
gentleman,0.09679157247529123
site help,0.09674941797180439
mikhail,0.09673594320163716
addressee,0.09672449563950584
font color,0.09671172454315759
need telephone,0.09667434056576017
fills,0.09659396637928414
release fund,0.09657700992624825
access online,0.09655804979281227
closing balance,0.09652678929308896
neighborhood,0.0965153672770193
ctive,0.0964687074873508
abiiity,0.09646063210047677
friday september,0.09645989852863722
wysak petroieum,0.09640909109106575
bridges,0.09640453521128095
billion year,0.09635507462353453
cargo,0.09635323913996531
virus free,0.0962542789907131
13 11,0.09625114091890398
collections,0.096207998195752
simply form,0.0962035889852155
year 16,0.09619244316054551
yap,0.09615248866715213
lil,0.09615126937239842
netflix,0.09615097785884931
need wait,0.09614328044771732
petroieum,0.09612744772895473
tusk,0.09607981716687203
text message,0.0960712505022065
pickup,0.09607072787818335
tube,0.09606229483140494
position bank,0.09604117565414427
dr,0.09604049894733191
er str,0.09596808449424422
uw,0.09593944713762044
26 th,0.09583842590860368
travelling,0.09578965887445141
suc,0.09576513773523476
screening,0.09572700069721915
ali duty,0.09568843890741568
operations alex,0.09565967061367191
attention congratulations,0.09563079292099545
closure,0.09560963740661638
blo,0.09557446391066164
confidential secret,0.09557431615466075
24 hour,0.09554857285642775
321,0.0955353997329612
mercy,0.09547328240293537
plain text,0.09544635487299102
esmtp,0.09542849670616922
1934 statements,0.09537947870949659
confirm information,0.09537084354637863
n_chars,0.09536984927194322
reform act,0.09535704108890058
involves transfer,0.09534193266482102
ll receive,0.09529303510168394
invoiced,0.09528445061375332
verify username,0.09527505031909686
username restore,0.09527505031909686
management group,0.09526788545676206
viagra line,0.0952317074474654
beliefs,0.09521418169761016
expenses drugstores,0.0951747804294711
selected participate,0.09516949122987588
pleasant,0.09513450515102015
xual,0.09512535639064769
wish inform,0.095108888777763
swig,0.09508643566316927
identifies,0.09508475041858823
membership send,0.09508467380468882
respect predictions,0.09499977829206217
male enhancing,0.0949949404625865
forwarding,0.09498677734679453
interested attending,0.09498640528220655
eliminates,0.0949712118962022
c9 cb,0.09493107968664129
da c1,0.09493107968664129
ng safe,0.09491142079487756
safe effect,0.09491142079487756
dici,0.09491142079487756
buyi,0.09491142079487756
line vis,0.09491142079487756
arn mo,0.09491142079487756
mac adobe,0.09490163123151613
blessing,0.09485912150833817
chemicals,0.09485858813308949
wysak petroleum,0.09483230344624308
herr von,0.09480090656689327
version gnupg,0.09477911985736108
signature version,0.09474735930944567
bounds,0.09472988697986798
company rights,0.09471988572719711
questions don,0.09470676178812944
nigeria plc,0.094688104958377
line pharmacy,0.09467883182801366
acre,0.09455440042573585
bearing,0.09451284003934725
follow thanks,0.09449586383193553
center number,0.09444330753505721
day shlpp,0.09442387056579468
mohammed,0.09426532869325031
arn,0.0942595186580954
prevented,0.09424250437245535
shlpp ng,0.09423482412223365
rankin,0.09419777111006304
wealth,0.09417851982840528
beaver,0.0941561350509056
pride,0.09414282797341757
manhattan,0.09412266575987338
mountains,0.09407958051246204
adobe premiere,0.09404964294422592
sovereign,0.09402715571199138
01 12,0.09402646664900005
retail,0.09400715860099379
___________________________________________________________________________ mail,0.09397931390462586
cars,0.0939180845145468
perry,0.09390085668590989
dispute,0.09381613933680781
south america,0.09379955341250362
1000,0.0937870179453477
d7,0.0937836923396826
gram,0.09374233317411317
loses,0.09368290337541454
verde,0.0936767745674045
sip,0.0936595811381176
login suspended,0.09365811010493041
castle,0.09363115351992404
bloomington,0.09362579706876425
assessed,0.09353843002500796
natwest,0.09352164261841238
ers,0.09351531577763965
doilars,0.0934578288631275
000 million,0.09343561668897121
advertisement sent,0.09339258279397651
04,0.09337310738159661
kuwait,0.09337022253957293
today company,0.09336659543519882
refuses,0.09332948848371415
ratio,0.09328574471649284
rj,0.0932690088967253
reward collect,0.09325077753256938
note message,0.09322958242670534
lasts,0.09322273766160223
ooking statements,0.09319985335054283
registrar,0.09317353499620627
base,0.09316087917123408
0300 story,0.09315205485152038
account opened,0.09314882277457917
fred,0.0930483937797202
head office,0.09302923160355418
using po,0.0929973781246848
accept apology,0.09299347658707226
laying,0.09299021148810205
market research,0.09298436043380749
knock,0.0929651508879622
skin care,0.09293682289215507
occasionally,0.09291706445189692
online access,0.0929088413835381
qc,0.09285654688509681
business partner,0.09284805060409239
10 27,0.09281994287757601
opinion,0.09273450564626355
just follow,0.0926999686960433
limitation,0.0926975107332795
invaluable,0.09262554650200311
barnes,0.09261822510075733
best online,0.09259720192265633
wei,0.09257459980943546
rolex want,0.09256228763636307
degrees,0.09252903881167784
intends,0.09251712238153427
day dear,0.0924394548612588
error immediately,0.09243570622427616
businessman,0.09243468320219911
year world,0.09242993647284749
handler,0.09241563523440184
situated,0.09235372912662958
projections objectives,0.09235249251595197
company going,0.09234585165305836
blocker,0.09233924882233521
adviser,0.09224610332414969
liberty,0.09220385504116942
applicants,0.09219302511156897
venture,0.09219249839419566
relationship,0.09219229725993598
porters,0.09212666731743821
end pgp,0.09209357202027459
headed,0.09205078207431748
state dollars,0.09204341050523787
open account,0.09202154356223467
forward ooking,0.09196920353478825
gift 200,0.09195943535860214
dir,0.0919339860149152
company does,0.09189238530355891
visuai,0.0918714068105347
lenders,0.09185846561840051
increase online,0.09177843978733846
ais,0.09177197847485882
capable,0.09175438800314592
email spam,0.09170392997215268
today avoid,0.09170034249839146
year event,0.09166886467093563
country want,0.09165255094072729
summer great,0.09162415862252771
upside,0.09160025917749766
alfred,0.09159718478511263
random,0.09156920707869057
emerge,0.0914882832487267
shawn,0.09147621730707114
thirteen,0.09145308779654798
information enable,0.09141720716980181
arisen,0.0914091976490234
power supply,0.0913122116171367
oft,0.09130227452704223
08 30,0.09125657172288006
fantastic replica,0.09122831952601189
sale fantastic,0.09122831952601189
176,0.09121226316356396
st petersburg,0.09120647137958875
children hospital,0.09114579401798412
nose,0.09113111833396587
spring big,0.09111154683413204
copy message,0.0911056153500323
erci,0.09110024770780313
psychotherapist,0.09109982480747933
regards alex,0.09109694522102954
spectator,0.09108570963097432
501,0.09107160744586827
adoption,0.09103765392291736
audiences,0.09103447889105763
told sum,0.09102071342142182
ep,0.09099213931668647
callers,0.09096962648089628
summer right,0.09095931148926661
servicing,0.0908804210418495
certain actions,0.09083651487892126
notified dissemination,0.09083603162715642
mr richard,0.09077834725665436
export,0.09073843382001504
business days,0.09073577384488088
box email,0.09073247970091297
brigham,0.09072423542334852
loyal,0.09070075236195524
ql,0.09064854966007803
indicating certain,0.09062857730477007
c9 c5,0.09062554287041785
oder,0.09062077410318192
hanson,0.09057246087019975
ranks,0.09055167021580103
testers,0.09054609509170375
permits,0.09050615490075431
threat,0.09047675326102937
emirate,0.09046367774828834
total deal,0.09043853785085737
private telephone,0.09041853836537736
30 40,0.090418378347163
perrelet,0.09030281628194549
simply don,0.09027508033261422
probe,0.09027178446339446
fc,0.09024997930753902
clicked,0.09019944459099442
double claiming,0.09005765501286528
united nation,0.09000305738899303
address account,0.08994510073828722
gw,0.08994051010365373
international promotions,0.08990281619064783
address enable,0.08983557341505863
security settings,0.08981932253255653
incorporation,0.08981041355978286
sent mail,0.08979814870775746
come forward,0.08978241542991644
ibm,0.08977919575180755
statesman,0.08977817049842259
refinance click,0.08973547270322672
consultation mortgage,0.08972975937310271
edic,0.08962831650606376
separatists,0.08961942658448542
abacha,0.08956835298535969
information workshop,0.08955813179234527
pro adobe,0.08953133966766424
intention,0.08952853763829836
f7,0.08952099268803478
tab,0.08951792746018296
angela,0.08951231145068514
problem pull,0.0894632568002538
qualify new,0.0894632568002538
attempts,0.0894398361547932
remarks,0.0894033062663449
constructor,0.08927806106741626
500 provide,0.08927775964933587
march 13,0.08925839400631537
06 07,0.08923113292593193
peng,0.08913478600245098
desk martinez,0.0891211688716922
012,0.08907309755692523
recipient,0.08900766419034369
day keeps,0.08898605279742469
ghz,0.08896934094550203
legal documents,0.08894843245203994
investors profile,0.08890771524617161
profile way,0.08890771524617161
cocoa,0.08887609221139413
com spam,0.08885619232881076
science engineering,0.08883408759530736
gift 500,0.08882622172441669
francis,0.0888065395211831
boards,0.08878016798470673
mail group,0.08876478670901254
cache,0.0887432338862156
meyers,0.08874098046778839
cyber,0.08873445686829949
remain blessed,0.08872032267906382
899,0.08868725790704689
automation,0.08867364737519337
security firm,0.08867182270977324
zone usaa,0.08861119712690203
based expectations,0.08856481617452266
procedural,0.08856300975774346
simulate,0.0885334491124387
advisors,0.08850129824502828
90 minutes,0.08848020267453893
consequently,0.0884584370334476
exciusive,0.08841561140032222
meter,0.08831307374832131
just time,0.08831306262958498
relatives don,0.0882750216831298
rm,0.08824668469867893
continue security,0.08824337869652166
offers discounts,0.08820672320079073
url latest,0.0881163620692857
angola,0.08811279791572546
woridwide,0.08810949204318946
price 50,0.08810502900227485
205,0.08805006416999021
marshall,0.08801940738212917
free gift,0.08801187531911421
102,0.08800693294504533
project year,0.08796427403271749
immediately email,0.08795472184145624
brochure,0.08795243718330761
make payment,0.0879338593828803
wa number,0.08790194198121674
ambassador,0.08789510129642057
approve payment,0.08787860487650558
soliciting,0.08787111993011629
engagement,0.08784828625079702
amateur,0.08783828020671033
contact mail,0.08782251099972462
use words,0.08780933619077773
719,0.08773439803262549
act fast,0.08770377904723109
nu,0.08768511362868661
7bit content,0.0876810624835634
contact internet,0.08766485014067261
fact forward,0.08761098999241604
ama,0.08759429669534682
cantonese,0.08758265544161312
message sent,0.08754247190648544
workshop participants,0.08753946023491323
irvin,0.08749179025385738
makes easy,0.08739002543595027
529,0.08736452436666907
vertical,0.08731311134999328
phenomena,0.08729150849957473
head state,0.08728576545992936
alberto,0.08727281177552032
considered highly,0.08722516950655362
hello dear,0.08722169291712349
generic products,0.08719060832248829
semi,0.08718288141453245
insurance banking,0.08716271744883407
savage,0.08715484731770516
biggest,0.08715307829793478
usaa member,0.08714866595325758
00 01,0.08712203465839952
email ago,0.0871112635539949
ago qualify,0.0871112635539949
f2,0.08706697303137631
desk alex,0.08700144499882151
stranded,0.0869303009128277
google adwords,0.08691056210847524
month bad,0.08690085014567708
adwords,0.0867920755405494
remittance department,0.08678071883840861
maximize,0.08676605086407582
business deal,0.08674407142020904
notch,0.08665033066184805
frankly,0.08664372431277802
beef,0.08662433177433522
center new,0.08661984789886296
dat,0.08656666621565315
barrels oil,0.08652659120684174
cgi,0.08649216259322327
april 11,0.08648388750892524
1987,0.0864750869125404
association insurance,0.08646563493011956
manage,0.08633000466350568
nasa,0.08632637267539464
hermes,0.08630764091822266
man care,0.0862787790080643
just want,0.08622682408172955
fifth sixth,0.08622043886662252
processed money,0.0861424885283897
rolex watches,0.08612309994290687
faced,0.08611299986060549
bad,0.08611178266532146
mr john,0.08610177502375495
bank south,0.08609749916012935
id content,0.08607400766857759
day week,0.08606696256209595
regulation,0.08603304086975912
gold diamond,0.08600598185737976
beings,0.0859971647154082
means united,0.08597325150775895
usaa means,0.08597325150775895
united services,0.08597242690247957
services automobile,0.08597242690247957
automobile association,0.08597242690247957
com thank,0.08597066561024796
redeem payment,0.08593333317666302
eagle,0.085918295628207
fax 234,0.08590471249405275
sought,0.08587308807868643
eliminated,0.08586858801089478
money need,0.0858424331537198
relocate,0.08578358754893774
transmitted,0.08576443536267969
schranner,0.085670594476384
recipient refund,0.08563778300693436
different things,0.0856112027958987
banking investment,0.0855093816287955
life time,0.08535326292648993
network,0.08535264818631451
incurred,0.08531092662480642
30 seconds,0.08530779334868635
disclosing,0.0853059613080808
attorney,0.08528127299638855
60 40,0.08527039419233551
decision makers,0.08526383157117069
banque,0.08524609104537627
matthew,0.08524348464153476
ural,0.08523722864963579
07 20,0.08521719922938285
really think,0.08521700559006212
decide,0.08513698463818876
luger,0.08512306626377142
love luger,0.08512306626377142
flu,0.08507723870557508
processed free,0.08503486477621411
free ship,0.08503486477621411
yellow,0.08503072081748463
toois,0.08497970767914712
dans votre,0.08496493375668321
hard copies,0.08496473509993642
lot things,0.08491190666956963
make change,0.08488252478925096
exhibit,0.08485584996417983
pizza,0.08481081448790967
deity,0.08479476289524074
ise 229,0.0847670326188174
shipping international,0.0847670326188174
requirements accessories,0.0847670326188174
code ise,0.0847670326188174
international instant,0.0847670326188174
229 media,0.0847670326188174
choose options,0.0847670326188174
rom download,0.0847670326188174
rank shipping,0.0847670326188174
download date,0.0847670326188174
media cd,0.0847670326188174
bona,0.08475073632654669
account details,0.08470089484923211
abidjan cote,0.0846196535173328
letters,0.08461680072217859
papers published,0.08459879641388088
studied,0.08459629661256837
handicapped,0.08458779552271742
application form,0.08455903957041526
predicate,0.084547816015164
submission request,0.08453908683846297
matrimonial,0.08453325607827179
commercially,0.08452481637522125
use safe,0.08448215621624573
internationally,0.08445190203268131
size does,0.0844333795646855
temporary hold,0.08443278932224553
preferable,0.08436546491504221
marked spam,0.08435103335656294
crediting,0.084350665008068
leg,0.08433963283962913
12 02,0.08432936146980528
digital,0.08430258139549764
year best,0.0842931364449948
philips,0.0842853752068979
hunting,0.08427056932984175
nigeria dear,0.08424945374901749
basin,0.08423463288679625
fireworks,0.08423051477380004
beliefs plans,0.08421232774005345
consent,0.08418604843416275
excellent,0.08417865951473326
receive reply,0.08415409002592139
sincerely dr,0.08414891124805345
hitch,0.08412805914191494
ring,0.08409052355293234
loss supplement,0.08408358091664342
495,0.08406884451514839
account need,0.08405279127158428
radar,0.08403054654296323
papers submission,0.0839812249494213
21st,0.08396160482446764
email faithfully,0.08390044259606992
om,0.08387738094562734
popular medssno,0.08386304743721217
iaagra ambieen,0.08386304743721217
96 iaagra,0.08386304743721217
medssno long,0.08386304743721217
ambieen popular,0.08386304743721217
shippiing,0.08386304743721217
alium cialiis,0.08386304743721217
medssno,0.08386304743721217
watches save,0.08385650254730115
dollars account,0.0838292393634744
electronic,0.0838247267618983
respectively,0.0838171245995818
christmas replica,0.08374477741220027
sã,0.08371970387320406
friendship,0.0836855381383867
galvanism,0.08360359900046566
1st,0.08359654645566864
liu,0.0835615733110951
violations account,0.08355941224744458
beneficiary funds,0.08351118537062333
women url,0.0834229917486934
options list,0.08341765522957018
download requirements,0.08341496184457317
login locked,0.08341426786200042
remember just,0.08337986613281602
genera,0.08328190892503538
ambiguous,0.08327028861464425
ordering,0.08326189038076705
viagra med,0.08317637537974433
med struggle,0.08317637537974433
struggle mens,0.08317637537974433
mens erectile,0.08317637537974433
pure,0.0831743647605799
andreas schranner,0.08316284489243453
continuous,0.08314664745943347
iaagra 64,0.0831256257614655
water,0.08312486749479282
expiration,0.08310996113352034
shen,0.08305815720849974
company address,0.08303039211442782
inet,0.08301970577361434
immediately purchase,0.0829998642126269
chance,0.08299654816343557
contact year,0.08294836164904278
abs,0.08289421490552197
cialiis iaagra,0.08289239704393546
xanaax alium,0.08289239704393546
xanaax 75,0.0828885176370358
tai,0.08288378250528294
years old,0.08282767714301119
committed,0.0828153362851753
merciful,0.08278765811266622
onshore,0.08277072681732721
contains forward,0.08276360280497119
terminate account,0.08275908175699609
opportunity introduce,0.08273631452573553
sent reminder,0.08268035201426421
studio mx,0.08266702094634908
number bcd0284e2df718,0.0826501120749578
bcd0284e2df718,0.0826501120749578
8b number,0.0826501120749578
number bcf,0.0826501120749578
bcf number,0.0826501120749578
total offer,0.08263561702564187
immensely,0.08262890597349323
click learn,0.08262066919645528
momentum,0.08261864410367087
inherited,0.0825887316822532
request cancel,0.08253914600288842
spell,0.0825367420973153
reas,0.08253187885733407
summons,0.08248102928675964
pay shiip,0.0824453003584566
long questioning,0.08244439122519563
tion running,0.08244439122519563
questioning form,0.08244439122519563
inches length,0.08241955776421232
geoffrey,0.08241342232922047
manner,0.08240916342375723
declaration,0.08236245044730489
785,0.08227105153397898
feasible,0.08226225185139603
18 11,0.08224238505476043
online health,0.08223974044394557
prom tion,0.08222764368004694
technically,0.08222284664718962
reply send,0.08220967717573364
gt,0.0821808148165908
hong,0.08217239453824499
email copy,0.0821391399746703
september 14,0.0820768257610737
commission,0.08207529068576641
reverse,0.08202074966811448
morgan martinez,0.08199826569314633
does represent,0.08199414404546196
sum deal,0.08196187845134112
whiie,0.08196096644758381
information order,0.08194634301460722
ans,0.08193389674916035
secure contact,0.08193308957831061
usaa visit,0.08193308957831061
death father,0.08193267521471219
unpaid,0.08188909323799737
freeze account,0.08182864363336614
cautioned,0.08179244313166703
money remitted,0.0817778298765695
year 100,0.0817202291353624
highly appreciated,0.08171755872312716
95ad,0.08168680844497311
risk involved,0.08165477246922025
sent sunday,0.08155100601511223
wn,0.0815228064971006
mba,0.08150690626946396
decision making,0.08150416500891161
department bank,0.08149609271776623
tropical,0.08149481199349723
specuiative,0.08147172700858649
box security,0.08144996250240664
beneficiaries,0.08144533042349109
looking tag,0.08142298613893488
heur replica,0.08142298613893488
heur,0.08142298613893488
tag heur,0.08142298613893488
replica visit,0.08142298613893488
taxation,0.0814087445731641
like chat,0.08139042077763267
preceding,0.08137979123180682
know content,0.08136966009164391
replica atches,0.08136926354517404
suite 12,0.08135425092529132
july 30,0.0813413119590995
start making,0.08133801309460047
macromedia dreamwaver,0.08132360031968765
certificate deposit,0.08130472247470062
sao,0.08127118415793207
shopping center,0.08126103655097831
new server,0.08125783677560681
security protocol,0.08124541804869559
0700 pdt,0.08121136897318994
simon,0.081163315333841
did make,0.08116104621094392
prize redeem,0.08113785715496322
interesting,0.08112212526448993
d2 cf,0.08103479245473215
request account,0.081005418134822
enter verification,0.08097075184044332
quote reference,0.08095961680813872
bx,0.08095920755075109
processed,0.08095449548797888
900,0.0809408388915403
year thank,0.08092697973631595
bk,0.08086247737285746
oil,0.0808427105026344
house,0.08083638225256176
believing,0.08083222451325617
trap,0.08082767128505326
flood,0.0808254484126576
foresee,0.0807550554768204
attached ticket,0.08071075870831071
profiie,0.08070919116170766
padding,0.08069748056560998
agendas,0.08069460207980822
prize award,0.08069153190467299
receive positive,0.08062948027573506
nuevo,0.08060368290730413
stable,0.08058112440350836
obe,0.08057798930095819
opened year,0.08055831622780246
opposition,0.08054350493407988
colombia,0.08051979971267774
georgetown university,0.08051436775199183
shea,0.08050704355886923
new music,0.0804938708703124
mainstream,0.08048034297901076
office home,0.08045972529351716
ise,0.08045351181334158
30 years,0.08037705689212005
statements regarding,0.08037500749545494
penalty case,0.0803707470863004
avoid penalty,0.0803707470863004
gay,0.08036425347563289
computer ballot,0.08035424878692418
investor radar,0.08034767477053607
bien,0.0803119727279274
disbursement,0.0803022019346864
research centre,0.08028516841216062
consumer,0.08024558016002255
fell,0.08022827456697952
n_emails,0.08021374239267126
awesome earning,0.08020196823884147
radar screens,0.08019483059794663
utilization,0.080189170354781
packard,0.08016719334103811
feet natural,0.08007732590352834
dubai,0.08007209192576477
hutchinson,0.0800702928524041
departmental,0.08004883851723074
wasted,0.0800372638963899
joyce,0.08003658849003382
waals,0.08001635470861547
derrick,0.07999970844923722
restricted,0.07998825946642706
soft tabs,0.07994523834739925
04 11,0.07991874143499189
bank africa,0.07991328577940783
today click,0.079885148298277
involve number,0.07987126661094383
sole,0.07986237870279334
assist family,0.07983882159803042
secure message,0.07983043786405933
release date,0.0798292292392283
want send,0.07977664005429705
intuition,0.07976050707625643
bea,0.07974905910101147
pc mac,0.07974105816787043
response email,0.07973052754547853
observe,0.07970894717754988
gains length,0.07969760566308887
magical,0.07968648062886168
doesn matter,0.0796759076577009
testimony,0.07967016223112858
resolve issue,0.07963113710455055
micron,0.07962730279712145
95 just,0.07958756297831387
95 dreamweaver,0.07958756297831387
version 59,0.07958756297831387
browse site,0.07958756297831387
year 119,0.07958756297831387
year homesite,0.07958756297831387
just browse,0.07958756297831387
offer localized,0.07958756297831387
spanish uk,0.07958756297831387
quark,0.07953294958786815
skilled,0.07953249332000434
27 11,0.0794052594300547
homesite,0.07938544870930853
need native,0.07938498480538277
earliest response,0.07936807597969896
year professional,0.07933292524182078
inciude,0.07929741922913103
director international,0.07929168143261989
karma,0.07928590211059076
hurt,0.07928376951745143
gambling,0.07927681278926169
guaranteed provide,0.07925383629700905
sum 10,0.07920831243804166
spend money,0.07919265677032489
software versions,0.07919196249661296
berry,0.07908440756351236
projections time,0.0790779502396258
estimates projections,0.0790779502396258
expectations estimates,0.0790779502396258
gala,0.07906478719384476
email domain,0.07905815617577808
old woman,0.07903381163347585
bottles,0.07902964286279097
account authenticate,0.07900700527760675
twa,0.07900157561907639
95 macromedia,0.07899634375546473
desk dr,0.07898916599083981
170,0.07897685157134826
officine,0.07895429734608694
crete,0.07894171508006809
use position,0.07893783359799136
regulated,0.0788824514885723
mon,0.07886476162321343
year 47,0.07885895970997997
links url,0.07884860376703763
funds currently,0.07884299524849503
algebra,0.07881447076289393
want need,0.07881262784668933
users world,0.0788110261724999
asked questions,0.07880672562242012
lana,0.07879737822930022
mistake,0.07873253736973063
disqualification,0.078712179778951
tootle,0.07868066590996854
check,0.07867936496460534
44 number,0.07865364054906061
gq,0.07865021241345112
free 800,0.0786454495267656
withdraw,0.07864277182046164
torture,0.07859773709856373
currency,0.07858113728668695
852,0.07858037070320732
impaired,0.07856077505724718
65 140,0.07854864236881581
rolex 65,0.07854864236881581
beverly,0.07852216623927519
soulmate,0.07843267724041879
hw,0.07840733255236763
proposal visit,0.0783363156715982
afraid,0.07831512119016527
saave,0.07831315918860951
way help,0.07830162913129672
routing,0.07829813078023981
holmes,0.07827161411436949
pit,0.07826599422243374
high risk,0.078264437759666
pdf format,0.07824397937295667
industrial,0.07824342330975924
designated account,0.07823368071622855
email list,0.07821365097026794
554,0.07820443789156613
alternatives,0.07811746866230052
urgency,0.07808730092830908
respond freeze,0.07803415684167128
email advertisement,0.07802051260727191
takes seconds,0.07798345762920975
st year,0.07789733697086841
reliable person,0.07786658988313369
axis,0.07785101137477814
collect payment,0.07778803760184422
summer exact,0.0777718256502279
solicitor,0.07775163321488558
mentoring,0.07774528416665677
projects foresee,0.07774218986042976
foresee expects,0.07774218986042976
words projects,0.07774218986042976
operate foreign,0.07772503128539252
available hello,0.07770691154895143
accurately,0.07768175400878519
henrique,0.07767034097989084
terrorist,0.07766074834934417
statements action,0.07765568467309433
action identified,0.07765568467309433
c9 cd,0.07764241507527814
d7 cf,0.07764241507527814
cb c9,0.07764241507527814
c4 d3,0.07764241507527814
c3 c5,0.07764241507527814
c5 ce,0.07764241507527814
c1 d3,0.07764241507527814
c1 d7,0.07764241507527814
suite 11,0.07763199957579969
retired,0.07759648484783245
ar,0.07756301564178256
important class,0.0775475830586445
complete verification,0.07754719590830544
15 55,0.07749953824474196
terrorists,0.07749739675376077
identified use,0.07748554263281349
financially,0.07743931391898567
national petroleum,0.07741422070248874
envelopes,0.07730154516621651
jerome,0.07726043458682577
want invest,0.0772445571958168
danny,0.07719918691716021
norm,0.07719810864603936
click click,0.07717389916813715
nm,0.07716084902927106
listings,0.07713883363785617
republic,0.0771216889064305
respective owners,0.07711173668289593
age 18,0.07709467366548556
biosphere,0.07709064117157531
guideline,0.07707536373146934
attacked,0.07707322679079916
65,0.07707098445783372
ire,0.07706860710757696
bonuses,0.07706069079336739
internet security,0.07702191080252443
0031,0.07699912810016216
batch numbers,0.07698417935173624
subject matter,0.07690540355863189
brazil,0.07689332403562632
quick,0.07687024115108329
classifiers,0.07682530574596803
don miss,0.07681048145400175
maintain,0.076808445928558
fast turnaround,0.07680706541578308
yves,0.07679773417423442
price look,0.07679089739542337
breach,0.07678137114713914
activation code,0.07676204310229245
team morgan,0.07661473312617978
manuals,0.07658388596960942
receiving email,0.07658061989822104
wednesday december,0.07656266246490805
phones,0.07651739235829802
mars,0.07651249027075807
ults,0.07647983578088523
arithmetic,0.07646821788772942
remembered,0.0764635435583593
solve problem,0.07644565839464179
calculator,0.07641309229402789
constantly,0.076384034977207
priority,0.07638259920046014
william smith,0.07635441134604753
beiieve,0.07631136987458224
noisy,0.0762813634420877
way affiliated,0.07624401794351843
affiliated featured,0.07624401794351843
bestowed,0.07623684929986933
shedir,0.07623301512690188
year shooting,0.07617946287832636
handset,0.07616636434740674
rfc822 content,0.07615169039705766
3mb,0.07614644243788397
date june,0.0761192664082599
commercial email,0.07611184292451328
22 20,0.07610676457607038
cheng,0.07606896443904552
21 years,0.07606477189878283
madam mr,0.0760353921155793
readiness,0.07599362840856624
won work,0.07597899323057404
247,0.07596679840461
overseas,0.07595023410315116
acoustic,0.07593948156955914
prescripiton,0.07592922651184061
street journal,0.07592803525646752
confidential proprietary,0.07587006522926475
attached resume,0.07586356235605239
secondary,0.0757958322744528
refund redeem,0.0757843379091326
texas number,0.07576876405648125
free transaction,0.07574941553696508
highiy,0.07574785933855527
emerson,0.07570415313038888
service pack,0.07565204421456696
duane,0.07563711329564131
account choice,0.07560437178207063
business partnership,0.07559515185479421
foriegn,0.07558876393427386
roma,0.07558109815970478
included,0.07557438532531656
soil,0.0755640749016646
envy,0.07555934788716524
huge sum,0.07551300969277759
attempt account,0.07545458693351655
desk riley,0.07544830977922401
d1 da,0.07541202846225577
e4 d1,0.07541202846225577
c1 da,0.07541202846225577
c1 cb,0.07541202846225577
20 9a,0.07541202846225577
da c9,0.07541202846225577
like real,0.07541166233065132
bosom,0.0754001614510088
body message,0.07528800879174274
beneficiary fund,0.07520707571604204
action taken,0.07516505601240402
countless,0.07515110165060795
respond terminate,0.07513811499606035
ul,0.07513410927905674
yielding,0.07512322408357122
second time,0.07510188074508498
chemical,0.07510178975083588
seeking assistance,0.07503637220711305
security services,0.07501717209370767
meters,0.07499270855559027
sudden death,0.07498498716554941
lagos nigeria,0.07497350310123445
20 000,0.07493941577061537
fun dear,0.07485971033533732
ora,0.07484164671636655
inconsistent,0.07483894870247283
lower price,0.07483789547705806
semitic,0.07480616259838488
inclusion,0.07479272728216343
pleased inform,0.07478694547220754
develops,0.07477473123511362
detected login,0.07475929462800603
schiller,0.07475823975796443
harbor,0.0747479875492768
alms,0.07474783599842462
competitive,0.074673785932835
couid,0.07466306118118278
receive free,0.07460994523963854
need know,0.07458605549652658
moi,0.07449381236616796
tiscali uk,0.07446722115082036
day days,0.07446576916318173
multi,0.07445550130290349
jeffrey,0.07445197633566907
begging,0.07444679938606194
xn,0.0744200754398753
information processing,0.07437937454123476
reservations,0.07437638262040455
meantime want,0.07436362477642626
bobby,0.07434229357558189
420,0.07431222760786248
buy rolex,0.07429856147605736
userid,0.07429803985381413
3oo,0.07426350233590849
possible learn,0.0742606450729595
adulate,0.07422744301219271
rationality,0.07421729636060855
rescue,0.07420169774962489
realized,0.07416235586210577
selected computer,0.07415930272111791
petroleum resources,0.07415836929223503
02 25,0.07413847335700625
remember quote,0.07412428012135945
san ca,0.07409407383907747
replica watch,0.074092006121091
slowing,0.07408234661039108
invest country,0.07407052608087772
northern ireland,0.07406395309414696
oct 22,0.07404478882891666
security reason,0.07403156174290938
proprietary,0.07402321616615615
delicate,0.07401631950609971
try meantime,0.07396091835769396
ads suspended,0.07396042188928859
best solution,0.07393682414468183
employee benefits,0.07385978314530392
urgent positive,0.0738462511531343
storey,0.07382698188494782
bazaar,0.07380998795365482
trustee,0.07380510183861826
postmaster,0.0738022671985
confirmation hello,0.07377153099119453
page number,0.07374767991583407
barbarian,0.07372476203530409
10 57,0.07369575860796504
require additional,0.07367816190518606
unscrupulous,0.07367624162036218
goais,0.07366738261286897
patton,0.07365946349931131
150,0.07359316097443626
home users,0.0735642689482526
prohibits,0.07354205105741354
broadband 15,0.07350696507245964
assist transfer,0.07349758465193336
bearing mind,0.07349031730601903
finger,0.07345377179569368
1983,0.07340274664149468
crises,0.07337003384762772
known companies,0.07333863479659557
ho,0.07330992102715238
authenticate access,0.07328762676813834
form order,0.07326052271668153
wow,0.07323849767305973
dvds,0.07322961336862914
bears,0.07322023696682178
herrespect,0.07320480256310136
details herrespect,0.07320480256310136
herrespect com,0.07320480256310136
cellpadding,0.07319051202626219
cohen,0.07318538998251621
famous brands,0.07316596410106803
cz,0.0731542719825284
tan,0.07313213301352202
non profit,0.07312937292773619
want god,0.07311812299703845
122,0.07309629357549154
common sense,0.07303225970123702
expectations beliefs,0.07302850661924774
12 16,0.07297446814263131
new perrelet,0.0729373465924121
perrelet watch,0.0729373465924121
sults,0.07292496932461831
loosing,0.07291393185541777
decorator,0.07286669084448574
win64,0.07284193142575306
qmail number,0.07283011078393958
holding company,0.07282490945913354
extend stay,0.0727899502115453
30 total,0.07278905960656591
quo,0.07278205934352339
annually,0.07274720843354886
editor chief,0.07271637410733002
watch buy,0.07268222427284388
fatal,0.07267471048019694
gains 100,0.07266989622827771
confidential telephone,0.07264186865745229
suspended update,0.07263686626909333
vd,0.07262321026163165
australia,0.07260904902164006
motorola,0.07258396405179526
decline,0.07253247580154658
dica,0.07252924494033468
french spanish,0.07250798594233258
number invoked,0.07249557778204267
für,0.07249496567818316
information used,0.07245750975081297
algeria,0.07245548674487104
erp,0.07244908552948015
thank god,0.07243037138384516
results events,0.07239156405363434
men health,0.07235729378876334
numbered,0.07227405353446595
dans une,0.07222615635432598
sums money,0.07219849813209761
welis,0.07219825526887741
mentor,0.072188300374965
loss data,0.07217173140584696
diagnose,0.07214623241364077
hg,0.07213819617817349
landing,0.0721056516978952
louis,0.07209118224867103
urbana,0.07209003322862398
review summary,0.07204954348571868
individually,0.07204504467195258
hero,0.072043516445982
continually,0.0720379208703214
coffey,0.07198090093525958
update security,0.07196059420405375
expenses,0.07194176454979594
fda approved,0.07189972346619589
vyigra,0.07188795359945785
fda appoved,0.07185301384032267
appoved,0.07185301384032267
donahue,0.07185083629974275
suspicious,0.07182907725126651
confidentially,0.07182839111598627
motherboard,0.07181289054443649
curious,0.07173244074732345
pbx,0.07170729842904587
new email,0.07168757622145588
0800 story,0.0716847565433168
iraqi forces,0.07162615366435121
01 04,0.07161619010865408
information contained,0.0716095133223229
prompt delivery,0.07160758768992853
naming,0.0715965962115492
ness,0.07157060107833595
vyigra 15,0.07154353187534504
cycle,0.07154253244871887
09 19,0.07152319448040173
orange,0.07152274102366751
plans projections,0.07148980999937386
c4,0.07148902390022593
run time,0.07146718450658675
year average,0.07142184930641994
access control,0.07140382694143067
profiling,0.07139870902762599
tue mar,0.07135802164786618
suggesting,0.07135372859758517
release money,0.07133527878365796
gy,0.07132309389882045
factory,0.07130119948364023
tsb,0.07129744317544051
ontario,0.0712481013814689
read write,0.07122610853175948
emirates,0.07122366454326122
thanks anticipated,0.07117729513882701
ransomware,0.07117682559052183
reiease,0.0711522908607006
viktor,0.07114516077780879
recover,0.07114374596230243
hong kong,0.07109936236054443
claim processed,0.0710799448001457
roi,0.0710787026403904
amw,0.07103255969120881
line action,0.07101041716026409
middle east,0.07096037005707972
02 inches,0.0709326001044007
average gain,0.0709326001044007
gain 02,0.0709326001044007
100 permanent,0.0709326001044007
matters gains,0.0709326001044007
predictions expectations,0.07087629031227786
oo adobe,0.07086471667836974
confidential urgent,0.070860761281822
average man,0.0708355439521278
0200 story,0.07083249465756726
16 17,0.07083066128708312
votre compte,0.0708101001068784
popular softwares,0.07079542338160599
maintaining,0.07077407519053673
com today,0.07075718380869003
drew lucky,0.07074260761415574
meant email,0.07073936654428786
respond asap,0.07072480520283027
spam mails,0.07064774266181835
does exist,0.07063053307760654
fraud information,0.07060782073530728
dyer,0.0705925794430124
ects,0.07057866222979672
send names,0.07056299625652102
02 02,0.0705472531917349
invoive,0.07054387829875305
device,0.0705395784380127
bank treasury,0.07052510147301817
hereunder,0.07051582485248935
violent,0.07050951758638417
come surprise,0.07043131735545557
inquiries contact,0.07042348134121135
oppose,0.0703907558607192
gain url,0.07036011958350667
interested investing,0.07034924273469685
gained,0.07032703868654656
287,0.07026545189161962
rien,0.07025535222058787
studio max,0.07025429116151018
way going,0.07025016634444002
use open,0.07024214379615168
transaction 100,0.070240527292843
humans,0.0702292993078674
fiduciary,0.07018118067963106
tried,0.07017440083471857
confiscate,0.07017359820888805
printed,0.0701385021640752
legal action,0.07009027893063646
diagnosed,0.07005482192171326
compagnie,0.07005394356837914
referred prosecution,0.07004959138184942
prosecution unresolved,0.07004959138184942
regions,0.07001600910677853
bootstrap,0.06999917622681573
match point,0.0699899004663164
pete,0.06997754478378146
menatep,0.069961207137542
responding,0.06995858710233321
profitable investment,0.06993030431330907
receive funds,0.06991917207170012
reply auto,0.06990932509178435
convenience link,0.06990681097483428
update convenience,0.06990681097483428
deadline final,0.06990674722547847
alhaji,0.06988751692356843
steam,0.06988728893162766
link attachment,0.06988078627895113
kno nds,0.06987712102139927
use fund,0.06986858802381671
new notification,0.06986066275150632
research discussion,0.06982378767438838
wg,0.06981770347362977
included reply,0.06981250865182312
alert account,0.06977247452834563
16 21,0.06975704746524511
40 million,0.06974742760549965
ming,0.06973328696694575
deeply,0.06968962635642018
identifiers,0.06968666435866631
grasp,0.06965195923079594
distinct,0.06962998305360815
email update,0.06957931597029457
year enterprise,0.06957860477837084
dds,0.06957327590608514
15 17,0.06952234579076155
issuing,0.06950979574653773
attn managing,0.06948413997014465
regarding account,0.0694350546603052
products online,0.069424390701376
concentrate,0.06937506065787828
skies,0.06936977084064214
123 wouldn,0.06936119489636171
pcs,0.06934472496607723
account provide,0.06930633268147493
hesitate,0.06924796304629366
come claim,0.06921498364050899
belonging,0.06918505699950853
rodney,0.0691513525663119
01 09,0.06914953977525182
1988,0.06914873233247586
accept apologies,0.06912169708927837
know letter,0.06909723925080571
vitro,0.06905496479616392
kno,0.06901698624504587
good friend,0.06901331344648269
following information,0.06899828147025461
terrific,0.068941237018834
emily,0.06890758267791744
philippines,0.06889351863599455
business man,0.06888300295698704
onondaga,0.06886476614142927
reduced,0.06883636591154826
tech,0.06879805288766967
skinner,0.06878824182792435
favourable,0.06877731506930287
user congratulations,0.06866741448120103
courts,0.06860243709732497
cdn,0.06858670057898064
242,0.06858046077216588
operations sam,0.0685785454063
disposition inline,0.06856918818630717
actions occur,0.06855749952820558
athena,0.06854666596272833
customer base,0.06851800332897318
line year,0.06850289030668177
received qmail,0.06844523489370306
statements indicating,0.06841743905048789
neglected,0.06839059240408063
alert,0.06838359680332133
message auto,0.06834402199043954
invoked uid,0.06833245858004337
prize collect,0.06829802558124144
contact sender,0.06827847605457138
attend conference,0.06826517410046719
person knows,0.06826270412861155
inherent conflict,0.06824769490030083
long long,0.06819337136679421
20 money,0.06815729251643687
surbl,0.06815479081602009
offered,0.06813375152231689
lost permanently,0.06811318259831901
minutes miracle,0.06810191717026325
loss hoodia,0.06810191717026325
loss weight,0.06810191717026325
supplement new,0.06810191717026325
feeling hungry,0.06810191717026325
cbs 60,0.06810191717026325
bbc oprah,0.06810191717026325
oprah cbs,0.06810191717026325
weight feeling,0.06810191717026325
miracle weight,0.06810191717026325
12 12,0.0680987939760659
rity,0.0680928263964763
rma,0.06807027287362684
d7 20,0.06805166465959243
c5 20,0.06805166465959243
c1 ce,0.06805166465959243
aider,0.06803262172574494
replacement cards,0.06802273032135626
home premium,0.06802182741178366
poor,0.06799548287603548
cash prize,0.06799354268133719
trade monday,0.06799242632061911
wn bra,0.06797504884506539
transfer sum,0.0679477728492972
qnx,0.06791955455995186
06 06,0.06790154359299706
consists,0.06789348140270458
exactly want,0.06785444811928977
fax phone,0.06781264709319214
foreign account,0.06779560728095395
tang,0.06778334516447994
mobile number,0.06772866153356143
confirmation thanks,0.06770900869978172
world class,0.06768215809455672
arrest,0.06767292541466284
disappointed,0.0676685366399951
return mail,0.06766442605219211
months remember,0.06759798445471775
ults recommend,0.06759798445471775
program months,0.06759798445471775
ts look,0.06759798445471775
ward suc,0.06759798445471775
ted sooner,0.06759798445471775
sults vary,0.06759798445471775
best po,0.06759798445471775
company pleased,0.06758826004156852
traditionstreet com,0.06757943022076396
traditionstreet,0.06757943022076396
honesty appreciated,0.06757911529996175
ed cured,0.06757911529996175
farming,0.06757075721382787
revealed,0.06755202361001666
aka,0.06748747973438447
cape,0.0674872971602754
allied,0.0674562766702847
performance bed,0.06745089220018191
tive,0.06741732005743957
brighter,0.06741201669172016
certificates,0.06739032287730201
starting point,0.067387466024253
sender message,0.06734667174511799
personne,0.06734624843041731
paper work,0.06732575888576933
chronicle,0.06732275253909906
republic nigeria,0.0673068114078543
unsuitable,0.06730158965728707
squeeze,0.06725309712473754
privileged intended,0.06725132675176125
wyoming,0.06721839314826437
ssi,0.06720250465718515
like ex,0.06719904656553839
mechanics,0.06714604478413001
liberian,0.06714430156878173
tabula,0.06713848905246088
startling,0.06711200884004653
detected unusual,0.06711024007380599
email fax,0.06709791703712792
closes,0.06702801415110558
president liberia,0.06698538002261024
january 10,0.06694779811533212
october 15,0.06693379093287825
vaye,0.0669195546398652
politically,0.06690836421480698
jd,0.06682196655179802
holiday season,0.06681177956320518
premiere pro,0.06681034834141193
960,0.06679839036934036
required tests,0.06678136745766948
acquainted,0.06677707667397974
werden,0.06674554517220212
premium,0.06674104732688879
administer,0.06673846853612089
applied research,0.06673640725474785
indulgence,0.06668959401405838
validity,0.06668887768602416
security information,0.06664281398909752
respond block,0.06662111573438496
march 20,0.066598453892275
ultratum 46,0.06659237252052758
ultratum,0.06659237252052758
widows,0.06657921597926329
main reason,0.0665790236067913
limited today,0.06654416117655852
money used,0.0664938194590734
disciplines,0.06646798415695081
ioqo,0.06646435541445164
meant,0.06644725427201742
personal company,0.06639183141076146
military,0.06639161820314854
daughters,0.0663882785829388
august 16,0.06633922880265888
icq number,0.06633427554670128
11 04,0.06633395394540118
protocol avoid,0.06630750241948186
modal,0.06626037988206938
gl,0.06625294139124832
block account,0.06615693150531927
anticipation,0.06612931311032057
downloadable,0.06609582543879636
names ask,0.06607349457467156
arlington,0.06602381184009054
871,0.06601455822250024
today change,0.06598968010602049
gift rolex,0.06597444913533577
coast west,0.06596280726352775
financial services,0.06594232316700928
59 95ad,0.06590440271143365
sale rolex,0.0659029769160468
want sale,0.0659029769160468
differs,0.06588367180544667
stones,0.06587707435211242
promotional program,0.06586750862390296
directive,0.0658531533875769
license information,0.06583372875897915
governing,0.06582726754796725
mail thanks,0.06581827143022283
regional manager,0.06581382843061452
9667ba2762be2abb9757e,0.06580974712699589
9667ba2762be2abb9757e number,0.06580974712699589
acquisitions,0.06574768831636107
operations jamie,0.06571078258752797
zg,0.06566776550217832
normal importance,0.06565097767852557
face face,0.06564465428347911
february 20,0.06563477640594943
cess,0.06562027072639498
won lottery,0.06558863467866316
mis,0.06555683641667108
backup,0.06554601057428554
baggage,0.06551305720525127
checked viruses,0.06550422156382181
149 95,0.06548663982290817
09 30,0.06547698108107253
internet based,0.06546739094686363
recommend using,0.06546275495946688
unmarked,0.0654536244159428
data base,0.06542133561892494
fest,0.06539095950430163
interests,0.06538968127904608
ein,0.06538967653118455
relieve,0.06532010494085128
sooner,0.06530289106918867
website url,0.06529639062365644
qualifications,0.065294703408084
normally getting,0.06526811738432418
looking perfect,0.06525022924195151
company europe,0.06523390860063495
gave,0.06516675874376006
home address,0.06515590492619912
offshore,0.06515562263386201
tor,0.06515174005344203
mr robert,0.06512542753140976
brief,0.06512463340411295
zip code,0.06507713667178565
account officer,0.0650368561087922
does meet,0.06502902966250383
transaction hope,0.06495668130221485
pumps,0.06495022084651214
prepares,0.06493237068403437
roth,0.06491488968782086
person handle,0.06490195579893303
linkage,0.06488109585136169
people just,0.06487563581211343
compieted,0.06483504696192824
gas supply,0.06479345946434857
cy meds,0.06478998806042767
meds fda,0.06478998806042767
cy free,0.06478998806042767
free deliveryb,0.06478998806042767
deliveryb url,0.06478998806042767
month ago,0.06474079725871612
hz,0.06473391468684535
premise,0.06472104743047477
transferring,0.0646795570949625
expe,0.06466058648777956
positively,0.06465826497706953
pres,0.06465752535796239
time using,0.064615865926554
traditional methods,0.06458983049324774
deliveryb,0.06457900212547411
locate clients,0.06457606091451457
ms sql,0.06456306322869955
ingredient,0.06455449865570427
wer,0.06455418942212292
bcc,0.06453294280860557
year 13,0.06452914897091397
fish,0.0644698524633766
libidos,0.06440308005973897
low libidos,0.06440308005973897
phishing,0.0643942366431413
funds country,0.06438626354268046
soon follow,0.0643290819728724
pants,0.06431726430134706
toll,0.06430803272659691
placed membership,0.06429906643760726
victory,0.06428539256818286
original contractor,0.06425803783284154
retailer,0.06425216840589783
blanco,0.06421187567803642
borrow,0.06419719305750696
partner country,0.06418879933522591
inconvenient url,0.06411491741465411
try free,0.06411240174568573
10 18,0.06404329077452217
inches just,0.06403004067629886
thoroughly,0.06397618643417331
13 15,0.06396776153373994
00 year,0.06389680656239913
intended recipient,0.06389497727346047
alert die,0.06388050122289021
hitchcock,0.06383332439596147
organizations want,0.06382616722185436
177,0.06381049704823778
01 31,0.063715099259337
toi,0.06371136409921119
illustrated,0.06368544272238158
peters,0.06364665506476007
resellers,0.06360901740764073
excluding,0.06359734680492268
value business,0.06351722166650882
assist transferring,0.06346654091243005
want understand,0.06345670532522835
giovanni,0.06345581783501732
16 01,0.06343667213683848
sport,0.06342925876801728
fast shipping,0.06341357730995342
consumption,0.06339189721847724
bank draft,0.06337645241808344
funds account,0.06336331531023255
waiting hear,0.06331010594494349
date 10,0.06326717449170312
book review,0.06326337520176753
click unsubscribe,0.06325823582294894
confide,0.06319419110794428
deemed,0.06319253348686771
involve discussions,0.06316553140773408
desk jamie,0.06316090752283082
bank official,0.06310329963748704
perfect gift,0.06309641498086503
50 10,0.06308258532013919
climb,0.06305906930297564
century url,0.06305417253909526
mail phone,0.06303726270483583
special issue,0.06303721027863839
help stop,0.06302950103097762
seal,0.06301307060517648
mount,0.06301108065085086
immune,0.0630013730829035
include contact,0.06299823984694816
analog,0.06299153123346268
business given,0.06295777408918461
persistent,0.06294364901636283
chamber commerce,0.06291979538123929
dn,0.06290917743809754
akin,0.06290520943307662
amazing growth,0.06284580153004449
conference center,0.0628420461947566
visit link,0.06282890579095271
state art,0.0628253845350335
exile,0.06282088810748802
bride,0.0628143075210111
imited,0.06280594460765024
winners category,0.06279581567914935
trunk boxes,0.0627945930370878
want help,0.06279260778575949
spears,0.06274688507450811
rewarding,0.06269281288558404
maori,0.06268977493414095
en el,0.06267212417822308
purchase,0.06265014904591239
came know,0.06264867235848194
situations,0.0626001051179634
receive payment,0.06256054976258069
account locked,0.06252204900128878
entertainment,0.06251388473239165
request just,0.06249578318661668
uploaded,0.06248657124106871
ensure prompt,0.06246064016202357
fre,0.06241720702172575
achieve goals,0.0624152722241176
11 16,0.06239428667453205
mouse click,0.0623549452153939
conference information,0.06234179544643635
higher level,0.062335212459833096
year early,0.06232784830110466
carol,0.062298974923239964
sufficient,0.06225336767055607
visitor,0.06225083791849247
mountain view,0.062248987081189505
diplomatic,0.06222715758628723
dead,0.06220629506586276
delete message,0.06218001553098857
price best,0.06215927886574493
sul,0.06213440161766563
men low,0.06210659554130556
vocal,0.06198058557493261
powerenlarge,0.061916706095423706
feb 21,0.0619047837136152
joint business,0.06190470858814218
immediately receive,0.06189416502539524
quality watches,0.06188111713166726
111,0.061873163026971885
vernon,0.061846386612241074
offer free,0.06184487651981245
facilitate,0.06184303778736016
funds deposited,0.06182599363230605
chen,0.061813788265971524
supervisors,0.061813003820154956
10 total,0.06180818569110109
state government,0.0617974412251384
executive vice,0.061684713752363375
dollars usd,0.061636779381204314
03 06,0.061633556063921215
doesn support,0.06161027411087495
meg,0.061596135258568024
yahoo com,0.06157114802083392
service email,0.06156716715070964
exchange commission,0.061552897087920444
lisbon,0.06152345460373456
yw,0.061523169262263665
57,0.06147394288095431
great pric,0.061471229467891075
ore,0.06144207837369979
07 26,0.06142195852314009
positioned feel,0.061401110350290146
ping url,0.061370295073788904
million dollar,0.06133930922335112
speedy,0.061319273022470165
blessed,0.06129174599178158
video fri,0.06127364014763918
year 26,0.06127350247089512
discovered contract,0.06125990780697162
companies explode,0.06124457093079588
xv,0.06123364799501297
housing,0.06119867679108504
notification click,0.06118485815558347
cy great,0.061174152357644576
276,0.061155682775867574
cutting,0.06113627544553899
incr,0.06103791043956358
getting viagra,0.0610307286447591
june 27,0.06103017869512485
click news,0.061019903424930015
outside country,0.061018731153420235
foreign accounts,0.06100381502725851
enable discuss,0.0610018206718263
surf,0.060979660295867
trillion,0.06089800216743776
nguyen,0.06087198127114353
tz,0.06082279255008326
314,0.06081260153147381
breakthrough just,0.06065927419296137
possible breakthrough,0.06065927419296137
just capsules,0.06065927419296137
enjoying larger,0.06065927419296137
larger powerful,0.06065927419296137
world know,0.060639840457357055
capsules day,0.06061064569939828
thanks http,0.06053563544728669
seen,0.060514520909257914
weeks possible,0.060513390183580165
elisabeth,0.060497256811127297
known,0.06048860426161654
standalone,0.06046980155138306
pills url,0.06046656160247789
day start,0.06041255971326907
creditor,0.06037588410873082
resuits,0.06033330311789585
reads,0.060333181622432175
act watch,0.060331290436017475
reporter,0.0603235895201253
recipient prize,0.060317043336493466
add remove,0.06031319159425777
dic,0.06028703403006317
roister,0.060282343392385244
transaction beneficial,0.06025562738171524
response best,0.06025298825829238
todas,0.060232149656913495
hundreds thousands,0.06018788280744204
ambiien,0.06017653209253993
anticipates estimates,0.06016379136512567
feel time,0.06011296239087857
stony,0.06007973095454735
hal,0.06006502181947274
business day,0.060046749393055245
things possible,0.060041270240910084
work progress,0.06001192961048434
desperately,0.06000352141053421
ula,0.05996562281056904
windows server,0.05991800320375096
work want,0.05990969204778598
number direct,0.05990522086438764
remi,0.05989482131283362
rr com,0.059892475976415956
carry transaction,0.05981440219537074
security server,0.05979890597531489
jersey,0.05978076823960706
72 hours,0.05977853150484063
alice,0.0597423984506565
bed fda,0.059737092073442494
sign today,0.059731434607451776
believes understands,0.05972410758223059
demonstrated,0.05971077853991254
mobutu,0.05970092688021262
contextual,0.05970026505358401
harmless,0.05966030240415613
error notify,0.05965802354276022
available thank,0.05963705862014995
category approved,0.05963090771518356
stand beneficiary,0.05960338614326069
claimed later,0.0595947188710831
undertake,0.05958451376951759
95a,0.059577308716086255
321 studios,0.0595766725133979
captured,0.05957543237321934
taking action,0.05957458971480942
robert,0.059554945273291346
estimates believes,0.059537337116672556
objectives,0.059527447589220024
experience,0.05951896553558646
woes,0.0595169475242878
resuming,0.05951491658445614
rs,0.059513989750693545
contact customerservice,0.05949005515545517
nicht,0.059484579451705655
barry castillo,0.05947179947619484
short period,0.05944694930355232
hooks,0.05943533226591858
claim money,0.05943136018426845
money foreign,0.05938338401378485
fund account,0.05936686382657677
pli,0.059355348625720394
web search,0.059262664012572075
interstate,0.05924886632958873
company country,0.05920985437413506
ci,0.0592090085741289
smtp id,0.05920204750564707
state nigeria,0.059198250447518454
refugee,0.05919073775826338
invest share,0.05915410203265527
materially presently,0.0591198073073225
interruption respond,0.05911893997937524
eduardo,0.05910837094915523
kept,0.05910545203131698
strip,0.05909025642087499
251,0.05908169843776037
asap offer,0.059069746452415244
mapping,0.058980399660788344
fraction price,0.05897927989321887
director general,0.05895694633596337
political parties,0.05895490307835633
colonies,0.05893295007801171
slot,0.058923487888004694
award notification,0.05889445445126841
severe,0.05888456028772439
farrell,0.05887842200463721
confirm email,0.058877173720507256
legislators,0.058868287115247074
desperate,0.058859603404321774
urgent reply,0.058822432574244486
13th,0.05881830458156581
phone number,0.05881577984034766
fast track,0.05880156394286113
uk travel,0.05878128078818767
civil service,0.05869973528357153
getaway,0.0586951414166096
save 70,0.058633880064651644
compliments,0.05862707339913509
forces,0.058612260295748314
insure,0.058571639322753916
hewlett,0.058540946808406866
fulfill,0.05852925565464602
april 20,0.058495112136165116
unfair,0.05842343166299733
refund claim,0.05840152692132356
data management,0.05838302457324669
bound,0.058380945067321666
maiiings,0.05837730570694171
future maiiings,0.05837730570694171
000 year,0.05836004187462044
unlock,0.05835329530331341
attention talked,0.058334649627613595
mon apr,0.05833335226812663
america phone,0.05828443428053098
clifford,0.05828226526284052
brands url,0.05824939382411332
0800,0.0582097921874159
friend mr,0.05814687264966349
authentic,0.05814451822106564
accumulated,0.058143604920338744
nds,0.05814278299006664
matter urgency,0.05812487073007966
far know,0.05812232037315552
form pay,0.05809536592772003
result suspension,0.058082861530722646
http tiscali,0.05807866527439459
millions people,0.058052292884010114
roundup,0.05802176112140075
avast,0.05800922115318139
residential address,0.05800591317976637
gh,0.05798431029887055
business proposition,0.057968251472643624
69,0.05795285547266901
department mining,0.057939157790072984
3500,0.05792190279248743
rolex jewelry,0.057903879631066656
holder account,0.05788693896923632
act piease,0.05783739723864523
respectfully,0.05783135205342975
albanian,0.057777334733708406
dangers,0.057770686962262015
decent watch,0.057756898649628234
replica approach,0.057756898649628234
factors include,0.05775247010432787
asylum,0.05774613455894999
deem,0.057741349472460644
ara,0.05772788240810338
want decent,0.0576795011070376
finance security,0.05763857034008479
credentials,0.057629544905152826
swiss watches,0.057605707638918216
attorneys,0.05758263159591863
eddy,0.057514662197038886
brunei,0.05748921917734587
food,0.057487885502597494
grand,0.05746015690669422
account restore,0.05740200201247695
g4,0.05738586471345765
8b,0.057378262950135504
company based,0.057375932974943714
cellular,0.05732466001504046
dawn,0.057290734294847726
number batch,0.057285879057299115
mr james,0.057254295801393414
backs,0.05724068615770015
relax deep,0.05722815396074847
gas companies,0.05722113734333636
ballot drawn,0.05720856290151505
22 13,0.05713415846950527
mi ion,0.05711874836533211
disclosed,0.05711761913769234
06 01,0.057108982575475385
company information,0.05700117086785067
transformed,0.056973252588434074
implore,0.05697093078201407
notice sent,0.05697057288970551
officine panerai,0.05696857344828722
furnish details,0.05696226304610635
code security,0.05692044248915023
builtin,0.056893583453023595
pursuing,0.056858601533311126
america asia,0.0568525998562992
zone computron,0.0568416847726599
number jebel,0.0568416847726599
works fax,0.0568416847726599
http computron,0.056841653819933065
com deals,0.056841653819933065
currentiy,0.05683937444243677
july 27,0.05679722193420735
officials,0.056781654022894444
leader,0.05678160450273804
piease watch,0.056744402535935705
final notice,0.05673579913332345
undergoing,0.05668385323755145
ser,0.056680747046909674
unsubscribe computron,0.0566766002699711
computron just,0.0566766002699711
format reply,0.056676471392321896
rent,0.056628753436932966
873,0.056623517481697305
help fast,0.056608427966356616
wont better,0.056608427966356616
calculations,0.05660669443778243
contact private,0.056604398243313946
crash,0.056603813654732923
c202f8eb239faf8d4b0a5c6a41cde453 summer,0.05659432591119053
dear c202f8eb239faf8d4b0a5c6a41cde453,0.05659432591119053
netscape net,0.05656646617573847
resign,0.05655006675186852
services group,0.056549161317330364
nicolas,0.056539895083590336
blind,0.05653761391118193
world provide,0.056526918813488314
jebel ali,0.0565178132819028
jebel,0.0565178132819028
emirates net,0.056515524107750216
sale listing,0.05651513347810099
resellers gotten,0.05651513347810099
request export,0.05651513347810099
dealers emirates,0.05651513347810099
packard com,0.05651513347810099
complaints suggestions,0.05651513347810099
net aeor,0.05651513347810099
congress logos,0.05651513347810099
dell intel,0.05651513347810099
robotics microsoft,0.05651513347810099
intended dealer,0.05651513347810099
zonedubai,0.05651513347810099
lots complaints,0.05651513347810099
intel iomega,0.05651513347810099
intellinet targus,0.05651513347810099
aopen creative,0.05651513347810099
dealer resellers,0.05651513347810099
customerservice computron,0.05651513347810099
contact computron,0.05651513347810099
epson aopen,0.05651513347810099
sony lots,0.05651513347810099
viewsonic ibm,0.05651513347810099
fax 971,0.05651513347810099
com compaq,0.05651513347810099
apc cisco,0.05651513347810099
targus viewsonic,0.05651513347810099
dollars ex,0.05651513347810099
ibm sony,0.05651513347810099
offers plain,0.05651513347810099
canon intellinet,0.05651513347810099
gotten list,0.05651513347810099
compaq hewlett,0.05651513347810099
uae computron,0.05651513347810099
enquiries dealers,0.05651513347810099
export email,0.05651513347810099
ex works,0.05651513347810099
com 971,0.05651513347810099
aeor contact,0.05651513347810099
microsoft canon,0.05651513347810099
creative toshiba,0.05651513347810099
free zonedubai,0.05651513347810099
aeor,0.05651513347810099
listing contact,0.05651513347810099
cisco robotics,0.05651513347810099
toshiba apc,0.05651513347810099
latest clearance,0.05651513347810099
iomega epson,0.05651513347810099
zonedubai uae,0.05651513347810099
fast mouse,0.056513489778773476
action,0.0564543429616666
lucky winners,0.0564317173405944
numbers names,0.056426063725648866
properties,0.05639972471155542
professional edition,0.056388024277042766
aopen,0.05635862366461281
send enquiries,0.05635773908347393
com dell,0.05635770728433122
number prices,0.056356956777702034
news release,0.056354511743104754
confidentiality transaction,0.05634408599697096
wed,0.05632808995822319
constantin,0.0563165634661831
chad,0.05630779474402701
13 01,0.056304269768946764
60 minutes,0.05630287536353695
refined,0.056300135111746565
usaa contact,0.056261600912253636
600 000,0.05620150595398108
logos trademarks,0.05619870487377293
grp,0.0561954865893941
10th,0.05616902540203067
studio,0.05614884850841232
set aside,0.05613524767798578
bestow,0.05613300114052002
motors,0.05613217572789397
sunday year,0.05609697417078684
pulls,0.05606167516611246
thu mar,0.05605040654932922
produced 54,0.05600101367744822
accidentally knowledge,0.05597951031429174
social events,0.05594020867345837
needed information,0.055865267157314075
awesome,0.055854565477440915
nombre,0.05584719546545297
energy producing,0.05584409636031631
activities,0.05578738399469199
hotel asking,0.05578682144696004
disconnect,0.0557753143996099
account funds,0.055773088337350514
activation cancel,0.05575719700184834
loi,0.05575639379457427
request accidentally,0.05575252681569231
contents mail,0.05574536044660715
business development,0.055719921883987285
404,0.05571740886833212
pls,0.05571490743737052
oldest,0.05570837625236394
marking,0.055704135581981985
gas wyoming,0.05568662784680709
618,0.05568216799241764
banking services,0.05567993067791448
prosecution,0.05567686540969062
11 34,0.05566704022260442
d4 c5,0.055665416525724425
composition,0.055625163707232736
horn,0.055620183534538015
message usaa,0.05560592033054045
user email,0.05559697620840799
designate,0.05559627592687262
shall discuss,0.0555506347368129
claim deposit,0.05551812001903179
measuring,0.05551174596175318
cnet reviews,0.05547542103872802
remote access,0.05545215233675552
replied,0.0554419022179153
late customer,0.0554281049599786
contact personal,0.05542551078483524
toned,0.05539174151585853
knowledge advised,0.05533458469117804
cancel activation,0.05526762493350872
useful information,0.05525881930465107
markov,0.055256952710235584
prices online,0.05524905080973806
neighbors,0.05521795298612438
07 17,0.055217948773904964
remove instructions,0.05520885544630829
information gathered,0.055155214911868984
want assist,0.055152423545035786
receive money,0.05515238308384629
year achieve,0.055138790689097064
gets better,0.05513254393915879
make site,0.05511393317922918
advised cancel,0.05510307845018101
foreigner stand,0.05510246337072639
602,0.0550982666931743
actions,0.055097407626465186
feared,0.05509526377461342
distribution copying,0.05507935712169423
tapes,0.055071664138238996
olusegun,0.05504670356253722
tt,0.05503197740681222
12 49,0.05502764317362424
nike,0.0550223805138478
que se,0.055004080605196584
list error,0.054955612355545636
115,0.054935578030241086
seven years,0.054915220820479005
including skin,0.054902246420262237
health topics,0.054902246420262237
time today,0.054884910378000855
valued,0.05488121374992847
want money,0.054875014318729265
low price,0.05487253736601848
god gives,0.054872021988639
dude,0.05478318284588772
cet argent,0.054771600412704013
accountant,0.05470260518429388
year got,0.05466650892791758
message thank,0.05464614741459818
sender address,0.054594648581025446
number 234,0.05458861535617019
piaced membership,0.05456803130612486
international lottery,0.05455416437487871
various,0.05448861931900694
occlusive,0.0544793434145645
reference batch,0.054464817960306215
biilion,0.05446097767508677
homework,0.05445663365165936
xom,0.05445300400709346
registered broker,0.054452430085524216
helper,0.054450888121557454
ll make,0.054446508619245375
service questions,0.05444603580415799
hq,0.05443252948004452
investments country,0.05441791344561862
22 years,0.05439475135686717
business corporate,0.054378582803036986
humbly,0.05437851909933825
performing,0.05434463004264438
piils,0.05433754496451971
contract value,0.05432354259030492
care osteoporosis,0.054277915127484436
money remained,0.05424284409068274
aran,0.054227512534875476
bennett,0.05422137229629308
unclaimed funds,0.05421976033969781
considering fact,0.05421804363132033
western gas,0.05420934551186941
estatements,0.05420120056555848
worrying,0.05417718453749194
number contact,0.0541605275239175
possession,0.05416044814712491
xf,0.054156946140774584
couple months,0.054101125058332575
country investment,0.054049130905468604
acknowledge receipt,0.054004447453889486
self great,0.054000064673289584
email thanks,0.05394916475331641
profile locked,0.05392888701839869
patent,0.05391089647571095
money deposited,0.053902255119221844
company account,0.053879832026675956
march 25,0.05387221859955321
10 39,0.05386391358980835
tedious,0.05384630228624862
piaced,0.05384182083667823
ties,0.05382582207022409
schultz,0.05381538561744163
time review,0.05380710969760785
avoid unnecessary,0.05380209272504701
jeremy,0.05380106375748222
new tool,0.053776862726313365
honest operation,0.05376725695692933
things work,0.05370166819653089
writing,0.05368976494226774
originality,0.05364533639184454
mail direct,0.05361015962017139
buckley,0.05360094815199758
foreigners,0.05359727316953734
mail transmission,0.05357938007992079
moderate,0.05351999871120751
cy fda,0.05349627810477882
ds save,0.05349627810477882
85 100,0.05349627810477882
contract awarded,0.053472130328277245
detained,0.05346866016396637
quartz water,0.05346132457331474
beautiful quartz,0.05346132457331474
bought,0.05344396980710339
picelist,0.05343503659893111
examples picelist,0.05343503659893111
valid till,0.05342916389268017
der today,0.05341287069487848
march 31,0.053405688105813476
25 26,0.05339806329852097
translations,0.05339302510471639
bank bank,0.0533923588574817
best replica,0.053390388556276376
disposition,0.053389074024510076
1900,0.05331697832190035
contact claim,0.05331191400899527
eyewear,0.05330868133504745
prize money,0.05329583836743388
save 85,0.05325487900956576
ical,0.05323793182744821
normative,0.05322816091376938
stores don,0.0532201178352574
account foreigner,0.053210794172533125
14 000,0.05318597384999136
ig,0.05317725097943125
extract,0.05314859008492458
buy drug,0.05308566488905485
513,0.05308562032763699
megs,0.05307913072452829
genetic algorithms,0.05306508463795713
lloyds,0.05302606243245002
drug stores,0.052972644040915916
colette,0.052965220063586255
ecowas,0.05296371330631321
miliennium,0.052947349870641605
vast,0.05294667822973488
canterbury,0.052918808611404376
restaurants,0.05290299327939412
kindly send,0.05288031693156964
affiliates,0.05287651797775622
venus,0.05286410848516157
receiving money,0.05282851839346955
finance house,0.052824486701762
suites,0.05281711042252127
don reply,0.05280663712570306
wicked,0.05279716138061752
collins,0.05279602693995018
karl,0.0527662258940661
trading company,0.052738781552422044
empresas,0.05273799396601709
net worth,0.052732012671063255
reload,0.052719680165576835
duran,0.052708061607801414
pick,0.05270215249871416
1985,0.05269396958520257
server windows,0.052678488133842835
seek assistance,0.052674380565061844
thorough,0.052673855795277336
banquet,0.05264828704004495
address inform,0.0526399288672001
50 number,0.052581488122464486
saddam hussein,0.05258082164188077
total money,0.052566855736395496
brietling,0.05255394318817446
brietling watches,0.05255394318817446
online services,0.0525355035264307
wmb western,0.05251953343731698
gas wgr,0.05251953343731698
gas wmb,0.05251953343731698
wysk penny,0.05251953343731698
wysk poised,0.05251953343731698
wysak diversified,0.05251953343731698
wysk current,0.05251953343731698
bear mind,0.0524995107165146
year come,0.05249204201004517
preston,0.05240181316795512
houston tx,0.05237881964938726
diversified energy,0.05237280000801756
super size,0.05234784540569774
01 30,0.05230707039172407
email marketing,0.05226056458107662
xr,0.05225372381000534
anticipated forward,0.05224718792184416
fame,0.052244095105962236
considers,0.05224196292307226
committed keeping,0.05223327525909803
wgr,0.05222662871134584
417,0.052226003669106055
receive new,0.05221064969777472
3oo tyles,0.05220897690468104
0ver,0.05220897690468104
tyles,0.05220897690468104
0ver 3oo,0.05220897690468104
reliable trustworthy,0.052186881802877984
thousand pounds,0.052174695305527256
30 oct,0.05214427571440508
claiming unwarranted,0.05214343376090025
introductory,0.05211775922579488
seek advice,0.05210281065796368
gerald,0.05210082641875503
email regards,0.05209475096606785
attention mr,0.05209201533318924
24 00,0.052071635736582224
foreign contractor,0.05204280932502303
johannes,0.05202489174702742
message rfc822,0.052011326932771246
april 26,0.051974066489445525
microcap stocks,0.05195871297197344
importation,0.05183027226058226
best regard,0.05182861869781828
wmb,0.05181628111437654
end user,0.05179444169713265
wm,0.05177133645793297
dubious,0.051763355637623125
stand kin,0.051719793023456015
remembered mentioning,0.05168261136840648
faster,0.05164974141191901
wells fargo,0.0516480276922266
fargo,0.0516480276922266
compose,0.05162879941487676
arthritis heart,0.051623924976037794
45 45,0.05161596802068063
ls la,0.05161409390391662
contracts awarded,0.05160156912584338
parastatals,0.05157260981282488
nuke powered,0.05156484695795452
service php,0.05156475212138026
03 02,0.05153832224139699
00 25,0.051526743227781654
trust worthy,0.051498602237221
continuously,0.05149628736074931
powered site,0.0514833318623726
factor,0.051460935073151595
oliver,0.05145433245276555
owa,0.051439254816922714
does omit,0.05143429162161905
facts does,0.05143429162161905
make statements,0.05143429162161905
faithfully mr,0.051427212140671474
health problems,0.05141294961129097
hospital,0.051363283873344094
concrete,0.051360561397138835
public notice,0.05133664685139319
decided donate,0.051330959004387645
php nuke,0.05132712965019354
rely,0.051320194525385526
fact necessary,0.051314535246514234
account account,0.05130123710496455
think going,0.05128860932295962
purchases,0.05128076438596325
graphics,0.051222094755517915
pet,0.05121862469321764
fri 12,0.05120653293627161
illustrator 10,0.051203156907997
london england,0.05116554276932847
targus,0.05115875627294431
0400 story,0.051149955774810484
development new,0.05114906804206809
place year,0.051125648186950846
operations morgan,0.05110114519792194
mail free,0.0510813114658886
come true,0.05103724032287967
filling,0.051018257943146336
ensures,0.051000933431148456
lesbian,0.05099942140208374
preventing,0.05099660186291477
destinations,0.050960583295352885
regards mrs,0.050954724429928884
security finance,0.05095348362290721
loops,0.05092857349623365
let,0.05092315065111333
got good,0.050918277072606134
retry,0.050917257667811
feasibility,0.050904306399837396
goals assumptions,0.05090275563322238
klein,0.05087678671009
moderator,0.0508252981307632
kamara,0.05082257161220791
mens,0.05080170453751612
objectives goals,0.05079901996949586
pronoun,0.05079455042285637
42,0.05077797021805703
21 22,0.050776780028909146
contract payment,0.0507633587833919
finance company,0.050732740166584585
trust building,0.05073182446896403
15 feb,0.05072664898669468
mr michael,0.050717926428023676
referred judge,0.05071763780232554
judge unresolved,0.05071763780232554
claim agent,0.05071720233336812
software just,0.05071198601151003
early year,0.050705931193838615
jx,0.05070526547262803
kindly reply,0.05069213828913078
love muscle,0.050681531637724424
management software,0.05067906689374033
claims agent,0.05067077357833003
tyles replica,0.05059597195306088
limited soon,0.05059286565985004
tco,0.05056224252907985
process payment,0.05055952646331502
popularity,0.05054259267235928
serve guardian,0.05054004966241485
camera,0.05053353720676773
right thing,0.0505306911815254
rain,0.050506893764234506
don extra,0.05047889607923828
extra charged,0.05047889607923828
count,0.050475133526477874
headquarters,0.050470908816290606
remained,0.05046614786609947
citi,0.05042347577205426
actor,0.05041939765218446
finished,0.05041392817824029
e4,0.05038667745134243
wz,0.05038051521233492
madam pleased,0.05035371259499106
compaq,0.05033075604499274
mr hamilton,0.050314546386464105
jacques,0.0503020997267206
year john,0.050262102177925816
feedback forms,0.05025886333980352
prayer,0.05025342338458884
consequently won,0.05025102094934567
bring notice,0.0502253820684639
25 million,0.05021558417376478
business thing,0.050194998406390405
journalists,0.05016711090000243
national bank,0.05015685278274919
fruits,0.05014930542847243
x64,0.0501484300849038
telegraphic transfer,0.05013515826951607
organizing committee,0.05010652975799453
unsuitabie,0.05004854265215866
66,0.05003260125870132
cookie,0.05002551250327929
desk mr,0.05002306314224201
late father,0.05000892953393465
huge success,0.05000705157557338
1979,0.04998674438854155
000 10,0.0499362501966587
assert,0.049925930182682085
sounds good,0.04992410540297725
marine,0.04991118629985789
employed,0.04990304831983866
polls,0.049888843574061724
richter,0.04987042072979527
carolina,0.04982807430707965
save 90,0.04979653441037898
future family,0.049788336220030226
gregory,0.049765339568364465
vcs,0.04973892275153572
distinctive,0.04972514964326656
thoreau,0.04972388472662151
berth,0.04972307049936066
emergency loan,0.049718233866336954
cholesterol,0.04971219023195648
immigrant,0.04969798608342026
want look,0.04969071569757121
reaching,0.049680577803053225
consulting url,0.04966813362835651
contract executed,0.04964755728724716
does make,0.04963969211446932
content disposition,0.04963426459062713
offer astounding,0.04963162272444844
astounding just,0.04963162272444844
photo album,0.049616250121454
fog,0.0495829202570946
yf,0.04957406893011716
bands,0.04955797707476707
conclusion transaction,0.04954615611288421
loa,0.04953613965490137
watch replica,0.049529136284609254
inspiration,0.049500407932056345
response came,0.04949723699066171
recent,0.04946445796995718
inferior,0.04945568278300926
thanks taking,0.04945557120237842
growth just,0.049440139586957456
wan,0.04940702776574065
taxes,0.049406624844269026
telegraphic,0.04939360989626168
login account,0.049386706859430335
geometry,0.04935368660767792
4m,0.04934701325086039
stocks today,0.04932489835691621
constructed,0.04931003641618631
alison,0.04929815178165409
money abroad,0.049287537222863255
fruitless,0.04923730996354492
apology,0.04923728870702487
ebl,0.049212971722694364
send reply,0.04920348855056504
account service,0.04917093800795677
ask award,0.049157865563330856
didn want,0.04915355642319498
read faq,0.04914446275612145
notice final,0.04913862851845975
softwares shiiip,0.04912816700758067
shiiip countrieswe,0.04912816700758067
drug store,0.04912042988262212
titled,0.04911406961960828
individual utilize,0.04910281790937128
20 million,0.049100665846009
accomplish,0.04909166467653142
ypil,0.049084607467765634
presently anticipated,0.04905768898311064
hello congratulations,0.04905275117857099
atmosphere,0.049041986288743795
warning message,0.04903975459984401
transfer funds,0.04903969990508482
mai thanks,0.04903277939321208
20,0.04900848484684855
qi,0.04900624000429144
shiiip,0.048991272232918076
wife children,0.04896893737738412
hello talked,0.04896243125943775
zx,0.048961411192697625
colonel,0.04892757127748715
mar year,0.04892337819797207
purchase new,0.04891165515283011
email mr,0.04890493871535324
turmoil,0.04887693334633967
forward claim,0.04886664620733906
costly,0.04884761476008883
bg,0.04883619578449764
complaint,0.048828720462510584
itec,0.048748370627249245
making love,0.048630940387903575
let business,0.048617274300164964
test new,0.048597837434405274
ministry petroleum,0.048568259939306566
remaining 70,0.04852990055228704
fond,0.04852225421058
unwarranted,0.04850650830263844
stacey,0.04849686465434761
valuables,0.04848388356601443
kin mr,0.048465472933244914
kind assistance,0.04841142410368293
specific topics,0.04834497859752514
need fast,0.0483011104767659
exampies,0.04826519747244178
hin,0.048219061040632276
presenting,0.048202086351520845
expires august,0.04819934167765681
scholarly,0.04819157385186932
inform result,0.04818641092146787
449,0.048183183081060066
cancer problem,0.048175494470548204
ended,0.04813813704931809
postfix esmtp,0.048120030853287976
backward,0.048119930950572716
better solution,0.048114818830560055
child inherit,0.04810730692943958
invoiced contract,0.04810645179419133
drama,0.04807634420471432
permanent results,0.04807545541473178
bucket,0.04807269684086312
harmony half,0.047993523189924114
faithful,0.04796659989200623
girlfriends,0.04794057852676375
inherit money,0.04790549848345076
beiieves,0.04788413460434775
59 95,0.04788353260420444
expiode,0.04785548891766496
utilize money,0.04785063000452196
usaa ending,0.04783122951606358
past days,0.04781141395087269
year just,0.047799260030820634
watch url,0.04779580482810111
deserve,0.04777144983441538
realistic,0.04774222225442336
walters,0.04772740768745127
pj,0.04768182078736162
offering,0.04768003737347617
good reason,0.04767583317564764
child died,0.047661950256155855
george,0.04764132481285858
team email,0.04763136586109888
drawn,0.04758635450457962
telephone communication,0.047582298445217094
muslim,0.04758043095234785
indicate,0.04756977341185936
wish stop,0.04753210689296924
steal,0.047520308393033305
time frame,0.0475141959475842
10 44,0.04748961717980661
838,0.047472577980419046
complement,0.04746005342557757
shall contact,0.047450256783130994
27 83,0.04743925807289453
poetry,0.04741947068414269
dipartimento,0.04740660291682463
dipartimento di,0.04740660291682463
search url,0.0473940804399819
helo,0.047385338470289834
don child,0.04734771553645738
received 10,0.04734571061389288
sum offer,0.047334393961945116
click traditionstreet,0.04733303202369326
person assist,0.04731068613297833
diplomatic means,0.047305231532480486
supplied,0.04730080087158188
seize,0.047292022145375555
investing country,0.04728250935418002
watch stock,0.047260922396383284
paste,0.0472595274778021
damages,0.04725324848153972
ney,0.04724129071349182
invoiced sum,0.04722487549028556
hear immediately,0.04722274888267389
voice internet,0.047196817273113
doctor told,0.0471917835168597
casa,0.04715771606830502
delivery service,0.047146132330640605
presently residing,0.04713764387064637
adobe effects,0.04710975239434962
deposited sum,0.0470359010149381
security software,0.04699917600733078
unclaimed years,0.04699378175609898
cordially,0.04698388588590378
extensively,0.046983064601753895
told months,0.046981505219177724
having known,0.04695443587193179
wire transfer,0.04694304037972218
constantin replica,0.04693790268658432
understand customers,0.04692450263228634
ll happy,0.046921337303092975
saf,0.04691704469497054
asp net,0.046859517844006084
strictest,0.04685161938954852
edwin,0.04684258788435844
rabbit,0.04683074165370675
come country,0.04682196324351024
cough cold,0.04681524690100051
took decision,0.04681467884450756
owning,0.04680611955997326
decision don,0.04679013511196285
europe north,0.046786466049013674
receive fund,0.046764597814101826
khodorkovsky,0.046762696535017224
classics looking,0.04675378045828788
72,0.04673984874105814
zm,0.046721855973898226
unbelievers,0.04670786362940569
wholesale,0.046702910821087115
wipe,0.046690229014902176
valley,0.04667561874251603
republic congo,0.046664163099145846
add address,0.04664525411861099
probable,0.046630460800105536
course transaction,0.046613110686962465
27 08,0.04657188166306962
today men,0.046514267104120245
want know,0.046514064540911094
855,0.046470466899081804
intuit mac,0.04642341544792716
softwares adobe,0.04642341544792716
studios macrmedia,0.04642341544792716
roxio symantec,0.04642341544792716
cheaap,0.04642341544792716
oo saave,0.04642341544792716
oo normal,0.04642341544792716
299 oo,0.04642341544792716
95 softwares,0.04642341544792716
cheaap softwares,0.04642341544792716
super cheaap,0.04642341544792716
footprint,0.046414298006848015
14 17,0.046414032272553654
assignments,0.0463853500882762
claim contact,0.04636327095088418
thirty million,0.04634670937744762
vmware softwares,0.04633726586839206
countrieswe,0.04633726586839206
hat riverdeep,0.04633726586839206
maker intuit,0.04633726586839206
borland corel,0.04633726586839206
adobe alias,0.04633726586839206
macrmedia mc,0.04633726586839206
autodesk borland,0.04633726586839206
corel crystal,0.04633726586839206
symantec vmware,0.04633726586839206
file maker,0.04633726586839206
softwares need,0.04633726586839206
mac 321,0.04633726586839206
executive file,0.04633726586839206
need normal,0.04633726586839206
countrieswe popular,0.04633726586839206
fee microsoft,0.04633726586839206
quark red,0.04633726586839206
powerquest quark,0.04633726586839206
macrmedia,0.04633726586839206
maya autodesk,0.04633726586839206
mc fee,0.04633726586839206
works year,0.04633620902003727
price oo,0.046332274551221526
instrument,0.046319759295419496
ge sh,0.04630685688577282
forth,0.046302239832163146
iterate,0.0462657091747501
unwilling,0.04625820623747783
249 oo,0.04625503781519745
95 saave,0.04625391751131487
pc price,0.04625356898914558
saave 249,0.04625297318656191
range softwares,0.04625237738397823
nero pinnacle,0.04625237738397823
normal 449,0.04625237738397823
saave 349,0.04625237738397823
systems powerquest,0.04625237738397823
449 95,0.04625237738397823
riverdeep roxio,0.04625237738397823
riverdeep,0.04625237738397823
professional pc,0.04625237738397823
microsoft nero,0.04625237738397823
normal 299,0.04625237738397823
impress ladies,0.04623268192755946
gala ran,0.04618978648664453
mentioning children,0.046189780414947576
cards soon,0.04618965836454955
stay assist,0.04618965836454955
right hotel,0.04618965836454955
assist emergency,0.04618965836454955
traveler right,0.04618965836454955
verification extend,0.04618962979637845
asking payment,0.04618959382862999
ran stranded,0.04618835637921354
regards email,0.046187611231230566
hospital charity,0.046186731810389244
loan provide,0.046175185240914164
informatica,0.0461655881838504
stranded traveler,0.04616311984276682
provide replacement,0.04616070953342187
building important,0.04615727233072585
possible enlarge,0.046130644308248946
autodesk,0.046120960133303
diagnosis,0.04611330155002247
money safe,0.04610912674180865
softwares choose,0.04608797043364982
qp,0.046082455907708444
soon trust,0.04608001656257696
bbc news,0.046077811016716624
tongue,0.04606587370567211
special proposal,0.046063454596659295
orphanages,0.04605082947647253
financing,0.046044403259064906
der po,0.04604380283797778
autonomy,0.046015030726422684
powerquest,0.04600557181960563
scared,0.04595950677139077
issue bug,0.04593663095817357
shortage,0.04591233791249247
32 64,0.045908871928917246
key issues,0.04589718304961257
executed contract,0.04589394664900652
incoming mail,0.04588661296789111
distributors,0.045866007966300165
address private,0.04585959862530596
cb ce,0.045856861096742224
e8 fa,0.045856861096742224
c1 d6,0.045856861096742224
ef cb,0.045856861096742224
c1 cd,0.045856861096742224
c1 d0,0.045856861096742224
cd c1,0.045856861096742224
d3 d4,0.045856861096742224
d9 c8,0.045856861096742224
c4 c1,0.045856861096742224
d6 c1,0.045856861096742224
cf cb,0.045856861096742224
f0 f7,0.045856861096742224
f7 e8,0.045856861096742224
f7 ce,0.045856861096742224
f2 c1,0.045856861096742224
fa c1,0.045856861096742224
cf da,0.045856861096742224
9a f7,0.045856861096742224
20 f2,0.045856861096742224
20 e4,0.045856861096742224
cd c3,0.045856861096742224
ce d0,0.045856861096742224
d3 d0,0.045856861096742224
ce d9,0.045856861096742224
d0 d2,0.045856861096742224
d0 c1,0.045856861096742224
d9 20,0.045856861096742224
c1 f0,0.045856861096742224
d7 d9,0.045856861096742224
c8 cf,0.045856861096742224
d4 c9,0.045856861096742224
c5 c3,0.045856861096742224
temporarily hold,0.04584423235519517
shouid used,0.04583666787835223
late parents,0.04583465805263309
extraction,0.04580780028713077
alt,0.04577716263996041
com php,0.045775799625159035
quaiity,0.04576874775133706
minerals energy,0.04576408163506441
absolutely innocuous,0.045761618196279163
pirice,0.045758323352877675
pirice offer,0.045758323352877675
best pirice,0.045758323352877675
cd 20,0.04573627230754106
tramaderol 46,0.045722963554632866
tramaderol,0.045722963554632866
charity gala,0.045719996785010264
sex life,0.04571712520137617
curry,0.04571609350057185
vacheron constantin,0.04570987982994434
naomi,0.04570695430224916
attention detected,0.045702737327634836
special death,0.04567090153504065
dupont,0.04566047847916938
notice talked,0.04561086818047778
12 24,0.04560042401546691
окна,0.04557577172333908
different types,0.04552482050913524
reposed,0.045522428122224345
phenomenon,0.04550478411535289
processed shortly,0.04550038150682234
highest quality,0.045500025040858136
rolex 199,0.04549518677502658
199 good,0.04549518677502658
tunisia,0.045476814761701456
explain,0.04545135854386992
program note,0.045434023078675105
number usaa,0.045423071859218664
cartridges,0.04541402171469354
carpet,0.045403789836782116
wf,0.04540129269629786
startling brietling,0.045398429344418866
president robert,0.04536049632374918
time good,0.045329538118727
solicit assistance,0.04532646348394517
mikhail khodorkovsky,0.045314796632698065
singular,0.045313989302028346
8859 content,0.04530851251063102
ministry works,0.045305269235497596
life business,0.04529814066143719
mysteriously,0.04528618829925303
stating,0.04528183539336868
watches exacting,0.045257915935996366
exacting people,0.045257915935996366
details appreciate,0.04523493219500818
gunnar,0.04521166266823106
weird,0.045206623773909785
faqs,0.04519645113707966
offer right,0.045196201852671376
exacting,0.045188266417083414
marque,0.045185973799303884
ge delivered,0.04518390002338877
nominated account,0.04518367905489818
year 22,0.04517330525241786
e8,0.045172031064752406
trapped,0.0451591773110638
saver,0.04513543048862643
exceed expectations,0.04509382248880387
808,0.04504320878720735
dependence,0.04501952687896429
works housing,0.0449923763621668
select save,0.044985667539218295
political crisis,0.044966432594610535
trunk box,0.044965561024691784
f0,0.04495796454611602
assistance regards,0.04494428120145589
261,0.044925630494248074
present government,0.04490586269975348
reliable honest,0.0448921262500114
lse,0.0448872876496766
toolkit,0.044885863969668635
power attorney,0.04488479862710859
70 30,0.04487424814828923
spe,0.044864561414746526
100 sa,0.04485782226318638
prefer man,0.04481873978870513
ym,0.04480674991519768
reply shall,0.04479314425535226
civil servant,0.04474809418251851
researchers,0.044747079719105035
really sure,0.044734282476266464
money investing,0.04469848307990013
thank promotional,0.04469810510166145
17 02,0.04468378004916877
perished,0.04467287341208242
nero,0.04466056880535006
business processes,0.04464611777160166
globe,0.044644158574530385
section 17,0.04458651907993157
bounce,0.04457665468532456
internet protocol,0.0445516308309235
64 bit,0.044522859039052086
help copyright,0.04450090236713815
ure,0.04447383402972725
ppin hin,0.04447336229345367
hin 24,0.04447336229345367
ppin,0.04447336229345367
blue,0.04446410620298748
africa department,0.04446202185190468
problem solving,0.04445686890483373
purchase medications,0.04442847782747483
rolex url,0.04442375897912375
500 100,0.0444194978441437
tras kno,0.04439007206050765
tras,0.04439007206050765
ects tras,0.04439007206050765
want miss,0.044383456799486576
update view,0.0443353103118924
qualitative replica,0.04428589052309339
associations,0.04427952828435756
gas rien,0.04425722016502876
intuit,0.04425247987932915
marcelo,0.044237308570612366
chromatic,0.04423321879333353
reasoner,0.04423070934935856
money family,0.044192470011651545
18k gold,0.044180167152426064
gold toned,0.044180167152426064
toned models,0.044180167152426064
14k 18k,0.044180167152426064
solid 14k,0.044180167152426064
saies,0.04416536183158164
yz,0.04416248586300528
ms wor,0.044130098178580074
nds expe,0.044130098178580074
attention final,0.04412506721780614
money transferred,0.04411761645079214
17 10,0.04411317758276506
address browser,0.04410922707197479
june 30,0.04409858150990525
message states,0.044076235977280796
different ways,0.04406918338723549
passes,0.04405874499817631
18k,0.0440480087452175
barrels,0.04404711217229275
died year,0.04403713811171536
enable transfer,0.04403613177850717
assistance business,0.04401316847900785
longer thicker,0.04399230672504443
funds returned,0.04398319854087702
online service,0.04394110440574116
disappeared,0.04390997320285656
urgent confidential,0.043880205348143166
england,0.04387436552962773
huge money,0.04386740450529556
twice cheap,0.0438653626099136
price twice,0.0438653626099136
closest,0.04385133459119554
genuine testimonials,0.04382889048061366
hundreds genuine,0.04382889048061366
bryan,0.04382879447856931
05 00,0.043815385478398756
satisfied users,0.04380488474481689
watches warranty,0.0437996960208919
written replica,0.0437996960208919
harmony price,0.04378017971516278
condition decided,0.04377956816869101
atches url,0.043767439834408575
family friends,0.043762675223591896
width 20,0.043760457986495506
want wait,0.04375922662688669
16 16,0.04375295450005238
vacheron,0.04375153697004361
investment country,0.043730957673967605
password update,0.0437238565511387
frontier,0.043713866128465555
specific proposal,0.04371351381272738
payment prevent,0.043705717193528316
payment ads,0.043705717193528316
suspended soon,0.043705717193528316
dear advertiser,0.043705717193528316
advertiser unable,0.043705717193528316
unless process,0.043705717193528316
prevent ads,0.043705717193528316
thank advertising,0.043705717193528316
advertising available,0.043705717193528316
language change,0.043688450042544034
took special,0.04363260156478685
rewarded,0.04362919445403164
advertising google,0.043626896883257535
mining corporation,0.043625704371432615
gmail com,0.04360627740482222
unfortunate,0.04357200604258795
saf wa,0.04357121778995752
ur saf,0.04357121778995752
sp ur,0.04357121778995752
designer replica,0.043559929932622435
major designer,0.04355773439950916
soaring,0.043550892353398374
ix,0.04352839015014959
prospective,0.04352412076329574
13 feb,0.04351038615149166
newark,0.043469292194438285
classical bvlgari,0.04346832722117499
known condition,0.043447214508386366
bachelor,0.0434320342278341
exxonmobiie,0.04342755451021269
cav,0.043411620019331285
intellinet,0.04336401504414181
grupo,0.04335276891789864
ph acy,0.04331641338205073
acy ne,0.04331641338205073
st est,0.04331641338205073
marvin,0.04330373173309201
functional,0.043301580705182384
reward redeem,0.043287232261510995
know use,0.04328181102805771
uniform,0.04328000234832787
johns,0.04326897137355474
cash credited,0.04325614308748969
qr,0.04325174386902632
money way,0.04325037086880551
nedbank,0.04324534138009837
ms office,0.04323311527134838
195,0.043223337810272974
assist claim,0.04322073385484018
health cough,0.04319522706311302
year written,0.04317289816534969
000 people,0.04316705392048978
wa ph,0.04315895596530958
existed,0.043157671287887285
years child,0.04314960058874888
amid,0.04314165499019635
malcolm,0.043132962544157584
message body,0.04313088016318741
official documents,0.04312909994405275
9a e4,0.04311493225027973
republic south,0.04310239548322758
credited file,0.04309692092466534
promise usaa,0.04307403667636634
copper,0.042983464394490606
looking watch,0.042977376833313596
watch visit,0.042977376833313596
signin,0.04297157909936733
lottery winners,0.04296204357100849
pheromone,0.04294415276663927
classics replica,0.0428971039263427
just let,0.04285144642184933
like foreigner,0.04283067966618387
d6,0.04282648298253505
renewable energy,0.04281068650443353
antoine,0.04280931665494072
family valuables,0.04275980710883397
viewers,0.0427531817252793
cocoa merchant,0.04273237739868269
investment companies,0.04271538102419603
optimistic,0.04271060189796978
international passport,0.04268597875119674
siemens,0.04268084107812738
branch maturity,0.04267064234086031
rs sp,0.04265511699381206
transfer account,0.04264457908829959
contract sum,0.04263116545561721
undeclared,0.0426247334622146
penn,0.042614682869652795
wed 20,0.042610693892529306
wor shi,0.042605323601967046
wi ppin,0.042605323601967046
shi wit,0.042605323601967046
ld wi,0.042605323601967046
wit ld,0.042605323601967046
971,0.042597552880716406
team sam,0.04259332409609033
richest,0.04259004625962147
automata,0.0425718545707862
proving,0.04255377993512323
proven results,0.04255273879181361
08 12,0.04255173999864829
ire rm,0.04254425621142043
ur se,0.04254425621142043
vol 500,0.04254425621142043
se ire,0.04254425621142043
ural eff,0.04254425621142043
rm vol,0.04254425621142043
100 ural,0.04254425621142043
wondered,0.04252889714046869
visible,0.042524683622240524
si ects,0.04251093950500568
nat si,0.04251093950500568
wel wn,0.04251093950500568
bra nat,0.04251093950500568
24 rs,0.042495816318355015
sincerely morgan,0.04249436520458051
world trade,0.04248913798593475
gloria,0.04247829671233133
variety health,0.04243329118844542
michel,0.04243278554733608
freeware,0.04239724352064366
xual des,0.04237715572459641
yo xual,0.04237715572459641
ume reas,0.04237715572459641
spe ume,0.04237715572459641
arm yo,0.04237715572459641
des spe,0.04237715572459641
369,0.04236743880224943
rien ee,0.04236029005837599
expe ce,0.04236029005837599
tim ger,0.04236029005837599
ce thr,0.04236029005837599
ger ms,0.04236029005837599
thr es,0.04236029005837599
es lon,0.04236029005837599
ee tim,0.04236029005837599
lon gas,0.04236029005837599
churches,0.042353944169428975
123 got,0.04234164998535963
notice increase,0.04234156153181157
457,0.04232711750811236
claim payment,0.042284491642670965
wh,0.04227085577286694
stretch,0.042259905370846534
key security,0.04224183697163239
reas ur,0.0422161628451428
eff wel,0.0422161628451428
est arm,0.0422161628451428
information services,0.04221518166903608
contracts executed,0.042194337718850825
xbl,0.042187360897324395
consistency,0.04215043713864135
com member,0.042125736417253874
enterprise edition,0.04212376833253701
multi national,0.042117115145494835
stay,0.0421131208246757
jewelry url,0.04210569590465473
married years,0.04207976867385722
security officer,0.04207296754426706
15 05,0.042051257118523006
brief illness,0.042049545252585446
protocol voip,0.041984452917638915
12 500,0.04197688452984691
urgent business,0.041960864883944404
calendar months,0.04193661902653283
successfully concluded,0.04190918199882464
husband alive,0.04190813593617401
suis,0.041906836436835376
return path,0.04189331386016416
stock symbol,0.04184526958530183
joanne,0.041806302122440436
mix numbers,0.04180085592523371
endeavour,0.04179762194042403
com copyright,0.04179422440912198
lottery international,0.041776766480983836
oil rig,0.04175690932459594
eff,0.0417283341581641
bi ion,0.04171610792535704
kindly contact,0.041703350149386635
mexico state,0.04169763567808762
br,0.041684774668548315
money meant,0.04168251813037076
account foreign,0.04168074625442232
father took,0.041675640502724286
quebec,0.04167229039321536
constructive,0.04165591835083278
died brief,0.041645470227919874
ne st,0.04164276746524758
manhood url,0.041621394863069774
hostile people,0.041596242109386845
rai,0.04159324302078631
autonomous,0.04157887512764299
team alex,0.04157465530497063
husbands,0.041566192402110354
vehicles,0.04156077093571763
internal external,0.041554483196954574
zone url,0.041550853152374397
promotion council,0.04154041981169891
powerful url,0.04153954553403297
difficulty,0.04152075693280719
update email,0.041500212366653084
managing director,0.041489478229366814
strategies,0.041487317824790565
permanent url,0.041468034695178214
gnupg,0.04142915713331835
ultimate,0.041425427035455153
offer 25,0.04139004570092559
22 23,0.04134691247504752
je suis,0.04133949608522788
0900 story,0.041329919036347675
pleasurable,0.04130340838909213
payne,0.041256302856355904
chief security,0.04124221065364213
supplemental,0.04122534541128942
confiscated,0.04122256911914129
stimulus,0.04121012028371225
gua,0.04120543942408515
shortyour com,0.0412040158376684
shortyour,0.0412040158376684
oral,0.04118122436453341
lcd,0.04111923737413947
06 03,0.04111595453686573
alive deposited,0.04110997940845521
blessed memory,0.041104482733895144
gmbh,0.04109432274600556
bankers,0.041072100818965854
super active,0.04106543117444319
mother died,0.0409550287556763
searching reliable,0.04093796123097371
jk,0.04093055494635515
01 07,0.040928072339042255
time want,0.04092728906837835
ros,0.04092432417397462
appointed,0.0409223083657632
contractors,0.04092079580817653
detect,0.04091171864505712
sani abacha,0.04090112912367744
easy use,0.04088448155804599
universita di,0.04088245288979378
receivers,0.04086851106724272
affiiiated,0.04084486495954913
813,0.04079341508707887
statements misleading,0.04077635826608203
mr andreas,0.04076584144487936
breakout,0.04073848162693819
andmanyother save,0.04072998980719682
thr,0.04072628403358712
quietly,0.04071986461282513
expensive looking,0.04070876724813938
turing,0.04066574526956021
internet explorer,0.04065154056399187
funds released,0.04064535678959936
unknown,0.04062772498928869
notification sent,0.04062393339257338
invoive discussions,0.04061355417556247
med,0.0406056432390636
prayers,0.04058628772166703
ahmed,0.04058091961873534
unsupervised,0.04055822775239893
timely,0.040529219806890344
inst,0.04050995438834032
material fact,0.04050916677202587
omit material,0.04050916677202587
sani,0.04049011588562782
encoding quoted,0.04047127316333193
permit,0.04046209772988278
thickness,0.040453760677393875
ved,0.040434283605898756
sacramento,0.0404029481412602
bank ghana,0.0403857394883855
25 total,0.0403758127262888
awkwardness,0.0403564940493315
occured,0.04034639509464777
fowler,0.04033506502825546
complications remember,0.04031331821154967
pounds sterling,0.040306152301065504
funds included,0.04029867481815919
resource people,0.040273533727370935
relate,0.04027315161283932
__________________________________________________________________,0.04026675273329642
vinyl,0.04026560533380721
corei,0.04026543634385693
products exactly,0.04026190974265805
change usa,0.040261741994488655
notice receive,0.040261741994488655
canada notice,0.040261741994488655
bank group,0.040261596066976636
assistance enable,0.04025702237488786
money belonging,0.04025370124933539
attention account,0.04024104362357173
understands statements,0.040238203756866056
144,0.04023280998630129
straightforward,0.040219798786487
lottery promoted,0.040198578908265746
ebook,0.040184771950994964
763,0.04016719854027841
shown unsubscribe,0.04014243974738278
included stake,0.04013304467281377
franco,0.04013037078373776
perusal,0.04011609491207015
indicating,0.04011342222721525
shop wont,0.04004902031428203
account use,0.040042018814141316
claim fund,0.040025624353708635
accidental,0.04002543207005801
incidents,0.04002525019243226
contact page,0.040019160222941996
showcase,0.04001718222510983
investment management,0.04001413709358635
barreis,0.04001268972753186
sincerely mrs,0.03998965024391829
gis,0.0399852057800961
majority,0.039983041568655224
deeply involved,0.03997637316875087
experienced help,0.03996720178889752
mobutu sese,0.039933433152399604
14 working,0.039932815126982955
confidential email,0.03991975677670113
quoted printable,0.03990211509475034
send biank,0.03989979043329726
biank,0.03989979043329726
cuenta,0.03988360150784023
traction,0.03987523662765045
atp,0.039864517075438186
confidential privileged,0.039844049430693466
injury,0.03982519430706037
deposit calendar,0.039824856971943504
utterly,0.03980462526700413
glass,0.0397877671086805
sese,0.03978536468971016
madrid spain,0.03977721566645935
ist,0.03975951612841861
03 21,0.03973649027173914
line unsubscribe,0.03970860138096907
haven heard,0.039699778359418327
save 40,0.039699474603723535
pure hoodia,0.03968924390212281
order po,0.039662772904152974
furthermore change,0.039633819465612306
promotions manager,0.03962234056442047
minimum,0.039580336541177576
minutes,0.03955430221870453
turkish,0.03954339492242192
chairman ceo,0.03951695589862967
tailored,0.039514347338672116
testimonials satisfied,0.03949989816901635
troubles,0.03949679006752746
departure,0.039470844949927246
transferred account,0.03946686493015661
000 company,0.03941403555444792
delays complications,0.039391288469360915
guaranteed add,0.03937068404545411
unnecessary delays,0.03934690124683062
aside expenses,0.039332761258327756
doctor appointments,0.039290657505891564
appointments needed,0.039290657505891564
classical frank,0.039273329156831495
febuary,0.039271289125739677
ion cubic,0.03926369134329313
eldest,0.03925030122701656
delivery door,0.039240695658570315
registered securities,0.03922638677598656
trustworthy person,0.03921121749898501
designated bank,0.03913994773144371
morgan garcia,0.0391268596493696
account shutdown,0.0391051707101431
suntrust,0.03900726903483046
frozen,0.03900567419277722
host,0.03899220574487043
usd 10,0.038973534855903075
arrival,0.03896760346704806
information submit,0.038952097020145994
price prices,0.03894730987153232
annals,0.038944701078979994
canadian healthcare,0.038933610907831574
licensing,0.038900554834132225
sincerely taylor,0.038880458433183794
daughter late,0.03885719944290776
regulations,0.03885078527163662
want assure,0.038835885221222985
publisher newsletter,0.03881997533273607
3rd party,0.03878350307283213
islam,0.03876040599424484
error reason,0.038758262236350274
money money,0.03873760971547659
taken care,0.03873256150865199
violations,0.03873024946773371
recorder,0.03872620214667832
bvlgari watches,0.038722625662910855
carroll,0.03871966408733266
ottawa,0.038673762181042674
telex,0.03866100109713362
server message,0.03864347703493202
month notice,0.038600126085010934
joint,0.038587587498525394
viagra sildenafil,0.03858115189035487
belongs,0.0385707307206946
09 26,0.03856940816729291
correct information,0.03852606568120204
fiona,0.03851387507403938
trees,0.038505515483392844
material facts,0.038498594918680004
heart health,0.03848192248662727
diese,0.038459572674445365
players,0.038451374102334276
fastgeneral com,0.03843442521281197
fastgeneral,0.03843442521281197
details fastgeneral,0.03843442521281197
se lo,0.03839703896703774
brilliant,0.03839272379568422
claim consignment,0.038379483418452986
business assistance,0.03834997456817292
imperative,0.03833338680020693
necessary approvals,0.0383006948466295
panerai closest,0.0382995987974052
closest original,0.0382995987974052
watches officine,0.0382995987974052
auditor general,0.03829204536522346
recording,0.03825559174422554
sole use,0.03825102565616748
work bank,0.03824523431527549
money designated,0.03823121848177096
unserviceable,0.03820959393649262
chemists shop,0.038199998276446
equity,0.03818419585493707
escape,0.038162984272328615
book look,0.03816223398016952
bargain holidays,0.038156565503725856
golden,0.03815005124720491
auch,0.03810443503385165
suffix,0.03808801793087621
details good,0.038073458342439526
edge,0.03807334938975621
computerized,0.03806054974077
inclined,0.03803525052519311
matter fact,0.03802113694378542
peopie,0.03800800447681877
youve,0.03800365125002146
year cheap,0.0379815160788236
sildenafil,0.037968454085176406
money transfered,0.037949064534642515
fes,0.03794905979456052
oo ooo,0.03793885181588349
delete reading,0.037911655791522426
team martinez,0.03789448661821858
actua,0.03788052886053842
routinely,0.037860834130184984
normally purchasing,0.03784709620725169
emai,0.037845852250877644
transaction provide,0.03784249637369544
tj,0.037810395292752194
private phone,0.037791603751805534
139,0.03776999592261882
express invoive,0.0377458329036683
segments,0.03773797428174404
utmost care,0.037734599079131736
18 years,0.03773376760900203
fund want,0.037719082758978666
slaves,0.03771505757501205
robert mugabe,0.037713574089450176
30th october,0.03771170993387954
band,0.03770562459327816
tap,0.037698478123777204
corrected,0.03762607026639641
remittance prize,0.037596112123057364
1962,0.037579079315813176
new ideas,0.03757605459169998
ministry finance,0.037573278965511346
carrier,0.03754229964785344
prompt reply,0.03752930804708598
number 01,0.037489929656679084
government service,0.03744661422819707
cheap flights,0.0373866787905456
xy,0.037376530813708966
available market,0.03736767028934852
private security,0.03733767776498413
prescription required,0.03732137821834939
right just,0.03729086828887832
website online,0.037245345940661964
processing remittance,0.03723470401382535
reports executive,0.037227654616846045
gerhard,0.03718884573027334
hoodia showned,0.037181035426872844
showned bbc,0.037181035426872844
showned,0.037181035426872844
reedy,0.03714520861685805
expiration years,0.0371265085385697
competitor,0.037115930786466945
sent fri,0.03708561436221437
incorrect,0.037080477156175115
10 51,0.037057318101956886
share price,0.03704723971167034
honest person,0.037007987352886115
ve working,0.03700766259383613
government account,0.03700229261029964
hi detected,0.0369957141309486
fellows,0.03699297059612655
profile suspended,0.03699109003051422
answer questions,0.03698207868859087
questions thank,0.03695352313666713
minds,0.036951575033823354
imports,0.036888709883159704
4c,0.03687705982751944
dramatically,0.03687463990800208
pending payment,0.03685019925676251
secure necessary,0.03683979539783487
whitman,0.03683537620585105
dance,0.036806262841337485
largest oil,0.03675947636568296
glad assist,0.036749047110843654
p2,0.03673585099482291
award department,0.03670975327933695
ciwerlis,0.03668047431723781
explains,0.03666979387971481
discrete,0.03662753290272508
cotonou,0.03661166187098199
foreign customer,0.03655162548881661
hold account,0.03651656055700385
charity organizations,0.036502487361567436
enjoyable sex,0.03650140850735174
nottingham,0.03648443437354172
dear usaa,0.03646123180754949
charlotte,0.0364397865362395
beauty,0.03640796205843353
regards martinez,0.03639923658324389
60 30,0.03639587510706515
foley,0.036393720994314246
code like,0.03638976170901058
bags,0.03638285416533703
shall hold,0.03632905115557681
suggestions contact,0.03631812808925047
approved recommended,0.0363111798527424
effective advertising,0.036304257495623375
provided email,0.036298469088430305
18 000,0.03629317998831695
require assistance,0.03629228654403321
interested reply,0.03628121509334723
systems research,0.0362423092177558
robot,0.0362400647257984
accounting unit,0.036218929278971274
sensitive ends,0.03621578083451531
50 14,0.036160218712058954
save,0.03615681517647744
want make,0.036155595660770576
blowing,0.036145704309514096
blue chip,0.036119247034723426
fernando,0.036110350218540345
mutual business,0.036095064455625346
program takes,0.036082744791950463
yap international,0.03606023866336425
american oil,0.0360447073990376
conclusion,0.03602476111871717
10 26,0.03602027446996882
acts participants,0.03601834493945835
expects anticipates,0.03600937989652876
frustrated,0.03600749181998456
seventeen million,0.0359969023609256
pui,0.035980651504558606
limiting,0.03596341648029913
spark,0.03595668691476256
huge cash,0.035952302417155635
provisional,0.03594582354801789
shortly request,0.035941003606216514
claiming unscrupulous,0.03593769013237631
unscrupulous acts,0.03593769013237631
shall provide,0.03593098605348327
john mccain,0.03591915388039266
dealer,0.03590890247752405
red hat,0.03587633727494004
stoc,0.035867297558745195
jw,0.03585235492551998
linden,0.0358272772538203
00 10,0.03581874473411703
workable,0.03580227659410707
union bank,0.03579734516310845
recently request,0.035782105685188685
indicates recently,0.035782105685188685
happy inform,0.035759238606159795
expressive,0.03575035555694136
frustration,0.035713507004798285
compressed,0.03570663148810379
organizer,0.035704637789223906
28 29,0.03569078908396436
315 popular,0.03567886634318655
claims processed,0.03567484543504957
room sourcing,0.035648050276844194
customer new,0.03561864597793595
hodge,0.03561394389969546
resu,0.035573373049215894
asia australia,0.03556796803976294
expire 24,0.035556751253552676
url use,0.03555494536138983
detected security,0.03554563239752279
ranges,0.035535068145644035
country money,0.035535048331730254
nur,0.03553434167227783
democratic republic,0.0355278559217545
brands property,0.03551987775729823
designated trademarks,0.03551987775729823
trademarks brands,0.03551987775729823
credibility,0.035457210329920545
store don,0.03544132290782389
hello department,0.035414402141570524
chicago il,0.035412202780586176
communication regard,0.0353291585854874
request verification,0.03527085510390174
security pro,0.03523706415486898
premiums,0.03523474516638608
wired,0.03522553324218974
purchasing viagra,0.03522178293348319
hope prize,0.03521159025617173
aide,0.03520020295345975
skeptical,0.03519253553349266
purposes oniy,0.03519144451805223
colour,0.0351483165099595
months cancer,0.035137560488858646
electronics,0.03513673217743192
recovery,0.03513528906419449
satisfy woman,0.03508986724910619
company business,0.03507306467572626
streaming,0.03504239172660088
stretching,0.035004641674289835
zing,0.03499129911477974
sum 21,0.03496773878066046
like original,0.03496005062471369
permanently regards,0.03493909620033022
05 14,0.03493543512200859
tuesday december,0.0349122399824503
offer 20,0.03487623457927932
obasanjo,0.034873748149006706
annotation,0.03486781830381649
love pleasurable,0.034857075418296565
believe paul,0.034857075418296565
thicker making,0.034857075418296565
pleasurable come,0.034857075418296565
come lot,0.034857075418296565
lindsay california,0.034857075418296565
incredible inches,0.034857075418296565
gained incredible,0.034857075418296565
easily lindsay,0.034857075418296565
lot easily,0.034857075418296565
paul gained,0.034857075418296565
money security,0.03483410724654873
cook,0.03483055633659483
months longer,0.034802655102851326
good customer,0.03479149023300231
men want,0.03478182504278372
use url,0.034766948143650216
nn,0.03476266045004887
gn,0.03475353185071921
famous brand,0.034719353121393424
involved transaction,0.0347054518849857
audience,0.03467479457931134
wed 13,0.03467150519690039
sexual desire,0.03466700306986443
long lasting,0.034647262347058505
make claim,0.034629119290898
like make,0.034603187553520126
salomon,0.03459443862535662
year married,0.03454595988806542
make business,0.03454185294263471
noun,0.03453987877494468
chasing,0.03452474764764117
kin deceased,0.03452205016952014
stories year,0.03449958209086276
advises readers,0.03448179446956568
letter appreciated,0.034458393991785144
watch time,0.034456161945149694
know make,0.03444766092439784
scams,0.03443038282793701
address fax,0.03442774219672556
gateways,0.03441315408363475
release deposit,0.03439545338398645
informing,0.03436037087570617
amigos,0.03433739925581395
know search,0.03433705852956889
02 mx,0.03428951497707866
21 year,0.03427815279389679
conversions,0.034262601736746785
vehicle,0.034233845227906255
heller,0.0341982523186762
kk,0.03419198509769468
pl line,0.034171014895515786
accelerate,0.03417035516370687
enable claim,0.03415611630299486
reliable foreign,0.03415426351983004
unserviceable bank,0.03412560736769524
communicative,0.03409059816398762
bank release,0.034075305408644715
telecommunication,0.03406818136192707
natural method,0.034067268839235366
07 10,0.03406485780344288
benefits month,0.034052744052135306
girth width,0.034052744052135306
inches plus,0.034052744052135306
run risk,0.034047259953659245
12 17,0.03404352922537539
874,0.034041533497942436
resisting scratches,0.03402184464834371
better resisting,0.03402184464834371
regular glass,0.03402184464834371
type glass,0.03402184464834371
genuine sapphire,0.03402184464834371
crystal type,0.03402184464834371
glass times,0.03402184464834371
scratches regular,0.03402184464834371
exampies awesome,0.03401865914204903
money husband,0.034001028567824436
pressures,0.03399372522020253
size inches,0.03394383585809735
plus increase,0.0339437452030227
kill,0.033939203030384876
homes,0.033922170103251104
yg,0.03391520079799693
40 year,0.033913361758102625
understood,0.03391016250800413
april 19,0.03389689123232961
trade stocks,0.033884408875178296
stocks featured,0.033884408875178296
abuse program,0.033878154506353376
unwarranted abuse,0.03387804316364442
dbm,0.03386474552947652
breath,0.033850607680388584
business model,0.033841189769398955
need operation,0.033838506247090026
cowcaptain,0.033833615528582064
cowcaptain com,0.033833615528582064
begin claim,0.033791374011543474
verlag,0.033754486939220694
make things,0.03374520923565851
gros,0.03374107547405932
2308,0.03373254910437878
scratches,0.03371911872229675
246,0.033718681917385834
effec,0.03371811281774118
inches matters,0.03367696001123919
want receive,0.03364379646793674
collecting,0.03364339501742176
tomorrow morning,0.033637307836867164
attending,0.033633316090509506
mail including,0.033618954081570535
construed kind,0.03361495321419057
90 39,0.033596409723527045
phentrime 90,0.033596409723527045
forefront,0.03359474777875779
12 13,0.033588682578196576
refugee camp,0.03358018654159228
good chemists,0.03357313601549524
pharmaceutical products,0.03355743917463795
microsoft office,0.03355330372529029
moving forward,0.03354105044559289
bottles today,0.033538211206613086
phentrime,0.03352115882258155
life wait,0.033518709872272665
sha,0.03351038880202246
yap internationa,0.033496343840053344
local man,0.03347759528451205
dreams super,0.0334666200543598
multilingual,0.03346405661603101
93,0.033458278446834695
349 95,0.033456285184781775
achieve dreams,0.03343915675802485
duly,0.033400547166839864
vita,0.03338384896421428
couid cause,0.03337673406408798
receive additional,0.03333794497167501
manrepeat,0.03332171902617609
manrepeat com,0.03332171902617609
details manrepeat,0.03332171902617609
transfered,0.03326927710160512
deciding trade,0.033240436758215725
launches,0.03320556675288804
osteoporosis smoking,0.03320480230501267
25th,0.033197882549378985
27 73,0.033194905710082705
courtesy,0.03318523341502914
17 19,0.033180228303064205
370,0.03317115586254948
desirable,0.03315569305051702
886,0.03309572000473322
taylor garcia,0.033087553511068235
answer question,0.03302415988688353
objection,0.03299522013525073
invoked,0.03295086357292731
thursday march,0.032940908571423996
onward,0.03294062556504357
winner reward,0.032934231909173495
don know,0.03292369384744306
20 total,0.032920110535636926
neapolitan,0.03291995380646067
death know,0.03289954339366497
ve said,0.03287068203991326
frequently asked,0.03285392240737373
valued million,0.0328527104010758
pharmacy purchasecomfort,0.03284424917773077
purchasecomfort,0.03284424917773077
purchasecomfort harmony,0.03284424917773077
relative,0.0328376807399733
personal story,0.03283492291763818
afraid death,0.03282814149258293
child outside,0.03281598495877971
outside matrimonial,0.03281598495877971
remote,0.032804390848247614
address internet,0.0328030234770158
reply immediately,0.03280058980335434
help recover,0.03279119083361371
neighboring,0.0327763503823176
cd cf,0.032771068935022
alex martinez,0.0327561858649575
arc,0.032748461585887685
auditing accounting,0.0327239010414861
approved lump,0.03270556813992225
executed legitimate,0.032696859599725
email security,0.032694945672549894
hold recover,0.03268033158913234
matrimonial home,0.032674015259360645
sizes,0.032662290250921815
going bosom,0.0326285413794515
issue letter,0.03260774396267721
charity organization,0.03260435407984418
hi remembered,0.03259156932171849
liberals,0.03257488012650548
hod,0.032568881665504756
13 22,0.0325655819648699
kingsley,0.03256025282563961
planner,0.03255939515794745
oversea,0.03253909838568018
drc,0.032532796234733534
holden,0.0325192254658973
00 coffee,0.032513881479339056
reply private,0.032490495661332226
death decided,0.03247558684046034
come world,0.03247204590856803
antonio,0.03246937581371464
hope able,0.032456183677937796
avai dia,0.032440817416655554
cor lot,0.032440817416655554
mult gua,0.032440817416655554
lot rs,0.032440817416655554
dia nloa,0.032440817416655554
nloa,0.032440817416655554
don pay,0.032422377795199686
going know,0.03242114171579935
ded,0.03237365416835366
lin,0.03236571555644374
11 24,0.03235366325175134
ec ado,0.032318295082911244
sym ec,0.032318295082911244
mic oft,0.032318295082911244
nds mic,0.032318295082911244
oft sym,0.032318295082911244
lean,0.03230459876844692
philippe watch,0.03230156041143736
ful,0.032289781689824895
muller replica,0.03228352520249674
time week,0.032280489041428405
ses fro,0.03227968719088841
customer account,0.0322680933338883
best frank,0.03226594249043554
dealers number,0.032260575907729544
owerclick,0.0322568578122098
owerclick url,0.0322568578122098
government nigeria,0.032225630903054955
donate fund,0.03221751030205886
revolution,0.03221344564134102
doesn make,0.032192442306789235
testament,0.03218007971812502
chipset,0.03217854465444192
colt,0.032148604729582995
usaa investment,0.03213767920995476
provided usaa,0.03213767920995476
fdic investments,0.03213767920995476
advisors registered,0.03213767920995476
investments provided,0.03213767920995476
confirm money,0.032102713748573146
viewsonic,0.03210102452653799
difficult,0.03209322217391774
hods,0.0320852885766948
nominating,0.03208492345509966
pham,0.03208486968647907
utmost confidentiality,0.03208389308382853
ros ant,0.03207453055232971
feel exactly,0.032067923179054485
reason like,0.03203014336095122
banks member,0.03201582344031921
broker dealers,0.03201197173596764
ecobank,0.031991969745479326
solution site,0.031984532424695296
smallest,0.03196672954221999
trendy,0.0319489166569845
s2,0.03194559237040402
grossly invoiced,0.03194172492361047
fd,0.031934610852845206
programs held,0.031927460542477255
response thanks,0.0319242371620546
backwards,0.03191941577136213
orphanages widows,0.03191425184005326
involve,0.03191324079530404
227,0.03190216772616903
fatima,0.031902023532092726
companies banks,0.03189689887748135
usaa financial,0.03189416898432962
company usaa,0.03188735531900913
fund behalf,0.03187890089762608
notice department,0.03186453962586145
sums,0.03182676838523874
20 22,0.03182599413108881
account country,0.03181624571504951
member family,0.03181108169694501
windows,0.03179964198007674
timothy,0.031796329107641345
illness lasted,0.031783624208209765
ported,0.031765421264509604
team security,0.03176110250283211
plane crash,0.03174657425399578
reply room,0.031737394429742265
doesn mean,0.03172766772842299
661,0.03171463409222202
extend,0.03171079795797735
months value,0.03169082641528602
started new,0.03168539305897262
delay reply,0.03167088909411374
financial advisors,0.03166811167155174
ant cor,0.03165701035844225
promptly,0.03164836786979046
international program,0.03164198766159902
numbered fixed,0.03163794073012358
circles,0.03163388800130359
ciwerlis 99,0.031626631682550664
increase size,0.031622307087490004
giving,0.031606115737042494
clinically proven,0.031583107627477784
sum usd,0.03154913581524173
04 23,0.03154595048405229
date tue,0.031540180163747086
strictest confidence,0.0315364045658618
sum 12,0.03153158942946399
withheld,0.03147702453329804
pians projections,0.03146212735000998
pharmacy online,0.03145886899434651
client confiscated,0.031457865908052544
oct 30,0.03144126113765984
mou,0.03144036274538868
doesn want,0.03141968642510883
additiona,0.03135802907014434
monday november,0.03135447039008174
investing stocks,0.031353113877085934
xp pro,0.03133501788308471
exhibits,0.03130847520252216
taking,0.0312849312465661
civilian,0.031252341384076864
genuinely,0.031237442355490985
black white,0.031236884206538883
review use,0.031233678404894445
watches pens,0.031208770261806535
respond hold,0.031191917801830168
80 000,0.031164476298811614
varied,0.031147418674844066
oil merchant,0.031138228624995313
sent response,0.031134639920573574
lodged,0.031113211647485452
past performance,0.0311113804917362
codec,0.031098551826224303
profitable business,0.03109690890632517
date unclaimed,0.031044938567292537
team jamie,0.031044257218553587
price url,0.031036535385150017
euro,0.0310172145105581
tolerant,0.031013416454954243
veterans,0.03098463591523596
share money,0.030957511259887636
mic,0.030938315100556203
encourages,0.030928548896061014
locked recover,0.03092301187527133
0700 story,0.03091146011400537
borrowing,0.030906208523916744
rolex replica,0.030899769045225182
vo,0.030894624852452514
cold,0.03089292057234374
pertaining investing,0.030882610387944355
people medications,0.030874741018757052
bridging,0.03086825127324501
bold decision,0.030864337249537334
grossly,0.030853189076671905
famiiiar,0.03081761653663542
user department,0.030816983842342983
number madrid,0.030780175185352546
recently doctor,0.03077210053275341
agora,0.030769208658080516
want situation,0.030764763725940995
use limited,0.030761107949624705
332,0.030757916042539687
details thanks,0.030755045589114387
account said,0.030735510995402688
email record,0.03067808646358372
pseudo,0.03061254906627724
lasted days,0.03060938595692664
1500,0.03058713287042036
affiliations,0.03058043276960356
purchasing replica,0.030579576142125028
look purchasing,0.030579576142125028
championship,0.030574377417189724
propagating word,0.030565857945207844
date funds,0.030477258103861194
process offer,0.03047596338229539
cx,0.030458340344540438
497,0.030455448186632105
convenient discreet,0.03045410814412918
fund bank,0.030415228003014185
mail confidential,0.030406678973216486
email remove,0.030406143960688182
dear beloved,0.030403181267177646
total number,0.030390838342046554
company plans,0.030367634567671085
hassles awkwardness,0.030341825591449243
new yahoo,0.030335645185262928
hi new,0.030321403431931602
incurred course,0.030300736762032338
squirrelmail mailer,0.030286245589661448
66 squirrelmail,0.030286245589661448
http id,0.030286245589661448
squirrelmail mime,0.030286245589661448
projecthoneypot mailwisconsin,0.030286245589661448
received 205,0.030286245589661448
87 gzo,0.030286245589661448
gzo number,0.030286245589661448
214 42,0.030286245589661448
205 214,0.030286245589661448
user projecthoneypot,0.030286245589661448
mailer squirrelmail,0.030286245589661448
gate,0.030266623472879336
xl,0.03026592063895224
participants program,0.03025518033080683
round table,0.030237867052324792
morgan nguyen,0.030229715288158484
generic cialis,0.030212324338110306
id 87,0.030209763875308986
agent squirrelmail,0.03020774010090723
squirrelmail authenticated,0.03020774010090723
42 66,0.030207352762322514
lk,0.03020314962856629
hawaii,0.030195825143592432
shortly email,0.030194817646092012
refine,0.03016360411490498
composite,0.030117492330147825
carp,0.03009794638054259
branches,0.03009590455423022
cd chanel,0.030087762023246662
cartier omega,0.030087762023246662
omega lv,0.030087762023246662
lv cd,0.030087762023246662
mail servers,0.03006781888022277
team riley,0.030065426907241545
california public,0.030045519714639084
director research,0.03004235000249257
mult,0.03003769731910962
acrobat professional,0.0300360451500155
situation money,0.029978062678114686
hotels,0.02995760841146505
intend invest,0.029942884254392847
products work,0.029884461327034702
worked,0.02986837780052236
executed behalf,0.029834432434372702
looking trustworthy,0.029829553700367887
sucks,0.029811048130295816
account shall,0.02980463343008258
fund deposited,0.029801491645328543
device device,0.029801034990050188
involved,0.029800174815049634
information company,0.029796767630601576
estteme blue,0.029792047443431974
estteme,0.029792047443431974
self estteme,0.029792047443431974
clips,0.02978010877741037
medical conference,0.02976466766358825
website search,0.02976406688951548
bank year,0.029746023330781492
sir mr,0.029740713336013587
0000 message,0.029707444104226526
adams,0.029702853200063987
5500,0.02968269597901262
copying communication,0.029676485050637337
expectations beiiefs,0.029669091020233646
beiiefs,0.029669091020233646
international winners,0.029659238646061955
number easy,0.02964544319274818
holloway,0.029621446230525164
noneedl,0.029618714707118438
subject noneedl,0.029618714707118438
objectives assumptions,0.029613092525960585
category winners,0.0295933119946298
promotions program,0.029584350757458133
months live,0.029582499708892845
smoking arthritis,0.029579362580437113
corporation,0.029555003183458974
funds security,0.029550239943319526
ld,0.02955006052705025
unclamed,0.029532969135591912
american dollars,0.029493115425349707
triple,0.02945613646761739
construct,0.029455436472255833
sent tue,0.02945216761613265
thursday april,0.02944888096148079
forward year,0.029429348996115
days death,0.029420284792374952
trustworthy chemists,0.02940654475155787
authenticated user,0.0294059501008532
ewing,0.029401836784091577
prices check,0.029384868818456967
white farmers,0.029379420204290393
imme,0.02937756600136592
regular mail,0.02936189590206209
sun year,0.02935386129749393
d0,0.029349056693468673
ts gain,0.02933507320611461
tee lo,0.02933507320611461
uct 60,0.02933507320611461
provide information,0.029331867586191798
lauraan,0.02932990392821735
corey,0.029310116594096804
strictly public,0.029287889298457503
account verify,0.02928383783259341
mogi,0.029235302975111763
49 00,0.029226658632043826
cvs,0.029217434193838925
stocks securities,0.029192153614799293
0000 received,0.029185666078206125
lst category,0.02913607406626962
case need,0.02912713617729518
network admin,0.029107397588211584
half reduced,0.029085656038430267
duct,0.02908290462242241
exchange server,0.02906265255705068
direct telephone,0.02905940611805044
reward claim,0.02905415008899186
selections,0.02905082884393906
got information,0.029048886352684444
late general,0.029040337932150915
changes right,0.029019465304684768
details traditionstreet,0.028989381135713362
investors profiie,0.028982514846458893
profiie way,0.028982514846458893
01 18,0.02897636630895014
152,0.02897069323367712
received money,0.028958586793786947
32 year,0.028946833818448765
source news,0.028936330314080817
photoshop elements,0.028932941981267998
propose,0.028920129957780594
mime,0.028889617548005904
man huge,0.028884497188790145
00 14,0.02887751583117304
plc lagos,0.028848095191585803
got address,0.028841027993614723
sticks,0.02883213447807706
account transfer,0.028796564639176528
receive letter,0.02879069545686275
sich,0.028782884640133108
letter authority,0.028781657466881768
ana,0.028777149716466104
05 23,0.028765975085769762
staff thank,0.028757646045806887
automatically disqualified,0.028756057721390747
capital ivory,0.0287351770104719
disqualified,0.028703482401281837
following details,0.028702495570023377
proposal acceptable,0.02870249496919241
rolex cartier,0.02868831495139501
offer limited,0.02867792773352738
time let,0.028664075350560952
canvas,0.028656151747322334
bit priority,0.028654397275313312
just barry,0.028654397275313312
muller watches,0.02865048914185143
general information,0.02863551118293192
sum pay,0.02862004478389722
hod po,0.02860239735620906
favor,0.02855013398894916
home page,0.028547986786284316
utilize,0.028530254983845215
wait url,0.028524619763013855
simply submit,0.028511251937510532
website simply,0.028511251937510532
50 adobe,0.02851085939021803
free software,0.028482281335547643
software quality,0.028480142822538513
othe,0.028464030146511214
total contract,0.028462488513529102
edward,0.028425166184533113
banking law,0.0284208671343342
disappointment,0.02842080428516404
huge manhood,0.02842044446303654
shown ladies,0.02842044446303654
surveys shown,0.02842044446303654
ity,0.02841251574867959
ir,0.02839823628541466
foreign oil,0.028393410767057033
blair,0.028391624904029297
deposit company,0.0283808458416138
coming don,0.028375851378275703
variants,0.02837575413739997
digits,0.028373672887630312
way doing,0.028365362019257188
executive accountant,0.028358532844233057
just add,0.028356016095546038
ladies prefer,0.028354064879729152
sales dramatically,0.028353122561932984
means efforts,0.028353122561932984
website boost,0.028353122561932984
boost revenues,0.028353122561932984
visitors stream,0.028353122561932984
watch visitors,0.028353122561932984
spent vain,0.028353122561932984
engines increase,0.028353122561932984
efforts spent,0.028353122561932984
christie,0.028334090975489386
information remove,0.02831669399922482
better assortment,0.028315874513949277
assortment site,0.028315874513949277
stream business,0.028302825545552125
invested time,0.028301449078771426
30 17,0.028293965057640747
communities,0.028293025807857863
political situation,0.028275469168113812
cursor,0.028262735688724835
involved car,0.028203597014143274
vehicle unfortunately,0.028184108576099293
architectural,0.02816420229585088
macromedia flash,0.028157274386908706
spicy,0.028141624038747353
receipt mail,0.028139622430193703
involved business,0.02813517939812176
information included,0.02812436696805712
year business,0.028119937262877932
advertiser,0.0280757162497963
22 07,0.028073449366802394
traditional,0.02807123965834585
number things,0.028040942318723106
august 17,0.028039406841424832
facilitate transfer,0.02803895171130694
online sales,0.02803124917738376
high end,0.028030435704338233
322,0.02800992973793807
0000 subject,0.027996710572797078
days later,0.02798948467279875
summarized,0.027985110941156837
occupants vehicle,0.02792207581203312
delightsome bvlgari,0.027916669552370103
995,0.027916452999384733
restricted recover,0.0279052497239401
fb,0.027893486492946595
prevent,0.027870193969520327
charlie,0.02786947736916255
kin beneficiary,0.02785095743110197
issued notice,0.027848192262942082
xh,0.0278409709876469
conceptual,0.02782431309153544
revenues way,0.02780347670162954
incurred process,0.02778923830169671
quality product,0.027788991763683255
premier home,0.027782327477363124
olusegun obasanjo,0.02775612740737488
just order,0.027721094938831157
premature,0.0277064332658744
photoshop 60,0.0276841457936672
qu il,0.027677298305957155
act accordingly,0.027672705070476443
blast,0.02766879270170429
121,0.027668445207385428
award strictly,0.02765803943052264
money charity,0.02764123920693332
emotional,0.027618858226654032
need contact,0.027611120611426683
looking new,0.02760445132322209
government treasury,0.027603243327104232
nationality,0.027594255363121333
male female,0.02758627629965001
premature ejaculation,0.02755745357723765
00 30,0.02749962344466731
irrespective,0.027477068161633443
olu,0.02747442443487163
kin late,0.02746383234838443
reviews,0.027461074973285003
hello account,0.027428768414985077
lump sum,0.027420781006074608
possible congratulations,0.02738275619718252
anybody age,0.027339407349660054
risk try,0.027275738848701672
achieve permanent,0.027275738848701672
superb performance,0.0272752075550792
unfortunately lost,0.027271572950108326
account provided,0.027212305401426863
august 20,0.02720836721215532
reply directly,0.027147944057491328
uris,0.027134998798844522
acknowledgement,0.027133682171065234
fault,0.027100871854734157
971 number,0.027099656623219184
soiutions,0.027085266480491678
publishers,0.02706935260661675
process transferring,0.027067271268566194
helps men,0.027056292234974515
agency,0.027038705549054135
delightsome,0.027038459640808525
_________________________________________________________________ msn,0.027035530203676186
installation,0.02702806615608151
dollars bank,0.02702422749161829
allowed operate,0.02701859759420366
justified,0.02698776457554081
paced,0.026982114945293238
need reply,0.026977965025701812
dsbl,0.026932462834048338
compounds,0.026918844878982967
seek consent,0.026905923722820566
account safe,0.02683058162599707
uv,0.026825085292577714
thursday february,0.026792185129944596
treasury,0.02678955685993446
bank immediately,0.0267894116747964
legality,0.026785088832693087
depositing,0.026784143399814466
drugstore don,0.026756266712450415
forget drugstore,0.026756266712450415
transaction concluded,0.026749766235039225
aim,0.026735167563969285
dollars deposited,0.02672790572302368
animal,0.02671929994302408
york university,0.026715978247540236
condition need,0.026714501497527486
formation,0.026710905091268257
lost lives,0.02670488474315026
dhcp,0.02669784412847067
reply needed,0.02667975842045617
shelley,0.026610163756365053
mr barry,0.026586919547969472
legislative,0.02657735775719781
scrutiny,0.026522000820567226
aol,0.026504392139964257
click information,0.02646772617260373
approved 100,0.026460837501864846
deseasess,0.02645948711201479
deseasess need,0.02645948711201479
paths,0.026449258536899292
witness,0.026447659176496073
220,0.026446618997941214
energy companies,0.02644556895914151
times,0.026433772024328405
elementary,0.02637749215719926
gmt,0.02637555549222639
guru,0.026374845630012394
pains,0.02636949461171484
money country,0.026364720989919557
shannon,0.026354658237895824
nationally,0.026346877098270813
shipping,0.026326430811772293
members family,0.026302462684381994
url 99,0.026301526604938102
autolearn version,0.026280065609669022
generates,0.026262641441714203
hassan,0.026247964128480947
empower,0.026244093314814917
254,0.02620899963317831
narrow,0.026195884395490136
seizure,0.026185411809170157
declared unserviceable,0.02618529507418305
commitments,0.02618474333072928
scandinavian,0.0261692922829499
lazy,0.02614001395802577
10 29,0.026107680492818284
seven thousand,0.02609243831562438
regarding company,0.026011675580893397
scratch,0.025999614341110505
responsible,0.025989867863042165
00 free,0.025987748061904306
new improved,0.02598249290869918
customer congratulations,0.025958929402633304
pens bags,0.025954667340117393
buy replicas,0.025937903415355016
ally approved,0.025935506530329853
contact search,0.025874007527741997
13 oct,0.025800333983789094
descriptor,0.02578733446732182
fait,0.0257777371268162
pay expenses,0.02577668937425162
operational,0.0257552087387776
transfer huge,0.02574238180911895
consulted,0.02573513298756817
slovenia,0.025728466461077577
gold gold,0.025724052557463885
needed assistance,0.02571027064418289
willing help,0.025704552741790117
perfect resource,0.025670798495054336
hungarian,0.025655574849279356
email material,0.02565325949050068
extensive,0.02564616844536723
vain want,0.025637162386616116
td tr,0.025633682061602103
disciplinary,0.025622190945089142
lucrative business,0.02561855277241211
winners international,0.02558874258240192
cheque,0.02554818567616013
international programs,0.025515759055729937
jackson,0.025482743331524716
middle,0.025477357446055872
personal use,0.025475119921965838
shall construed,0.025467912320984915
rge,0.025460012085393634
old number,0.0254547714175281
letter respect,0.02545336089484944
professors,0.02544973334665271
goals expectations,0.025448663703996413
predictions goals,0.025448663703996413
replacement,0.02544223111578479
06 year,0.025431039229392334
son late,0.025410546027010143
234 80,0.025405477639552067
solo,0.025392396618709036
certain assumptions,0.025376256140896006
nature business,0.025371888726479407
compiete,0.0253592191442645
guaranteed money,0.02535641701982109
zc,0.025344377257976936
vk,0.025339491386093323
specializes,0.025326844719183526
like new,0.0253213883648406
information access,0.02531225476120843
year client,0.02530148257586261
parent,0.025288154221661075
potent,0.025286165523263883
vprnxl,0.025277039280540668
vprnxl 31,0.025277039280540668
wild nights,0.025263018309084354
report shall,0.025234677952818706
apply bank,0.025211803400158495
future investment,0.025210956062917133
present civilian,0.025198442843054548
executed contracts,0.025192068976856167
spamming,0.02519195790283757
10 minutes,0.0251912349305607
riley martinez,0.02518078838872742
based certain,0.025168699012912646
desk taylor,0.025164979559704686
backup codes,0.02515156756490683
tue year,0.025135527348465244
safe account,0.025123234390519108
mrs susan,0.025101765295462902
july 21,0.025094506545961202
like try,0.025071751728815976
descriptive,0.02506121791130357
butler,0.025047424731172573
deposit million,0.025045374869833634
525,0.025032681249045795
material report,0.025020188538671474
ability handle,0.025006933221448247
bed clinically,0.024998123484626007
products dear,0.02497246031261501
classics startling,0.024972085554596905
faxed,0.024935705881993345
deploy,0.024926818709932887
email meant,0.024897128103746974
bold,0.02489683755418766
crisis country,0.024892023808593296
marriott,0.024865583744345235
extravagant,0.02483595193201378
zaire,0.024827081142946714
st andrews,0.024820752939755497
treat urgent,0.024816783410566753
securities understood,0.02481457146197374
assist till,0.024810884683110268
manager bank,0.02480127313515073
sure real,0.02478924690731812
street london,0.024778117687421664
ikoyi,0.024775967438733396
40 00,0.024725299202365766
ooo ooo,0.024663918182874313
chapter 11,0.024650018464620886
site cure,0.024579658994563214
03 27,0.024571927107197748
use addressee,0.02455676827505183
notice detected,0.024556271641503032
local foreign,0.024539939190961303
repatriating,0.02451946512458286
response sincerely,0.02449828637973719
leviertra,0.02442623626763546
com daily,0.02440357458543776
05 12,0.024402566124639282
expenses incure,0.02439647510568598
notice regarding,0.024367769830351542
beiieves understands,0.024359130897752605
estimates beiieves,0.024359130897752605
designing,0.024355807388469042
iran,0.0243400002332905
modalities worked,0.02432503237251195
particular offer,0.024315065981849765
greatly,0.024273959155762442
tahoe,0.024261252249792607
great quality,0.02424657323410409
number participants,0.024220345590355075
resisting,0.02421255803337298
ricardo,0.02419248279732285
civilian government,0.02416439816351928
22 01,0.024142980576724874
climate change,0.024125411917514685
obscured,0.024123990072185963
depth,0.02410471774816925
bush administration,0.02410461893178608
argue,0.024094790483806704
names address,0.024068328571188062
bell,0.024066814621702803
pills day,0.024058042958435288
forward reply,0.024056925279480793
franck,0.024050837935397248
0500 story,0.02402850000521233
treasury unclaimed,0.024022475527005514
competent,0.024014119141330375
stipulates,0.023995117969937158
expects estimates,0.023986886353394778
anticipates statements,0.023986886353394778
hewlett packard,0.023981631331843868
18 automatically,0.023968496806122876
14 40,0.023951573935741908
bread,0.023941358243311138
29 01,0.02393900105040366
affidavits,0.023938199297328062
aw,0.023936942412490274
payment 80,0.023901545114594577
died plane,0.023857478616235352
excessive,0.023857029216413625
special offer,0.02383916509697227
receipt message,0.023821186491374803
excellence bed,0.02381578265680246
year 03,0.023781783803873902
main love,0.023780044633766442
petroleum development,0.02377818813650948
17 500,0.023749463826634978
locking,0.02374083361381296
indicator,0.023737806784266135
30 00,0.023727447447347078
nineteen,0.02370133353104198
make significant,0.023676930250998585
private fax,0.02367446118319627
craft,0.023672540539961692
prices dollars,0.023666154299167318
iwc replica,0.023642124556928195
knew deposit,0.02363564091586378
exposed,0.02363487037205198
expected,0.0235811715994361
year received,0.0235805109241723
referred client,0.02356684538361969
23 year,0.023561549269765336
account kindly,0.02351769297460438
27 number,0.023514616336657718
durham,0.02350666159966888
sistema,0.023498672604726795
com information,0.02349596940602863
earned money,0.02347707454435008
security concerns,0.023475838522581075
particulars,0.023463320357197146
half cut,0.02341259655541393
invoicing,0.023402204899865556
year premier,0.023386675131580152
estates,0.02335853321825615
219,0.023352986852195824
18 months,0.02333338873981634
untrusted,0.0233198366001816
transferred bank,0.023302525820864745
pastor,0.023299307654905413
incure,0.023258483133361017
kv,0.02322908588046365
form send,0.023214576287894903
020,0.02318840408806102
cut price,0.02318735849138453
transferred nominated,0.023171493463082525
company pians,0.023169843310380463
add new,0.02316911956590411
filled,0.023167819189884427
civil,0.023167210970929674
intensive,0.02315358421652215
save 100,0.023145261831502326
executives,0.023137152177609602
kr,0.023136581222354954
50 million,0.023087547814082787
sharing fund,0.023084046718717968
chance ends,0.02308264999740158
taylor martinez,0.02304304077106122
premium watches,0.02303568533227761
fect,0.023002529103764182
sell premium,0.023000287888269265
acquiring,0.022995577522324926
stuck,0.022993817609855936
propecia 44,0.022988732830171006
unclaimed fund,0.022980689282016353
hear soon,0.022976143528919586
examine,0.02297236703967735
access email,0.02296869971943243
market absolutely,0.022935937736886375
user final,0.0229331681492375
lock,0.022915833435290234
future performance,0.022912032181164582
help receive,0.0228792901345158
spooky,0.02286607893786815
foreign customers,0.02286008274877671
hierarchy,0.022850189275341142
home biz,0.022843176625699676
solution problem,0.02284051613764663
jay,0.02283903253375301
meet needs,0.0228332368028058
fixed term,0.022821536095493904
decided seek,0.02280793753862006
00 gmt,0.022806814400017677
ek,0.022801698090813817
watches luxurious,0.02280072800113985
american states,0.0227921670030331
gamers,0.022770532910054937
hello final,0.022755846605106142
provide following,0.022752289134805002
gross,0.02272583397801972
know website,0.022724303367854595
scsi,0.02271315685462982
verify access,0.022710473680548415
graduates,0.02265087998173932
conclude transaction,0.022650168372364835
surprised receive,0.022649201813534654
important things,0.022640038308853173
trustworthy help,0.022624719521171847
sockets,0.02262113241742451
immediate attention,0.022611108751513457
ter,0.022610506966489908
replica store,0.02258764386486139
loads,0.022585711081564267
meet discuss,0.022582075699531193
buyer,0.022574740729702624
domiciliary account,0.022563642420389073
nicosia,0.022558055512918205
26 000,0.022549477009119395
sierra leone,0.022540243420412984
provider home,0.022524108936209035
address mail,0.022513078315441807
business 100,0.022495549171317672
saturday march,0.022478276301450793
committing,0.022473605178169726
number content,0.02246532701366929
surviving son,0.022452138086878383
09 13,0.02244756252194208
appointments,0.022416493188393855
congratulations fund,0.022403909042616462
recipient contact,0.022393449190249354
regards barrister,0.02239255054286209
london united,0.022361057547044948
reliable replica,0.02235588585296468
replica patek,0.02235588585296468
haifa,0.022334303274025993
life positive,0.02233133522023001
domiciliary,0.022311070769425897
pertains,0.022281047163452607
expedite action,0.02227536045730174
choice iwc,0.022252411763232654
sof,0.02224442133635669
wendy,0.02221326963469383
confidential claims,0.02220427072499811
27 28,0.02220112052288444
partner assist,0.022183158297445275
circulate,0.02215993090920922
arrangement come,0.02215436526130097
read testimonials,0.02211873886816423
concatenation,0.02211070714452059
chemists wont,0.022103030488637234
provide details,0.02208453534591801
obstacles,0.022081183836942846
holocaust,0.0220792559558411
consisting,0.022076457622330677
think know,0.02205504096743454
membership piease,0.022046670194489335
08 23,0.022039645839984752
tracing,0.0220389896174711
herbal supplement,0.022026921365070087
general sani,0.021998618421044606
phase,0.021964964419338522
modes,0.02195185120756707
backing,0.021938531602049956
url current,0.021934054094579276
share funds,0.02193277690234564
look reliable,0.021906202979088657
details update,0.021890648649604227
considerably,0.02188045372688005
propecia,0.02182207728771997
reach dream,0.021809107400225063
15 23,0.021808219367881288
eur,0.021792191593607783
log file,0.02178406063868249
private contact,0.02178019912925801
contract review,0.0217705906107408
mail mistake,0.021769671884416912
nx,0.021761676129308134
agent mr,0.02175295803352161
stone,0.021738233364958722
ty pro,0.02173363161911342
discreetly delivered,0.021689953026631865
outbreak,0.02165782154468608
sysiync,0.02163359740322589
binaries,0.021624486873979356
converts,0.021607168072150774
dyn,0.021595173195318663
internals,0.021593559106521474
coherent,0.021585212227447005
life going,0.021578777370750493
diplomat,0.02157341476930558
forces led,0.021557383019425613
value executed,0.02155477520354347
good deeds,0.02154591346466141
518,0.021544951131901885
remitted security,0.021509277323411978
worldwide 24,0.021496350216452412
intentionally,0.021434733206636934
mr charles,0.02142643495175229
money bank,0.021423117788140704
following questions,0.021421596927444827
health deteriorated,0.02142159067387127
faces,0.021418625797935784
evolutionary,0.02141019740785002
lottery coordinator,0.02139664198551946
payment 500,0.021394413684197172
super low,0.021378845913427112
paid account,0.02137537599567477
05 09,0.021373627833535514
officials invoiced,0.021369500212897245
leviertra professional,0.02136004919647287
pay twice,0.02135585045453844
firm officials,0.021309942849659542
going instruct,0.02130353658292148
contracting firm,0.021287153968964405
delivered just,0.02127430218204113
available download,0.021234273674370592
suffering,0.021231733234316593
actual contract,0.021202309583147522
fundamentally,0.0211881396194997
ado,0.021174737298355867
foreign contracting,0.021174098067062417
twisted,0.021171471381832327
revenue streams,0.02116296490339123
takeover,0.021148924556157935
banked,0.021140858507851263
states dollar,0.021113644456206445
corporation rights,0.02109850228678731
gail,0.02109421463935696
make transfer,0.021086286036546838
partnered,0.021047235075397693
accruecomfort,0.021043838298730713
pharmacy accruecomfort,0.021043838298730713
accruecomfort harmony,0.021043838298730713
deteriorated,0.02103845607993486
emails sent,0.021032035384433236
stimulating,0.021026654683007077
181,0.02101998787126701
variant,0.021001635166880965
salt,0.020993347461858984
solicit strictest,0.02099199697709561
wife daughter,0.020990444163884084
deliberate,0.020982876311047376
professional 97,0.02096765327925297
totaling,0.020966869352997387
firm europe,0.020965994789463954
shall referred,0.020950827535248975
uncertainties couid,0.02089279813150577
developing new,0.020864848844474024
integrating,0.020844479187847636
november 12,0.020839237574553714
confidence transaction,0.02081473193661964
dramatically invested,0.020805875042055045
documentations,0.020788393832110605
response highly,0.020788182691127855
january 02,0.020781004269012256
resident,0.020768671893247485
server replies,0.02076670655764046
misunderstanding,0.020762655110707844
avai,0.020748157943130143
offer chance,0.020739140915431692
mail click,0.020717840868527185
coleman,0.02071654165527342
magnificent watches,0.02069686851309783
looking magnificent,0.02069686851309783
petroleum corporation,0.02069049179995422
chance come,0.020687132751271015
tly,0.02068367351395769
daniels,0.02067816463792748
autumn,0.02065883242669277
late mr,0.020652569477594144
protect breach,0.020619661837738716
convergence,0.020608824783305054
email error,0.020607632946569227
lauraan corporation,0.020597981614204498
include private,0.020516411630006896
profitability,0.02049593188612289
cope,0.020495698188101444
money knows,0.020489456869389393
technical quality,0.020488375442221526
breach law,0.020480043338979
aurora,0.02047225275250948
waiting urgent,0.020470958011788516
make sure,0.020469682533321105
750,0.02040377009875324
looming,0.02040236789053835
immediately time,0.020384291391833148
going change,0.020373995202723965
thank promotions,0.02036768319305464
softwares siteguaaranteed,0.020319842896476897
ciick check,0.020319842896476897
low prlce,0.020319842896476897
siteguaaranteed super,0.020319842896476897
prlce ciick,0.020319842896476897
siteguaaranteed,0.020319842896476897
deputy minister,0.020317532195692527
09 27,0.0203144367312495
wants serve,0.020302554302080274
newsletter email,0.020287429964409267
foreign bank,0.02028305191022135
war veterans,0.020280575633839944
proposal mr,0.020277228790049614
rcs,0.02026645634064275
submitting website,0.020265763716353895
exercise,0.020258207403096796
deceased account,0.020236209682855666
muller special,0.020231285356213748
disc0unt,0.020231285356213748
bvlgari franck,0.020231285356213748
disc0unt offer,0.020231285356213748
philippe omega,0.020231285356213748
replika,0.020231285356213748
omega cartier,0.020231285356213748
replika disc0unt,0.020231285356213748
special replika,0.020231285356213748
trillion cubic,0.020219870678582306
future success,0.02020404999923824
14 vs,0.02018671650646963
lord exodus,0.02018671650646963
14 says,0.02018671650646963
exodus 14,0.02018671650646963
vs 14,0.02018671650646963
ook,0.020172074997821844
happiness lived,0.02017134526244677
service code,0.02015911402092501
operated,0.02013328824607276
singles,0.020132928119455756
people replica,0.0201222836834266
sudan,0.020111096911799048
energy company,0.02010259932560036
ike,0.020088673616033306
lived life,0.020075177285506524
nts,0.02007267164888225
soft viagra,0.020070567274351275
lord fight,0.02006810305153691
ravishing bvlgari,0.020062792587199667
appear,0.020044005637060137
home entertainment,0.020031698066500382
nce,0.020027810564981496
popular titles,0.01999638410955602
lls,0.019985551857067452
transaction virtue,0.019985329761227324
gratitude,0.019984360085909248
dear number,0.01997476064455993
forge,0.019973614130982205
hawthorne,0.019969406935164077
knowing,0.01996702804730504
says lord,0.01995489295983278
hold peace,0.019953450080910123
vassar,0.019946766564948655
california usa,0.019918845505096486
business world,0.019911705520799954
foreign firm,0.01990724720971683
ground,0.019894274493432132
disturbs stroke,0.019890756497979955
participants participants,0.019889365926680756
teed,0.019888365406766015
year 50,0.01987543578017516
photoshop cs,0.01984702533761075
mails,0.019841277964472562
22 25,0.019819508714234643
iality,0.019780645707190538
fident,0.019780645707190538
email let,0.019772634993842488
congratulations staff,0.019771482424008478
enlargement products,0.01975339539419837
girth upto,0.019751470207917697
upto 20,0.019751470207917697
product men,0.019717056510629917
utterly confidential,0.019715575510392415
energy supply,0.019685010457771615
numbers enable,0.019678132769640044
cared,0.019669914673363362
dialogue,0.019665852566698123
tissue,0.019645592096442663
roadway,0.01961727374750287
think people,0.01961473574825079
48,0.01960360913351686
home office,0.01959558609863802
025,0.019588286058432384
114,0.019581320135075138
nature utterly,0.01957174663386574
virtue nature,0.019571274898353145
program sincerely,0.019538174495032423
cheques,0.019523601669272517
violate,0.01951870969145667
coverage,0.019508971786340805
fund transferred,0.019488739090445024
disputes,0.019481707771562762
ods,0.019481375892052732
repatriating money,0.019471785781767826
ru,0.019450732606863464
password security,0.01944193893787366
18 million,0.019423538868263264
money shared,0.01938528229949695
rolled,0.019379921190773235
ravishing,0.019349794602501646
international commercial,0.01934570921677219
toby,0.01931431606226141
fund security,0.019307788472254766
ntee,0.019244661827458986
mr george,0.019239053688851725
thursday december,0.019222856907486978
s3,0.019213257432143874
water resistant,0.019194203311269167
foreign beneficiary,0.019189445165387797
hogan,0.019184956561481024
year energy,0.019154216192998525
ers time,0.01915355193892647
word god,0.019099253054363524
access confirm,0.019085610663598956
easy way,0.019062367368111618
feel better,0.01905997023689299
land reform,0.01904751065960267
luxurious costume,0.019035109979972105
costume replica,0.019035109979972105
bomb blast,0.01903471642910523
money moved,0.019018423945311017
enhancing products,0.018994060959601926
san francisco,0.01897064362873362
surge,0.018960607007415524
son mr,0.018934025902606677
account transaction,0.0189230227336355
subsequent disbursement,0.01890755504724885
microsoft corporation,0.018890774439381357
sterlings,0.018887336675112113
v5,0.018861703276753853
winning claimed,0.018860828131285208
og,0.018844690902653265
os 10,0.018844609430156357
sankoh,0.018833343819760574
cartier bvlgari,0.01883138355304397
pair,0.018820576880512623
cutoff,0.018804909277285644
nnpc,0.018803001211603422
00 13,0.01880110432656469
satisfying,0.01879872068119977
maine,0.018790177195270822
bless best,0.01878761460787866
custom design,0.01877034782118099
forecasting,0.01876254241356085
egypt,0.018752484525233384
help men,0.01873361399472667
potential,0.01872768193346689
form rely,0.018725705246929406
fast deliver,0.018725705246929406
responds,0.018697220037042956
response letter,0.01869150196738329
world promotional,0.018689489008784685
matter trust,0.018674316066311206
use effective,0.018650170531039987
apex,0.01863831212891335
quick affordable,0.018633936960674422
party led,0.01862919965700569
toulouse,0.018617879396286566
need information,0.018611126374304163
nights love,0.01860797183094678
way use,0.018601871230092094
31 30,0.018600640713770905
assist repatriating,0.018586026379929683
deliver quality,0.018577331940902043
know development,0.01857330285446872
cheat,0.01857274217541864
20 25,0.01856694594506086
harmony fantastic,0.018561093358300976
fantastic price,0.018561093358300976
assistance transfer,0.018538015080622312
deeply love,0.018536480223752184
penis width,0.018532830022784403
10 100,0.018528561149572114
finalizing,0.018499876697573674
pleasure deeper,0.018463434454688937
ladies new,0.018463434454688937
deeper tightly,0.018463434454688937
watch moan,0.018463434454688937
pants watch,0.018463434454688937
necessary documents,0.018460165416681162
ge pi,0.01845871418503152
tool pants,0.01843234047539196
names world,0.018430220729066665
bank manager,0.018428625613935056
zi,0.018399262209779138
443,0.018391522375508822
partly,0.018359761354409095
contacting business,0.018350865471974984
cute,0.018349561353771828
addresses names,0.0183485211545759
soul decided,0.018348063406392237
category congratulations,0.0183453835867692
claudia,0.018338596938961643
beer,0.018337830610684988
god merciful,0.018334707603663132
contact telephone,0.018334296242121843
world bank,0.018304237063404092
11 56,0.01828968870401125
mind blowing,0.018289219542193987
blowing prices,0.018289219542193987
rolex patek,0.01828684741376886
service best,0.01827844488410737
lot money,0.018277661888386882
scientific research,0.0182775683821482
team taylor,0.0182685647840009
price mind,0.018265509108405537
merciful accept,0.018253548307678932
people search,0.018242025512735245
suffer,0.018236588222108722
accept soul,0.018210400150851243
march 30,0.01820220256078121
lancaster,0.018188996711784006
oil consultant,0.018160508622826317
left client,0.018151916761903794
approvals,0.01813465350105399
0100,0.018130876805749933
fund consequently,0.018119390436168226
sock,0.0181181930017427
father death,0.018116803951711724
effectively,0.018109996119362596
clue,0.018095707238523728
koi,0.018077485915001384
new po,0.018074231205106813
quickly possible,0.01803694722006099
000 individual,0.018022158971630453
right months,0.018018307553250942
rich generous,0.018011650151802013
repeatedly,0.018009169604973396
gives second,0.018008023270983612
loo,0.017991789681733372
mes,0.017961909818146198
troy,0.017950157752328468
send private,0.017947106438895584
live according,0.01794409681325423
regret know,0.017937441496347982
individual email,0.017924723062721623
width girth,0.017915841889896873
willed given,0.017910289594996763
know life,0.017908908421279995
bother,0.017897008528366898
passport drivers,0.017891238505860392
according medical,0.017872478749353674
way lived,0.017872385120820906
classifying,0.01785608225766026
fruit,0.0178225651639111
holder congratulations,0.017820722309667376
life different,0.017804006426879695
deteriorated badly,0.017802976353996976
organisations,0.017768409305831227
business investment,0.017749855645145425
wed mar,0.017716815652414234
09 01,0.017714715776095593
ungodly,0.017709458166995443
strongly,0.017704508330832803
deposit security,0.01765444505912102
agent soon,0.0176541873954641
inadequate,0.017638270557141393
said fund,0.017634041903914176
consultant contractor,0.017633810995852955
bank issued,0.017571427987328407
sony,0.01754084866858594
chief auditor,0.017531599313411517
windows 98,0.017530885967144496
32 pm,0.01752816673278305
team wong,0.01752298358016643
customer department,0.017510900114234097
sunshine,0.01749915659496409
fdic,0.01749237840474015
february 14,0.017481560014639064
really really,0.017454436441644464
uara,0.01740963044932451
nteed po,0.01740963044932451
ge high,0.01740963044932451
uct,0.017397395243715776
look feel,0.017344497202143577
taking bold,0.017332505403432168
high qu,0.017331777404893816
stationery web,0.017328839772123236
thinking breathing,0.017328839772123236
air business,0.017328839772123236
start revamping,0.017328839772123236
creative custom,0.017328839772123236
breathing new,0.017328839772123236
849,0.01732729292777862
screens,0.017317192639413455
stefan,0.0173143986342853
hot offers,0.017305016153254266
competitors just,0.017298752098887853
away future,0.01729788186848856
smell,0.017294467144405606
realtime,0.01728237819353548
fresh air,0.017268271229709375
usa url,0.017266704987105353
undue,0.017257319513471196
dear partner,0.01724922947285847
env,0.017248670517500998
account fund,0.017241067345593192
money misused,0.017240783137934187
revamping,0.017239145159545506
mail client,0.01723364824562048
increase penis,0.017224754548544566
vga,0.017222512273395506
capitalization,0.017216339763107658
total funds,0.01720418251811704
country safe,0.017199989964517458
home technology,0.017192661101413657
response shall,0.01718445497700158
stake note,0.017177603747260455
business start,0.01717284401361496
information variety,0.017146308708682105
deciding,0.017128795449559787
email reply,0.01712478557273469
css,0.0171226381205099
response faithfully,0.017117357891072844
delivered promptly,0.017107338486300493
delays strict,0.017107338486300493
promptly delays,0.017107338486300493
ralph,0.017092621162160808
replicas rolex,0.01709159105271291
does occur,0.017089405671934566
ne av,0.01708549780238591
contractor leaving,0.017069708347347376
invest fund,0.017064066771366283
prices brand,0.01704435935705165
nigerian national,0.017038118476467894
esophageal,0.017027363076821594
utmost secrecy,0.017022166521877966
nteed,0.017014217291486985
ask winning,0.017009508569460485
peace,0.01699334372281574
15 times,0.01698421812801845
senses,0.01697904667161305
replica url,0.016953349882666755
05 15,0.01694542298993237
country choice,0.016927375922055465
invoiced deliberately,0.01692611743378396
dsn,0.01691317668693714
inform agent,0.01689257816502601
correspondence furthermore,0.016891420754826164
life delay,0.016887705249456077
alex nguyen,0.016872236305168924
time start,0.016871430652334866
243,0.016859327432338412
31 july,0.01682971571262214
years died,0.016827023187580278
dh,0.016824185788665763
13 07,0.01679480559320597
99 delivery,0.01679344169983094
qn,0.016783959640573335
percentage total,0.016782526609774216
date 30,0.016732823757901652
end day,0.016712086380616244
writting,0.01669046276730775
magazines,0.016690114179491504
asset management,0.016681542274322936
13 02,0.016670462345656823
devoted,0.016656976252895566
promotions prize,0.016646903585412105
desk wong,0.016639392137087743
sitting bank,0.016634035191927594
areas include,0.016616303790129044
vast majority,0.01659405136494927
repose,0.016581458585354297
effective communication,0.01654602000794519
absolute confidentiality,0.016543677963825602
stat,0.016497067969772794
brokerage,0.016491672845949205
understood information,0.016490331302698037
transfer foreign,0.016487763162546618
5m million,0.0164833851707873
giveth took,0.016474268759720377
hand giveth,0.016474268759720377
fruits old,0.01647054474343802
unreasonable,0.016467151277892028
classics trendy,0.016449030592672945
feb 10,0.016430492592037018
widower,0.01642883816712337
heap,0.016426535501475936
fashionable replica,0.016412534893237206
bank rolled,0.016409477477153118
digitally,0.01636815503250242
opposing,0.016345017314022058
access validate,0.01634470826834105
mohamed,0.01633924682278766
brazilian,0.01633711738680385
victor,0.016330751046678006
hold reactivate,0.01628846356399741
reqards,0.016277241048072613
best reqards,0.016277241048072613
request foreigner,0.016273298859360356
year june,0.016260337708909663
10 90,0.01624430533106208
peers,0.016229091745261593
eric smith,0.016225957515807903
agreed offer,0.016217514393290524
maturity sent,0.016211911903476366
notice provide,0.01620477728512425
coup,0.016196613747667395
pay 500,0.016196166914397427
decided alms,0.01619116753292237
width 10,0.016165867027546542
diagnosed esophageal,0.01616411612928007
opportunity purchase,0.016163506069683635
johannesburg,0.016161970152529483
husband died,0.01615450586713527
plenty,0.01615323841016021
titles youcheckk,0.016150878870612638
youcheckk,0.016150878870612638
hello detected,0.016145964633251495
fitch,0.01613999884612534
year private,0.01613346207367965
sell stores,0.016115323512389125
dollars sell,0.016115323512389125
stores thousands,0.016115323512389125
alms charity,0.016109720889748623
predictions,0.01609862848652004
blessed hand,0.016097377465772528
receipt letter,0.016066364340137567
rolled principal,0.016041642353146025
brand new,0.01603859813375733
account abroad,0.016034747675799
month sent,0.016034354423101405
knows huge,0.01603364533727609
government applies,0.016030020253084306
stronger erections,0.01602695727333445
vector,0.01601996574774876
perm,0.016010573502607924
barry kelly,0.01600209454216248
26 27,0.01594644839934858
tue 30,0.01593609517443674
increase sexual,0.01593510086637336
reply month,0.015932499771331595
reminder finally,0.01592254015044237
enrich,0.01592244868603657
provide kin,0.015913764942496127
daughter,0.01589668269030277
selecting,0.015888147060951117
assets immediate,0.01588373359730922
notification forwarding,0.015859978453938647
far distributed,0.015854687460042264
generous hostile,0.01584929273926871
business rich,0.015847075170471885
principal sum,0.01583982835088654
used ungodly,0.01583484337610868
distributed money,0.015820829964797656
got reply,0.015816222144312515
meets good,0.01581562312654225
cared regret,0.015813224515718326
meds right,0.015812035131687736
sent routine,0.01580986280570546
agent immediately,0.015795750953474
earth far,0.01579436458199976
sum end,0.01578271037568152
thing cared,0.015779848283757798
apply payment,0.01577555313920075
unauthorized disclosure,0.01577238518210353
defiled forms,0.015766733669661866
health presence,0.015762711215719954
number email,0.015748930897218336
members close,0.015743553744973507
guarantee executed,0.015731336725751728
regard health,0.01572760238046867
refused kept,0.015723157330830597
prayerful life,0.015721287646459033
ooo,0.015721002817830253
particularly lived,0.015711588348507284
routine notification,0.015703954593958815
year second,0.015699968011437453
quality medications,0.015696854010742098
prayerful,0.015685419286495902
family close,0.015683112666471377
close accounts,0.015681672104422298
consequently proposal,0.01567235177542942
applies claim,0.015665197055367678
immediate extended,0.015659283134742016
watches sell,0.01565169520139917
nov 15,0.01564971915316041
hard disk,0.015649074402818992
esophageal cancer,0.01564301086195036
bed guaranteed,0.0156399286833933
trendy replica,0.01562464043390195
normally buying,0.015623074782311511
world believe,0.015620674960849342
04 30,0.015607416771013013
asked members,0.015601212509106259
trust anymore,0.015596242987677535
revelation,0.015595515661782772
update thanks,0.015595451509224792
money trust,0.015587446381280482
defiled,0.015570424201688124
collect deposit,0.015560395433908083
sc,0.015544641274968447
look right,0.015529073219456225
new issues,0.015528087475335989
funds presently,0.015478762081916118
commercial bank,0.015475383648375612
president mr,0.015470482027791504
warren,0.01546163401085976
interdisciplinary,0.015455918193121646
handle confidential,0.015452933985411163
desire stronger,0.015449938757638202
alternative email,0.015425972497044393
pressing,0.015423144759899194
really cared,0.015421162303711853
claim according,0.015418583644131227
crave indulgence,0.015418310970027457
syslync,0.015411475353679274
ends,0.01541009085012774
trust bank,0.015391578435879643
austrian,0.015384608251145517
ghastly,0.015368216860981219
00 09,0.0153641777836265
kept money,0.015350830459068175
waived,0.015340497447042162
buy meds,0.015336226478153643
0600 cst,0.015325633392535799
original watches,0.015321830826577058
authenticated sender,0.015316633957499715
business venture,0.015315619692299215
contract employers,0.015313480764730762
year plane,0.015306087608450609
patience,0.015281824076362879
help collect,0.015277206451090817
million seven,0.015267130998437618
nightmare,0.015250866229361658
ils,0.015244467336456855
committee members,0.015214380358305546
confidential transaction,0.015212654578650566
183,0.01519742058214412
riqht,0.015186504817186995
remember winning,0.015168536207061043
time office,0.015166056354579046
work list,0.015158034632705875
finally discovered,0.015144020741873656
toto safe,0.015133415462201214
suspicion,0.015124108594864459
customers need,0.015118959199650304
saddled,0.01509003682988933
years,0.0150861473108285
assuring,0.01506493504088432
length thickness,0.015064625327828178
55 year,0.0150625051480628
johannesburg south,0.015046200770724551
medica,0.01503611420198409
week review,0.01503159735142198
instruct want,0.015029480943591786
logo visuai,0.015017435008594733
visuai identity,0.015017435008594733
home technoiogy,0.015012045990068482
health care,0.014984900354719822
ney ba,0.014973139436659939
ck gu,0.014973139436659939
traction device,0.01497226261302215
stop getting,0.014965253923567451
guaranteed results,0.014963634614168636
charset koi,0.014935382621266223
logo charset,0.014935382621266223
koi thinking,0.014935382621266223
make stand,0.014909979000398798
compliment,0.014909567532371867
unsuccessful attempts,0.014908068970155288
day decided,0.014896194710348918
offers creative,0.014895435637706783
decision afraid,0.014860651034542616
disorder,0.014857854789268304
perfect logo,0.014856650422916052
artwork check,0.014856646336926809
revamping end,0.014856646336926809
end logo,0.014856646336926809
11 06,0.014849341787204942
aaron,0.014829274256575747
carefui hand,0.01481959174650077
carefui,0.01481959174650077
sites carefui,0.01481959174650077
approach url,0.014802481952035755
require honest,0.014784106253326452
smooth conclusion,0.01476731951630521
argentine,0.01476076939204525
european commission,0.014746936562924046
adaptive,0.014746443876676053
forfeited,0.014728576960464451
concerning account,0.014715834556579292
ungodly manner,0.014715304406008205
africa want,0.014709704971052433
donate,0.014704219518161298
classics best,0.014691778262454967
incidental expenses,0.014673589728357268
broker,0.01466746042271079
thomson,0.014664482921080692
claims kin,0.014653463899891007
concorde,0.014647293371682898
home automation,0.014614883672167277
automation products,0.014614883672167277
locked reactivate,0.014599777018123187
diverted,0.014572020812178382
leading bra,0.014570223476196591
consent present,0.014570080891908501
ibrahim,0.01456086435588143
certicom,0.014547814794227558
com prices,0.014537288846884041
simulated,0.014512793587610531
presently money,0.014510033071697714
long remain,0.014501669702330036
problematic,0.014494785751717882
home market,0.014485789312070044
president laurent,0.014484895648899687
parks,0.014462623353203832
widows propagating,0.01445194034837287
effected,0.014447791166743799
newsgroups,0.01443983192770063
riley,0.014433065340299221
left money,0.014432182817486776
compression,0.014417681720741178
welcome new,0.014393450097564486
misused,0.01437248253467494
accommodating,0.014337882637888343
user talked,0.014324054474209657
returned unclaimed,0.014321278021017958
ll just,0.014314088548418032
cea,0.014297150620746544
core duo,0.014293860628180806
sam martinez,0.014281305390090603
reliable reputable,0.014260535867244324
alex garcia,0.014231014473033722
search reliable,0.014230646411472736
22 nd,0.014212152630992582
organization bulgaria,0.0142117430494799
arrangement protect,0.014210847822796403
ande,0.014207456466027625
legitimate arrangement,0.014180240390012243
hadn,0.014158885808730624
ka,0.014158303669079286
green,0.014139471944641421
quicken year,0.014137425288203548
customer feedback,0.014133945748595677
different countries,0.014131411077410418
click shortyour,0.014114355193780903
801,0.014091175930034928
edinburgh scotland,0.01408885237676339
hear ready,0.014088469120078695
contains confidential,0.014087316892422836
way think,0.014083159432826385
school business,0.014078801106815995
helpful health,0.014069056086803877
corporation lauraan,0.01405822446847104
click validate,0.014046931455744578
macros,0.014044864122035278
airlines flight,0.014037313431071305
manner reason,0.01402572028892207
decided marry,0.014021575013619567
ascii,0.014000769465272437
16th,0.013998020731487364
reason taking,0.013984662619935478
stop premature,0.013967900863434189
signals,0.013965886109595137
vg,0.01396411104030585
shall read,0.013963496660197744
customer bank,0.01396323273254328
explosion,0.013951243929403558
international bank,0.013939134236933527
ding,0.013938855654909632
family treasure,0.013936817871403499
large scale,0.013934755512421878
kindly furnish,0.013931635028554453
261 crashed,0.01392628821458826
paste link,0.013920766418971137
250,0.013903799386870775
notification final,0.01388358172713178
university maryland,0.013879250308725366
said funds,0.013874613530439794
reputable person,0.0138613518016298
transfered bank,0.01384600515468025
advisory,0.013841929818927894
watt,0.013838098487798687
government president,0.013833260196893672
ida,0.013822675563371592
kw,0.013821420150204936
80 adobe,0.013820378665906383
notice remembered,0.013795466267703666
international,0.013794059972124732
regards mark,0.013792053236515809
help url,0.013785203569815458
locate member,0.01375580434634696
00 shared,0.013753356438688797
expenses incurred,0.013729399505642436
nbc,0.013717817701081969
adobe audition,0.013709140956030234
mutually beneficial,0.013667824565078564
maintains,0.01365440225724339
paid original,0.013648077528775405
execution deal,0.013631031204689746
sam nguyen,0.013626607876063242
business magnitude,0.013622033765899726
crash alaska,0.013618722414072698
website oniine,0.013606547813569049
father died,0.01358667306473545
attend meeting,0.01358287525759762
resumes,0.013566876138422734
services jamie,0.013562714396707354
realised,0.013523610666395238
hard solid,0.01349856009806036
erect1on intercourse,0.01349856009806036
incredible breakthrough,0.01349856009806036
thanks incredible,0.01349856009806036
solid erect1on,0.01349856009806036
pleasure allow,0.01349856009806036
erect1on,0.01349856009806036
maintain rock,0.01349856009806036
supplement available,0.01349856009806036
thickness pleasure,0.01349856009806036
breakthrough herbal,0.013487688986190289
absolutely guaranteed,0.013487387650090707
forward urgent,0.013483211943854044
biennial,0.013478773653475778
inches manhood,0.013474514351216996
meant purchase,0.01346920416779568
manhood increase,0.01346617051115686
program participants,0.013459272977845516
allow maintain,0.013456412198939172
liquidated,0.013453405856517367
contacting assist,0.01343881783202953
eth,0.01343840781672149
transaction note,0.013434613798999196
deceased customer,0.0134302975098914
secu,0.01340797998449395
crash visiting,0.0133932737993059
83,0.013389420534754825
fifth,0.013382486193897916
pickle,0.0133684234160566
don overpay,0.013358599032208892
money beneficiary,0.013320416711462658
apr 15,0.013311411526648182
transaction executed,0.013302429212720013
shopping,0.013299622498149387
ceil,0.013285618682772771
total prize,0.013278950898516103
download software,0.013269302640904868
cover expenses,0.013267293408729092
overpay,0.013266274167717052
services llc,0.013235635715273149
pharmacy gaincomfort,0.01322725511820039
gaincomfort,0.01322725511820039
gaincomfort harmony,0.01322725511820039
arms ammunition,0.013226620526035168
purchases drug,0.013216270446174107
personal attorney,0.01321187182042641
writers,0.013200091902468358
disqualified sincerely,0.013181538794289172
congratulations mix,0.013177946083337926
11 35,0.013159096052377191
investment purposes,0.013155297192448309
products url,0.013154670792001937
th january,0.013129923190723924
totally riskfree,0.013123899680203183
note anybody,0.013119405920610042
procurecomfort harmony,0.0131115910286042
pharmacy procurecomfort,0.0131115910286042
procurecomfort,0.0131115910286042
translated,0.013103898526428048
sexual health,0.013096007955724657
classics rolex,0.013053096166668667
mula,0.013035540449914477
tightly url,0.01301832650822721
willingness assist,0.01296087620288863
pagemaker,0.012938259330837844
uncle,0.012928277547577926
monster,0.012916682412907088
cpa,0.012910466431608378
sign account,0.012898092068830386
bis,0.012870939568716102
browser url,0.012862251677038855
nowadays,0.012853358225246133
old,0.012826183291536179
available cheap,0.012812423221087959
theoretic,0.012765804173909398
12 feb,0.012763122352414613
online drugstore,0.012754280987129578
payment 200,0.012739218194496665
enlargment reviews,0.012736163444361381
nigerian government,0.012734041377720183
justice,0.012732068026461525
consistent,0.012719726000741255
revert ownership,0.012718142430588934
immediate transfer,0.012713653479106987
enlargment,0.012704898386900058
penis enlargment,0.012704898386900058
father deposited,0.012704447526002378
private search,0.012686534074104514
congratulations members,0.012670317633627535
fund according,0.01265875334760017
tracks,0.012653558794672844
specifications,0.012650577752768656
recently,0.012641502412327149
folder,0.012639236676770069
sustainable,0.012618327885943127
fax 212,0.012598401774412004
romance,0.012584260212930307
success click,0.012579549930006408
subject london,0.012563201413135147
nominated bank,0.012555397977917408
richardson,0.012539012354490314
regards steve,0.012532585473445029
white house,0.012531027989725475
private company,0.012530955475357703
information given,0.012521548311427079
click reply,0.012488410262595482
creole,0.012487304752406385
qualitative watches,0.012481850771299922
locals,0.012466350864443327
honest cooperation,0.01246022255025413
cooperation enable,0.012458323982092484
numbers correspondence,0.012433053827962915
21st april,0.012426694737745402
employ,0.012424697057335645
ensure pri,0.012420841881522893
sults gu,0.012420841881522893
goal si,0.012420841881522893
ze utmost,0.012420841881522893
vacy information,0.012420841881522893
tees great,0.012420841881522893
tee fast,0.012420841881522893
state california,0.012394044249900281
ge device,0.012393468214518994
soon confirm,0.012391115669263222
members staff,0.01237751420778773
contracted,0.01236125876391328
vacy,0.012359630781373664
poisoned,0.0123552681591086
vos,0.012348043339333736
country country,0.012347516585590046
riskfree,0.012303855929420264
acceptance proposal,0.012296763954361203
lowest prices,0.01228683782279998
124,0.012263898760457873
express road,0.012252370316565652
increase girth,0.012252045290408927
hour 15,0.01224545399601815
delivery start,0.012232144076919416
device soon,0.012232144076919416
using traction,0.012232144076919416
bank claim,0.012223476885510585
framemaker,0.012218349077276069
ensuring,0.012216347854638218
email hope,0.012213291157574451
care ensure,0.012202665366831927
submit payment,0.012197837840111064
penis enlargers,0.012187987636434477
enlargers,0.012187987636434477
compare penis,0.012187987636434477
watches looking,0.01217383117319661
sensitive expires,0.012165676068257986
investigation discovered,0.012160043338446187
arab emirates,0.012151563441703865
jointly,0.012141947644228516
respond restrict,0.012137835820540142
restrict account,0.012104597586168582
ready,0.012092673869883833
transfering,0.012081265199748944
states worldwide,0.01207574544315199
prices starting,0.01206948200972486
possible achieve,0.012069039167670981
starting 99,0.012041477272450293
lost life,0.012025804353483672
regards john,0.01202504867982878
money revert,0.012022532289917646
disbursement coming,0.012005547239080702
discovered account,0.012004083069327248
sorry believe,0.01199328442592549
offer medications,0.011992071807349004
westinghouse,0.011987228469444122
thank choosing,0.011980119219150808
sticking,0.011971412597850083
increase thickness,0.011971131825416518
provide immediately,0.01196882596391914
hour client,0.01196784228400407
bios,0.011925388944704542
die someday,0.011924711920790794
transaction entitled,0.011924495698658794
05 11,0.01192338175624013
believe die,0.011918836664992279
10 expenses,0.011905203190330067
proves,0.011897012492778391
review panel,0.011885735123546898
62 dose,0.011883405340802755
order soft,0.011883125419348451
viagra 62,0.011883125419348451
451,0.011864551499695378
disambiguation,0.011858820292831343
viagra incredibly,0.01185442403827942
ge gu,0.01183695677625893
operating company,0.011835695333828939
investment purpose,0.011833241244318955
children involved,0.011830956793839387
murdered,0.011826913677707896
list unsubscribe,0.011823007403599291
kin relation,0.011820978293024649
evacuation,0.011815293113081727
delegate,0.011814744515238555
positive time,0.011797626913586993
dose ready,0.011797626913586993
99 dose,0.011785980441735984
usaa account,0.011784528013815144
refreshments,0.011781950224237475
mq,0.011781004668642878
wonder,0.011772939280583906
email pertaining,0.01176858333522792
belongs foreign,0.011753245078321681
read don,0.01173717230450936
united arab,0.01171417820109875
reliably,0.01171206228731197
relation deceased,0.011693965597258962
repeated,0.011691750502893273
eni,0.011681945350527037
client support,0.011636822991161493
discovered abandoned,0.011629981650611463
boost sex,0.011610737482485468
kid,0.011607685878430342
ready boost,0.011587761765398864
fast results,0.011586264194288027
talking,0.011578270641771206
abandoned sum,0.01157765400792798
software engineering,0.011570621872041267
desk garcia,0.011548985916976378
circulating,0.011508000642548567
assassinated,0.01150144801344747
want transfer,0.011499181683434695
life just,0.011468170674812215
rendered,0.01143832308929543
proven effective,0.011433987742200261
performance achievements,0.01141552876814564
examining,0.01139331771101443
pleasure write,0.011381482369860802
physically,0.011380666682750454
aq,0.01137378781436269
treat utmost,0.011367451934202827
50 19,0.011366371658229497
africa dear,0.011357703958884115
work 24,0.011354566225545487
iam,0.011348957887941748
uauthorize,0.01133870254152361
willing offer,0.011335695384939778
propagating,0.011332657233888996
close friends,0.01131721002127865
transaction interested,0.011317140878125503
assurance,0.011310807976119823
calme,0.011271380062135919
sent wednesday,0.01125342296208671
tuesday march,0.011252128130453884
licence,0.011247940476483179
start introducing,0.011238116029026156
open bank,0.011231873837167445
numbered time,0.011230269298288832
account world,0.011227602831424809
sickness,0.011225627627633836
time fixed,0.011202801872967832
like propose,0.011197151820832175
bank abidjan,0.011193380056760396
lynch,0.0111755955657241
96,0.011174441491713684
goldman,0.011160786669891348
need update,0.011153627465026829
services taylor,0.01113522858003716
deflate,0.011134399520175137
learnt supposed,0.011122306435121321
offer 100,0.01112215268647927
ammunition,0.011122119266277208
pension,0.011115067056113648
confidential matter,0.011103974462738172
00 sitting,0.011101705877500674
referring,0.011094733418370917
billing,0.011083979794623578
recover account,0.01108079725614982
quiet,0.011063511022132452
work best,0.011062372463879902
march year,0.011043912715659163
inform step,0.011012041570300229
midnight follow,0.011011498854235047
tuner,0.010997415464433105
assist transaction,0.010989218409146913
idle,0.010957207766372611
limited number,0.010953730776251575
gun,0.01094602251396942
directives,0.010930444550732376
personal aid,0.010917699646392177
months valued,0.01090594644926394
supposed kin,0.010902151950043765
deliberately,0.010888381849908976
day workshop,0.01086861116539794
possible make,0.010853078173956983
rigorous,0.01082406327252626
pleasurable comes,0.010812732954075867
started herbal,0.010812732954075867
supplement sharon,0.010812732954075867
david florida,0.010812732954075867
easily david,0.010812732954075867
sex pleasurable,0.010812732954075867
comes easily,0.010812732954075867
sharon says,0.010812732954075867
says sex,0.010793626769018384
claude,0.010756064173976421
risk assessment,0.010748497719000208
place kin,0.010735005566395065
00 05,0.010723980458762924
corrupt government,0.010714873349448858
entering,0.010699436451459434
way work,0.010692882363921588
death expecting,0.010684801678345096
perfect intimate,0.01068479488478388
information death,0.010671914841797064
prayed,0.010666754609395698
test case,0.010665338553303138
act offer,0.010655395921942626
effective 72,0.010653004703243802
australia new,0.010652516994437372
nacional del,0.010639281039117047
hitch free,0.010637122564282047
florida usa,0.01063233464343189
millions dollars,0.010630928924294337
able help,0.010618523661998145
expecting kin,0.010617384509305529
account 10,0.010602303966128454
account apply,0.010593149893859798
know person,0.01058995264794976
mobility,0.010572185166243395
hands corrupt,0.010569308826458023
28 09,0.010564530740680625
dr john,0.01056051359714118
shall share,0.010557512295972966
resulted,0.010552660526833783
expenses arise,0.010550096705739429
year annual,0.010515050543091405
administrator message,0.010488380685731973
ernest,0.010487152442601523
bilingual,0.010455955649511949
teacher,0.010444434917118368
recurring,0.01043663604223241
wx,0.010432686832654057
demurrage,0.010420650707649616
argem,0.010404565605224191
supervise,0.010400581011417175
summer best,0.010347438092490432
secondly,0.010317194524477439
address attorney,0.010311067740947711
als,0.010305941976376612
dormant accounts,0.010302312452477841
confiscated declared,0.01027615408034006
sum thirty,0.010275769584017396
fist,0.010265933000233627
translates,0.010258947883964684
noticed,0.010238327029019166
end transaction,0.010233476993607712
510,0.010202515061880843
xt,0.010175122983359746
work closely,0.01016815943798733
purchase high,0.010159717751173615
aiming,0.010144833535937333
april 10,0.01014170090851152
emergence,0.010133117738895189
_________________________________________________________________ express,0.01010752342934756
nigeria national,0.01010468332677886
sincerely jamie,0.01008236963343015
shifts,0.010066593819385303
porto,0.010053643542311806
team nguyen,0.010049693695583969
immediate response,0.010049323857650913
messenger download,0.010048650410643154
instructions message,0.01004306211903717
consultations licensed,0.010019753603342481
assylum,0.01001646478020086
services morgan,0.010011462133334223
curiosity,0.010004989795262237
pa,0.009999672635743764
note transaction,0.009958909104470679
entrepreneurs,0.009929405625719298
prepare necessary,0.009905894071980165
registration fees,0.009901948465553074
convenient easily,0.009892692564072525
worn taken,0.009892692564072525
taken achieve,0.009892692564072525
easily worn,0.009892692564072525
free consultations,0.009889943857330379
featured email,0.009864094137457721
configurable,0.009861682880320296
rutgers university,0.00985167871128443
22 feb,0.009839916678611135
davidson,0.009836294796184013
tely,0.009815630008485654
current state,0.009786962943188239
dollars cash,0.009768104400706716
chambers,0.009763870641081427
specific offer,0.009759689929248716
prohibited unlawful,0.009757570961980894
declare kin,0.009731604297663704
presence husband,0.00972533957547269
01 20,0.009723648288456965
indices,0.009718294727338166
bat,0.009716056759339517
money released,0.009712580650623028
email information,0.009708901213087996
active 66,0.009701722035003295
ciwerlis super,0.009701722035003295
ose,0.009701513273662234
assistance needed,0.009693869416242196
retains,0.009655806166461299
pages length,0.00963823677520053
diamond mining,0.009634830279468348
discuss issues,0.00962819854777538
proposition june,0.009624966494676342
like say,0.009622106027569466
returns,0.00955556079506257
make intimate,0.009554770208356732
166,0.009546853567044862
trace kin,0.00954573295350855
41 pm,0.009537633196762645
end follow,0.009527172326610088
children decided,0.009525925457807817
splits,0.00951949198310084
nlar,0.009499561029201953
ciao,0.009492000481304585
believe transaction,0.009437978328881958
flaws,0.009432542060400676
sixteen million,0.009430872541803201
holder final,0.009391663480321893
guideline stipulates,0.00938700282921628
law guideline,0.009370646157349368
questions concerning,0.009362201231325092
honest trustworthy,0.009360666903649768
late engr,0.0093537609081808
hsbc,0.009350489288340686
died making,0.009347722463688564
resistant replica,0.009346300841826258
order avoid,0.009333880403907474
deux,0.009326047169928594
tv tuner,0.009313898781918009
warm,0.009309604941089851
desk lee,0.009298812786545742
contact claims,0.009278583469289772
quest,0.009267410433884531
future ooking,0.009265050595846919
debates,0.009256792714040389
high stakes,0.00922493592522879
behaviors,0.009223705391018149
business occasioned,0.009223494285884272
demands,0.009189023907377147
active 82,0.009179480334685576
vyigra super,0.009179480334685576
proposal like,0.00916827254107387
offshore account,0.009153273285088784
publicly,0.009144558307944035
xavier,0.009140803962170744
advice registered,0.009105710395560301
combining,0.009094657983232212
smarsh,0.009088257172496422
email encryption,0.009088257172496422
smarsh email,0.009088257172496422
longer,0.009079701310264551
gil,0.009077526282445595
bad state,0.009067799971815529
provided investment,0.009058086467284766
results guaranteed,0.00905732553224545
better way,0.009048062885112113
sum 20,0.009044193898002146
rid bad,0.00902773889467673
watches battery,0.009024426505285298
taking advantage,0.009015101100603393
guidelines stipulates,0.009002424508640075
interruption complete,0.008994662295060149
form offer,0.008994662295060149
unanimously,0.00898321509113632
kind investment,0.00898151139522401
law expiration,0.008973031262748843
europe middle,0.008966713660955023
reinforcement,0.00896101195433588
year ref,0.008939824466479293
arge,0.008930332300516588
chemical engineer,0.00890802457928385
fund nominated,0.008903504207213397
budapest,0.008890945840930883
reserves crude,0.008878687038612922
fund country,0.008875553301765654
investigation died,0.008871918166108867
representative deciding,0.008858020053963942
text file,0.008848464575691753
network time,0.0088481787787588
years funds,0.008847603392180133
settings click,0.00883740761370313
bug number,0.00883703909564531
network center,0.008835863139117696
story agreed,0.008835863139117696
frequency unsubscribe,0.008835863139117696
receiving custom,0.008835863139117696
criteria frequency,0.008835863139117696
alter alert,0.008835863139117696
alerts click,0.008835863139117696
click alter,0.008835863139117696
prices offer,0.008834804811907645
custom email,0.008832040176027787
securities representative,0.008824814646265762
don use,0.008817532795953615
personal telephone,0.008814694622737986
30 13,0.008794546096028342
intercourse url,0.008788769361517276
acomplicia,0.008768026827660626
acomplicia 79,0.008768026827660626
foreign remittance,0.008766018985141384
address got,0.00876190444903052
change ownership,0.008758648915533192
bank sum,0.00875702491341813
locate deceased,0.008746186183837186
law guidelines,0.00873743827085614
total fund,0.008734784745829543
credit officer,0.008729795165221965
manager international,0.008727889377233311
powder river,0.008719086467785743
making attempts,0.008695386860962646
business reply,0.008692424613977876
lex,0.00867314091850773
victoria island,0.008670505595142593
ones charge,0.008669331408006036
battery replicas,0.008669331408006036
fruitless investigation,0.008659677801730733
release funds,0.008657070581953929
island lagos,0.008655269853698763
speeds,0.008654077639346003
real ones,0.008648430688123987
replicas just,0.008642156748399762
financial request,0.0086414571459299
classics ravishing,0.008638814690653425
technology products,0.008636300797862134
according laws,0.008620902793809974
help rid,0.008620659670789628
information contact,0.008613236032964816
using different,0.008605245792818622
142,0.008599562031860412
relations official,0.008599508377492713
faculty,0.00858945274457345
money kin,0.008583501125652761
________________________________________,0.008583048738003132
proud,0.008575584566710223
contact country,0.008566881915978503
relevant information,0.008560481733966454
packaging,0.008556929057348525
quality size,0.008552967098926254
investment assistance,0.008552209076683673
thousands people,0.00853368334080583
money behalf,0.008524246766215892
confidential business,0.008516860823931627
inform desire,0.008498263769063066
kin fruitless,0.008498002088484995
attempts trace,0.008495550999101523
99 list,0.008483109459664665
attorney drafting,0.008473079903304174
cairn,0.008472636556848727
kin relations,0.008454400515863101
discovered mr,0.00845315252264303
mysterious,0.00843795358000734
business committed,0.008426119906947862
fri apr,0.008423528678246032
customers died,0.0084160338467541
transaction involves,0.008407073673327724
dollars branch,0.008398441706777109
seven million,0.008394091202863125
employ services,0.00837372946844815
payment 000,0.008360296953775128
kin come,0.008359152491245535
operates,0.00833773158652777
including bank,0.008337661117778457
answering,0.008332147043063681
keeping accounts,0.008331039839602502
manager exchange,0.008329625949688946
transaction risk,0.00832149514757136
lydia,0.008321113780318308
highlighting,0.008316982393941547
tees,0.008288345826984357
interruption act,0.008278929089080855
documents including,0.008263113494360572
east west,0.008229407016597268
discipline,0.008218938360075588
celeste,0.008205768755036869
29 year,0.008185006893909308
enlargement possible,0.008176277241938815
approval letter,0.0081670089516103
discovery decided,0.00816635613087982
champaign,0.008156888901976949
stop receiving,0.008139396350656436
business environment,0.008138422895904449
occasioned fact,0.008131921359262752
remained unclaimed,0.008115180138727123
dollars lying,0.008113992387097273
exchange foreign,0.008096270566273038
leaving balance,0.008033607254792722
projected specuiative,0.00803094287255
betray,0.008023609427777151
drafting notarization,0.0080139348761988
unclaimed banking,0.007999673125620194
ucts,0.007996921743625655
specuiative price,0.007988525925309018
kin foreigner,0.007965493560021762
service intend,0.007941323802904493
fact customer,0.007939406592490199
foreigner kin,0.00793787897235157
notarization,0.007936873392540388
deceased safety,0.00793045931170463
emerging technologies,0.00792337199187633
intend retire,0.007900686149897246
favour transfer,0.007892455160638589
shall employ,0.00788320240651902
text application,0.007882220055599071
worst,0.007875934174677105
22 24,0.007859209049538437
probate administration,0.007858011328769355
soon avoid,0.007856144131288318
jamie garcia,0.007839881307283292
safety subsequent,0.007831067007907545
willing assist,0.007819983720009032
personal search,0.00781715751936767
representations,0.00780512379643752
stipulates money,0.007793526621436558
read carefully,0.007782058835229299
receipt reply,0.007769851891684197
bank management,0.007760043834706544
customer foreigner,0.007749539666544115
decided use,0.007719518988465841
visit country,0.007699003182187502
tue apr,0.00767332947844836
sum assistance,0.007621605083801768
avoid legal,0.007610059944786675
nl approved,0.007596574252674492
thanks reply,0.007591964366094938
feng,0.00759135945373821
health fri,0.007574987718822689
time work,0.007573919220512262
year late,0.007556518324166763
self check,0.007555803671101638
alert self,0.007555803671101638
bd,0.007549854352233295
shutting,0.007545252664626521
situation bank,0.007526524179403373
engines submit,0.007523969067228864
tailor,0.007507377806403478
downgrade,0.0075053769415537805
remark,0.0074973734774520994
need stand,0.007483685016959754
30 june,0.007480016969797565
kin shall,0.007473155268078703
kann,0.00746848675874398
assurance let,0.007465428851278831
arranging,0.007429495047969459
40 total,0.007429146161974659
source funds,0.007426010988406015
notarization obtain,0.00741536915490628
silently,0.007411918261181021
typed,0.007397276654391565
result disqualification,0.007389028641408316
winners result,0.007389028641408316
life worthy,0.007370988552660821
opened bank,0.007361781694475257
confidentiality winners,0.0073569766036325375
transaction hitch,0.007345498019381295
dick,0.007345205870584703
breach confidentiality,0.007339393878671801
overseas account,0.0073262758305050486
died alongside,0.007305516997760815
powell,0.007273371602060407
answer,0.007268517363973777
merit,0.007266436402570994
obtain necessary,0.007266305004898481
infinite,0.007261817989428403
nix,0.007260541439031489
affidavits place,0.007227752707115328
clone,0.007220915046193929
quantity,0.007220090496828262
documents affidavits,0.007217005847916688
28 th,0.007212052260750688
account beneficiary,0.007203571547201564
saudi arabia,0.007185330361342985
university london,0.007176727438511127
mustafa,0.007170214019812998
formulation,0.0071459691007021995
using medium,0.007133723993166657
macbook air,0.007116098209679982
01 16,0.007115763944077661
thy,0.007085423224118768
modem,0.007084703599131109
money want,0.007080276921335597
trust confidence,0.007077888147509591
letter probate,0.007072272950886917
sun microsystems,0.007068072587264698
company abidjan,0.00706334643881866
live life,0.007060946029326564
fraud alert,0.007036381264251484
fcc,0.007033385906136509
attorney prepare,0.007026072422307238
nla,0.007011750205615873
microsystems,0.007010575522472213
rely obtain,0.007010087124670071
sincerely riley,0.006998764165428979
late president,0.0069956963815296785
drvgs,0.006984740363530725
confidence trust,0.0069825325215169135
13 19,0.006978720645852785
industrialist,0.006973805643080559
16 18,0.006973542868414601
secure way,0.006962982216071899
grab,0.006954488973565418
nd category,0.006949016316953636
auspices,0.006945731935185847
vanity,0.00694387215718161
reply highly,0.006928060322231853
commerce industry,0.006925770545691156
director project,0.006864863665023211
introduce mr,0.006853783831543448
didnt,0.006847961771768005
non surgery,0.006826216817050563
rfc822,0.006793184888961762
virtual reality,0.006785530468793675
strictly,0.006779420627550342
midnight,0.006765843303231923
net helo,0.006757616269953789
handled,0.006730236292570921
badly anymore,0.006706014839466287
super viagra,0.0067001149505835364
chambers commerce,0.006696675593706147
inside,0.0066762977991100874
download today,0.0066736805783571196
sol,0.006651557746783133
account owner,0.006615122368539079
execution transaction,0.006597586388015657
dollars want,0.006578016651034297
successful execution,0.006556607395498252
deeds earth,0.006533500539134393
th,0.006532485362823907
cores,0.006520065797753116
osama bin,0.006517581482114418
life click,0.006495056334158134
mariam abacha,0.006485849103417176
08 16,0.006484859157408294
entrusted,0.00648178525538806
clicking,0.006476369628066933
distribute money,0.006456059833481464
account reply,0.0064544738428579
account 24,0.00644520811538486
corresponding,0.006444190694921156
snippet,0.006440404676347715
roberta,0.006435497405175006
results just,0.006417348723102596
paragraph,0.006414275293662572
healthcare professionals,0.006411409318932006
exec,0.006408784086393446
user remembered,0.006404684982964524
vital documents,0.006391260517138758
wire,0.006386587050569933
com subject,0.006379586817415107
represent information,0.0063706966961166
leviertra 42,0.006359584815898283
characteristic,0.006359205782581336
concerning issue,0.006354199076245201
maya,0.0063521189404749994
odu,0.006340779754425545
buiider,0.0063394377991441144
forster,0.006329210963718744
increasingly,0.006329108178977002
disqualification reply,0.006320611242869608
mrs mariam,0.006317419663785354
sum 15,0.006314470249031842
prize participate,0.006283201609848117
od,0.00627228815047123
attention remembered,0.006253745058497675
provide facilitate,0.006251035328056805
soon notice,0.006206975640854692
new job,0.006197763585300926
according nigerian,0.00618148540866247
enable fund,0.00617138959316107
09 06,0.0060801593575488064
eclipse,0.00605775784859965
mariam,0.0060547356807244945
sudden emergency,0.006051589019865609
wear,0.0060494727388381506
consulting,0.006032094987519122
917,0.006025219001543761
great britain,0.006012253132710099
backgrounds,0.006004049588241289
anxiously,0.0059601967356856245
money left,0.005955759134721076
damaged,0.0059548377079454975
subscribed email,0.005954165423706543
embodied,0.005946540267915756
european countries,0.005945164556426542
pascal,0.005944503389353044
verizon,0.005944358114971253
entrust,0.005942944653951822
private bank,0.0059426286062024564
brooklyn,0.005900228277945211
putin,0.0058982483563215365
sue,0.005886365508708276
differential,0.005881755490819023
rapidly,0.005873934872999109
tue 12,0.005870929526533665
deposit sum,0.005858201279638677
compelled,0.005839786587132648
ideology,0.00583972226674816
remitted account,0.005827384230248184
click order,0.005816309264860535
farmers,0.0058117736599920524
stem ce,0.0057980681259467304
achievements,0.00579078427138233
help claim,0.0057907778084367026
lump,0.0057864469126389356
send address,0.005760401423847092
ansi,0.005754007533252759
campos,0.00574887939736934
apparent,0.00574639741651154
accident investigation,0.00572788954048325
14 18,0.0057179815797002
friend mrs,0.0056992823307629005
companies offering,0.005668839563406867
received localhost,0.0056680123022127705
process transaction,0.005655777470691428
younger sister,0.005654992022788054
died automobile,0.005634813857995329
beneficiary kin,0.0056303128638046
sum 25,0.005605572039782204
automobile accident,0.005605491315090056
bmxg,0.005601567950913724
partnership,0.0056005038567708285
got tell,0.005597719034362106
dollars security,0.00559752925740293
darren,0.005580501080929338
10 58,0.005569505429241535
fiduciary agent,0.005563877011307021
flight 261,0.005562263505288328
names email,0.005560718570871976
goods site,0.005558105578022975
better range,0.005558105578022975
awaited,0.005557221594558532
range goods,0.005552654825816679
contacting need,0.005550146681182403
email alerts,0.005540498414605351
100 guaranteed,0.005535384256509301
monday june,0.0055334997304980985
access expire,0.005533241025343804
morris thompson,0.005529319519296225
based information,0.005524870639701892
gaps,0.005522587057335296
arriving,0.005504714077346423
ge make,0.005495563647770723
model based,0.0054798813563418656
idris,0.005479714111177944
mr morris,0.005467297412145888
ilnesses,0.005466776586731733
ilnesses need,0.005466776586731733
make step,0.005455236964176724
war country,0.005448387679744376
estate management,0.005447632798418091
23 25,0.005446728729146528
security violations,0.005429621731941441
paperwork bank,0.0053711785863538395
162,0.005331371173993954
safekeeping,0.005315487594370245
search information,0.005314373822445615
time 30,0.0052934391901477305
officer bank,0.005267749910714475
kin money,0.0052673124660496526
save 15,0.005263387391384808
ch,0.005258825339921106
hdmi,0.005228019211690657
separation,0.005221947525064972
deposit paperwork,0.005206259832959199
position personal,0.005168665753651617
genomics,0.005158676645615509
area specialization,0.005154374261087682
generated mail,0.005135398592538582
cisco,0.0051315989105433675
claims money,0.005123416242907936
business person,0.005121535610296804
14 feb,0.005101241235968802
reimburse,0.005090805208380066
orders gu,0.005082913187173792
delivery po,0.005082913187173792
ge know,0.005082913187173792
tee ab,0.005082913187173792
knowledge based,0.005049028064521157
know eager,0.005027083065740399
eager customers,0.005027083065740399
venue,0.005021200357142337
need cooperation,0.004997626295352107
quoted,0.0049693764839577785
occurrences,0.00496096982533714
precedent,0.0049482053696010995
attn dear,0.004936858075590252
lawmakers,0.004933120372929611
year death,0.004930710859641332
week ensure,0.004923248097873992
reason contacting,0.004920555468353764
user new,0.004908057876760656
ute,0.004896885620166381
position country,0.004893907643607289
spammer,0.004880167314813661
vienna austria,0.004871525634218388
capital city,0.004853584439495212
widow late,0.004834727701084927
faire,0.004833588185460959
click purchase,0.004806661700946442
gets account,0.004804992340162465
kiss,0.004799698236953559
want church,0.004796934465000041
apc,0.004788972214722058
ram,0.004782469797172899
21 05,0.004761691158278305
department decided,0.004749540891782519
reply alternative,0.004737247068083438
order vpxl,0.004723515311182128
faso dear,0.004701707743496005
discovery officials,0.004685206276253558
percentages indicated,0.004668753797818111
hang seng,0.0046605915804258415
seng,0.0046605915804258415
guidelines unfortunately,0.004648822169014451
circumstances,0.004648264577695509
share ratio,0.004631084838689183
prices hot,0.00463084183889176
confidential nature,0.0045929172759709876
vague,0.004588811736831467
industry experts,0.004587630832730536
somebody applies,0.004587429078621031
parties hope,0.004580579098314642
operation execution,0.004566337934862549
disbursement according,0.004560072837701425
shoot,0.004547203767172464
dec 12,0.004539953477928821
fax 39,0.004528685564600703
offer wide,0.004526352295208879
confidential operation,0.004526124538544946
authority partners,0.004525739312169491
seng bank,0.004521961143554727
news 11,0.004516814132943279
unless somebody,0.004516442432137461
officials possession,0.00451601585356835
03 12,0.004515498064252308
claim discovery,0.004514653930077978
officials department,0.004513494805263084
specialization hindrance,0.004504943196967426
deaf,0.004503808184345094
incurred business,0.004501979223754787
wind power,0.004499123539349156
commitment,0.004496160273331657
seek confidential,0.004490975255366496
hindrance successful,0.004477268079639317
atches 0nline,0.0044760742847894715
provided treat,0.004467064733866254
003,0.0044641898637738766
unfortunately learnt,0.004463741871948004
involved propose,0.00446077676919765
order rolex,0.00446006174104599
hand,0.004458531736355804
address bank,0.004458430043923615
country disbursement,0.0044530762058795125
classics watches,0.004452165386753077
crash leaving,0.004451734003352964
possession overdue,0.004447992566094393
banking guidelines,0.0044445190385802615
treatment right,0.004444000386544091
given property,0.004437074562889988
overdue payment,0.004435555582683719
partners involved,0.004433227010214634
called willed,0.0044257879736850905
contact sales,0.004421295741530766
transaction reposed,0.004419620007390236
people focused,0.004413718689751076
lived god,0.00441256891455279
god called,0.00441256891455279
property assets,0.004412175505025567
30 45,0.004411669396956337
according percentages,0.00439884353436553
assist investing,0.004398473086571222
focused business,0.004398020153662471
propose willing,0.004386215210940241
transferring money,0.004379461948010489
forms medical,0.004376003637618175
abroad want,0.0043758633022085115
military head,0.004369552499271978
anymore asked,0.004368672857756269
applies kin,0.004356763361307885
ignoring,0.004356175284846989
benefit parties,0.004350129875231527
accounts distribute,0.004348754084511342
emphasis,0.004348524478354264
experts particularly,0.0043414795179113124
normal soft,0.0043309723269483085
respective,0.0043288172109831324
medications online,0.004312185502851052
contended left,0.004309658319989169
account belongs,0.004303120650378255
license agreement,0.004299738016933286
anymore contended,0.0042986315975277484
indicated banking,0.004294141788907925
department discovered,0.004291207729304853
deceased indicated,0.004287366317702349
hope disappoint,0.004266847019114596
contended,0.004264594988740973
transaction share,0.004248021072663285
died entire,0.004234514421444897
evans,0.004231915716206667
reposed confidence,0.004230060604013875
duplication,0.0042294219170199735
need urgent,0.00421888539349666
transaction secret,0.004208807415421892
ocr,0.00420448426990119
free transfer,0.004200850078773031
confidence hope,0.004191646025474621
buehler,0.004129244641423158
miscellaneous expenses,0.004127534032517733
madrid,0.004126640670691424
readers,0.0041262138514379446
serve spirit,0.00412304416739531
spirit truth,0.00412304416739531
truth prayerful,0.00408759573792783
company abroad,0.004079633749370741
dollars money,0.0040570032095246095
surrounding,0.004040400423604727
cells,0.004036863041981632
kabila,0.0040288891462258595
persons,0.00402658004219279
1400,0.0040080609574090565
972,0.003996424543685274
positive,0.003990960157182457
pending arrival,0.003968389955174324
sam lee,0.003966967277756556
problem vi,0.003945781584863209
th incr,0.003945781584863209
device po,0.003945781584863209
te read,0.003945781584863209
ive traction,0.003945781584863209
ive non,0.003945781584863209
enlarged pe,0.003945781584863209
es started,0.003945781584863209
ing method,0.003945781584863209
ze problem,0.003945781584863209
ge ef,0.003945781584863209
easy sa,0.003945781584863209
vacations,0.003942943120064625
june 12,0.003927202802344947
business ventures,0.0039267896737345065
lg,0.00391608377422757
immediately hear,0.003909233568477317
alex lee,0.0039047068942647534
truly mr,0.0039015436766937136
meat,0.0038967767768771705
family attorney,0.0038961734364602197
wasn able,0.003885748458086173
used easy,0.0038722771548075647
team garcia,0.0038699772031423377
swiss bank,0.0038631322209959486
ambient,0.0038590231310745068
invoked network,0.003854737157667687
january 17,0.003843640081460567
happy men,0.0038423673243255484
men enlarged,0.0038423673243255484
testimonials happy,0.0038423673243255484
03,0.003825542306451421
success transaction,0.0038185633762254823
circumstance,0.003814409214502299
services alex,0.003810388252707177
cbm,0.0038066446815317166
save 200,0.0037961322071214812
effort,0.003793431428611574
seek foreign,0.0037917418623872098
sit si,0.003789897762437631
entitled 30,0.003784010053025713
enlarged,0.0037622744729690887
finance firm,0.0037500885208992855
successful completion,0.0037490526002017226
introduced new,0.0037460145921652064
precious,0.0037458983034128995
deliverable,0.0037283211408657944
wee,0.0037108625846306266
fe ef,0.0037057781391297328
deposited family,0.0037024967362665985
vic,0.0036994666784576054
fax 34,0.0036803390082673923
890,0.003666950893865907
10 set,0.0036667754528476736
account overseas,0.003664943200831395
come successful,0.003651234475624206
active government,0.0036376698519555856
ve using,0.0036305181265146942
labor hands,0.0036281891408607757
email mime,0.00362815216367001
rhetoric,0.003626822548789103
safe guard,0.00361261651392666
investigation proved,0.003597049095445598
man labor,0.003582638431889416
web based,0.003579012617643421
predicted,0.0035786945484852736
bank europe,0.0035706475708154593
related issues,0.0035671545010539873
desk nguyen,0.003555821934725073
longhorn,0.0035486576908525746
late chief,0.0035481363000300723
urgently forfeited,0.0035227296031468225
understand transaction,0.0035180655713554034
immediately private,0.003513397895602299
date information,0.0035101680593822037
discs,0.003508865399632398
march 15,0.0035012891514311487
know personally,0.0035007348992599015
highly confidential,0.003484781509058676
eldest son,0.0034846221959412035
money urgently,0.0034761980370359366
enterprise server,0.0034753587170660524
files records,0.0034751777619378087
records discovered,0.0034705398650095643
deceased proceeds,0.003467840037217889
money property,0.0034614146164501027
property left,0.0034532066626950303
year operated,0.0034378517290130296
anticipated,0.003431221612728126
funds remitted,0.0034278109528265363
going old,0.003425261808940025
development bank,0.0034137175000751555
old files,0.003409920941263354
11 44,0.0034030622920496424
officials simple,0.0033933787534414965
account going,0.0033898618767152673
remit money,0.003388148564777
attorney position,0.0033817415493104116
account confiscated,0.0033723675003113586
make require,0.0033675735508155117
attributed,0.0033597465976994657
06 13,0.0033589699245648442
bank adb,0.003352397026277048
paid share,0.003346591910681707
operated account,0.0033452278935980247
claim make,0.003343083736059871
client wife,0.0033420357639943866
unsuccessful locating,0.0033373390640496956
handle transaction,0.003330540958181014
facsimile,0.003317670661220753
african development,0.0033121833172564618
deal guarantee,0.003301097593150544
immediately names,0.003296884594226587
sla,0.0032944423512638486
transaction attorney,0.003293273749576202
adb,0.003277096396204604
contacted assist,0.0032730065085670185
adobe pagemaker,0.0032712640392302335
elliott,0.003267190848210611
details relevant,0.0032636112203375265
qualified help,0.0032527569900289237
documents help,0.00324808853800526
04 01,0.0032382070568072125
shah,0.003237959101779306
locating relatives,0.0032324204336925235
watches iwc,0.003212241353742365
exchange manager,0.0032095322692757616
kin account,0.003209259634777487
proceeds account,0.0031910806833524413
bosch,0.003176507512757861
bcd0284e2df718 summer,0.003172450173298576
dear 8b,0.003172450173298576
year macromedia,0.0031648666294499138
eas,0.003159156374390394
09 22,0.0031569141112833196
guarantees successful,0.003153851043763007
awaiting urgent,0.0031510560690750046
information technology,0.003149495727823196
class replica,0.0031471177613219504
0100 cet,0.003144480402239302
zp,0.0031432400989146337
kin business,0.003138989718148621
mutually,0.0031308548524525753
bank money,0.003128910284462159
fund safe,0.0031015119838056697
decade,0.0030968127721371762
usd million,0.003084187733797897
africa ouagadougou,0.0030541799924664707
koch,0.003035613481171871
americans,0.0030275217970986775
miner,0.003026487068871461
mapped expenses,0.0030246883857206284
equation,0.0029984692982111738
affair,0.0029896084940722305
accept proposal,0.0029357318442936224
eddie,0.002931466546775551
manager african,0.002906536168010372
death husband,0.002882841299853366
placement,0.0028694767251561766
nee,0.0028463660812720914
sum 000,0.0028288753777568824
ordinate,0.002816591144654129
worthy christian,0.0028028319688153287
home bible,0.0027909355833169265
fadi,0.002790607167733429
smoker,0.002771771309951006
maintained bible,0.002761321597806805
good url,0.0027581812025800683
relatives christians,0.0027492616583169537
11 32,0.0027385808527635976
currently working,0.002733731569215958
christ mrs,0.0027318800669879208
wastes,0.0027248329998259585
line message,0.0026964657004778384
god maintained,0.0026956799082415114
africa america,0.0026874440061993832
12 51,0.0026813037031036577
holder detected,0.0026669878558186247
intel core,0.0026661589210933713
house god,0.002663129218507857
confided,0.002662441893275437
broadly,0.002649935582540333
turnaround,0.00264423262914361
march 11,0.0026287846761993603
baz,0.0025447818413363607
lly,0.0025427050470719806
expose,0.0025168459198627825
company south,0.0025155524757993256
sum compensation,0.0025084966655131136
vacheron url,0.002482101098848123
supervision,0.0024346605475694338
credited,0.0024288159709025627
knight,0.002415587209198886
time period,0.002412989640786812
purpose assure,0.002398233810450503
accordingly stated,0.002396054405029984
solicit confidence,0.002381575509343378
understand blessed,0.0023639456731899162
ins,0.0023570094623455076
assure act,0.0023358314118603757
oct 16,0.0023187545662581737
thursday june,0.0022982162042524115
fund custody,0.0022972461055463175
successful transfer,0.002286685096060479
expenses incur,0.002284505495310532
caveat,0.002284424560178393
catalan,0.002267184321161246
number note,0.00225803526790863
instructions immediately,0.0022578283047567887
september 30,0.002254145915066261
soon indicate,0.0022470827177155416
assertions,0.002238365198457137
alvarez,0.0022380827436585776
sherri,0.0022195720913660106
laurent kabila,0.0022110564539432795
35 total,0.0022082851835822
matter change,0.0022007887421051824
major fadi,0.0021924991470529697
transport protocols,0.0021742381189725642
utrecht netherlands,0.002157703868121094
motherless,0.0021460187124952164
ann,0.0021392013841659394
orlando fl,0.002125232523710483
today expires,0.0021215870000227347
actualization,0.0021179898176536625
cafe,0.002110245333544746
refinement,0.0020932736998705345
philippe vacheron,0.0020781464592462317
90 days,0.0020674920990342385
quickly perfect,0.002063301961885417
deliver quickly,0.002063301961885417
suspend,0.002057617278676798
way deliver,0.002053592368351683
service friendly,0.002045486901802406
perfect service,0.0020444360188207255
9th,0.0020266409811340166
absol,0.0020220886499444494
ntial,0.002017635595758015
baghdad,0.0020037716222283094
grows,0.001997753214899488
mr daniel,0.001993911005682154
dear good,0.0019873334270976814
prototype,0.001982617024547383
dismiss,0.001973496258998993
reluctant,0.001964172539431576
cancer defiled,0.001958013885129431
ppt,0.001956027405635059
119 95,0.0019353281046263114
july 15,0.001933327444584677
dixon,0.0019138482048064826
purchase cheap,0.001860911223338725
cheap vacheron,0.001860911223338725
error contact,0.0018511582248231008
lovers,0.001836913926495909
msi,0.001832802410939741
subscribe unsubscribe,0.0017767274514750454
489,0.0017239167794494761
certified,0.0017234636407142039
deal position,0.0017126726841244421
201,0.0017120818488023904
chance expires,0.0016978603202317801
optimizations,0.0016661628088696697
tee,0.001651655136399783
principle,0.0016305495671214768
store buy,0.0016270981575035705
soap,0.0016100747004533188
productive,0.0016043432009818144
use investment,0.001601320449278041
qin,0.0016010793697332022
valencia,0.0015946278881201394
guaranteed erection,0.001593307686659994
erection fast,0.001593307686659994
paul moore,0.0015922312032555174
correspondences,0.0015898000170724595
advisory board,0.0015682048215291196
bank confirm,0.0015511181630454595
deposit confided,0.001542225112636916
modern,0.0015383470485415632
academic research,0.0014919262552494307
professional office,0.001477838414377438
war notification,0.0014775888696728404
sent war,0.0014770987793866863
18 calendar,0.0014702138412293992
man numbered,0.0014695983122596094
family killed,0.00146547445279149
claim bothers,0.0014628537409047202
bothers according,0.001458619708571579
killed war,0.0014582181453534312
hit home,0.0014569155147799108
came later,0.001450315746312882
office knew,0.0014408959368427383
confided time,0.0014408959368427383
including paper,0.0014296384498589704
bank come,0.0014290803718406326
convenience thanks,0.0014289707278033084
lying bank,0.0014281692211456389
country expiration,0.0014131175443409423
hoping hear,0.0014121542492442976
funds revert,0.0014089530704725138
papers including,0.001408046708884333
official papers,0.001404938490317234
777,0.0013952623638799622
courier service,0.0013878947582025773
shell petroleum,0.0013559828168706212
kin official,0.0013522560785341545
dr mrs,0.0013358998401696675
indigenous,0.001319609496124883
averaged,0.0012942661506161568
unita,0.001251866803728337
03 19,0.001245260220829663
speculative price,0.0012257508852191682
lq,0.0012088363221155187
home investigation,0.001190199908306067
endeavor observe,0.0011861370707483502
war bomb,0.001182618751795441
blast hit,0.001182618751795441
discretion matters,0.0011784690885989478
utmost discretion,0.0011784690885989478
deposit 18,0.0011764838672355194
details operation,0.0011755293191933187
207,0.0011711652811576424
matters concerning,0.0011710082558304188
funds backdrop,0.0011684759686593402
suggestion like,0.0011681663079785283
review,0.0011612125916835264
transaction business,0.0011574577067212045
backdrop suggestion,0.0011565400057265956
stated hoping,0.001156432055962363
offer variety,0.0011537801544303599
fight case,0.0011507274787621613
case shall,0.0011507274787621613
just say,0.0011352960533872656
god things,0.0011351656555433924
20 03,0.0011273973830141291
bible understand,0.001125137081391176
mh,0.0011228434240027623
card information,0.0011088980090120282
sponsoring,0.0011046907135709425
15 45,0.0011032137423927057
ratio 70,0.0010995879543722487
want husband,0.0010939727952926552
n_words,0.0010797731603882895
money kept,0.0010628363095542487
wayne,0.0010156204222677612
click download,0.001003049207321059
transforming,0.0010028746405427497
07 18,0.0010012100671854278
plausible,0.0009952124332240258
06 30,0.0009873117813987205
transaction magnitude,0.0009526521940413342
reposed medium,0.000929709981923072
access reposed,0.000929709981923072
prompt access,0.000929709981923072
confidentiality prompt,0.0009148745690513024
romano,0.0009079256272528332
registered service,0.0008617541343016271
hearing soonest,0.0008608813301718835
observe utmost,0.0008528969261460848
harrison,0.0008454702210142801
compete,0.0008258586284783884
hello remembered,0.0008256754637756653
care staff,0.000821669068455136
vista home,0.0008082537580882852
project management,0.0008076486979132268
savimbi,0.0007970982325937267
exam,0.0007914895536112528
breast enlargement,0.0007635429244637291
convinced capable,0.0007553460869380679
furnishing,0.0007530898462106608
07 27,0.0007523418191352235
dw,0.0007463628923734915
ew,0.000745747356849415
undue advantage,0.0007131857853943248
takes minutes,0.0007023398576173379
think great,0.0006773179893888518
pricelist samples,0.0006717196948255028
look pricelist,0.0006717196948255028
fadi basem,0.000670113593423362
basem,0.000667058358142706
linked,0.0006402115811846591
penis weeks,0.0006225148163587386
beneficial end,0.0006216762009012977
impossible possible,0.0006152675501370656
delete email,0.0006100376128760072
africa respect,0.0006012940796212451
file department,0.0006009633612462726
just trying,0.0006005330563389763
accounting section,0.0006004016935267222
administration favor,0.0005903211234781981
favor transfer,0.0005800612576792215
hv,0.0005719694622329627
vince forwarded,0.0005695631400713694
gen ibrahim,0.000566036540799116
pm vince,0.0005659105654464646
february 27,0.0005614468171289747
mcgill,0.0005612942297805355
purchase arms,0.0005495950436984259
crenshaw subject,0.0005473406458762087
ge click,0.0005405023933252504
exchange year,0.0005300746802240745
fourty,0.0005249296296673826
million euros,0.0005106550669087693
tightly,0.0005073539233649031
company nigeria,0.0005036794826641078
10 02,0.0005036255983019164
kong government,0.0005010425435557858
ownership hong,0.0005010425435557858
fv,0.0004979885751517962
16 02,0.0004855101368138363
19th,0.0004671232375823476
kaminski shirley,0.0004632016639287411
restricted reactivate,0.00046177955512304627
12 viagra,0.0004599527366161508
pills free,0.00045439077707231214
viagra pills,0.0004521374657981414
info breast,0.00045096075121550607
enlargement info,0.00045096075121550607
enlargement sites,0.00045096075121550607
extra fee,0.0004492141110231672
print join,0.0004464250198204943
oversee,0.0004383383388848938
mkstemp,0.0004119539665212086
trnansfer fund,0.00037280479591510175
trnansfer,0.0003702735104432158
immediate trnansfer,0.0003702735104432158
louise subject,0.0003699831698036225
pm shirley,0.00036947873970073785
cascade,0.0003674480207124112
group like,0.0003568477525830772
deposited money,0.0003559645963675161
bank relations,0.0003550852306470075
relations kin,0.00035182171856544173
corp research,0.00034859571746092546
professional securities,0.00034798754980042786
registered professional,0.00034798754980042786
unclamed years,0.00034479748671964905
readers subscribers,0.00034370919297662967
subscribers seek,0.00034370919297662967
remained unclamed,0.00033897114586897605
make businness,0.00033881915940396477
businness,0.0003335837924915083
businness proposal,0.0003335837924915083
message vince,0.00033084541772411004
hi urgent,0.0003285719739868152
immediately discuss,0.00032015559286814593
incured business,0.00031838700407524193
communication location,0.0003128067290789926
04 16,0.0003104224643294467
easy effective,0.000307965168631004
letter trusting,0.00030498565585956427
secrecy confidentiality,0.00030344666101301794
location money,0.0002985889094525674
deceased indicating,0.00029535478948043427
indicating bank,0.0002940652617524997
partner respect,0.00029353251650015834
relation died,0.0002915700341914173
foreigner agree,0.00028757735463508086
application fail,0.0002842105870864973
crash got,0.0002838904926639012
enable immediate,0.00028262824906437567
release unless,0.00027929737132294046
alongside plane,0.00027887019311424385
constraint programming,0.00027881886773016454
trusting hear,0.0002770264850486024
remitted receipt,0.00027660113078665046
entertain atom,0.0002755626493064869
code review,0.00027547954298525303
atom fear,0.0002701477227568408
provision foreign,0.0002681199603881879
proposal release,0.0002676209467801635
respect provision,0.00026689065591147887
second international,0.00026571416546270214
cpp,0.00026367392745522424
slides feel,0.00026352188464637055
discuss business,0.0002634244090181823
leaving claim,0.0002628305424885804
required arrangements,0.00026269043435661404
arrangements transfer,0.00026258012224281716
fear required,0.0002621849987640977
rossum home,0.00026040699117462103
james new,0.00025810698745708217
indicated enable,0.00025710962483579546
expenses incured,0.00025585651822280587
learn products,0.00025444802063580773
wed apr,0.0002531683287254243
bonafide,0.00025058735597075117
transfer contact,0.0002502673579899911
immediately soon,0.000246320080246298
intelligent agents,0.00024506131172677404
customer died,0.00024385529682667404
notice transaction,0.00024179779567279588
presto kevin,0.00024061951113429718
thu oct,0.0002404346783338998
nepool,0.0002394442614789957
program committee,0.00023546748171857145
koehler,0.0002339703239808286
worth noting,0.00023289124577886887
pm kitchen,0.00023231468677535746
calger christopher,0.00023005051869805855
subject resume,0.00022938767989989773
customize,0.00022893193183523973
fund request,0.00022849147950647456
incured,0.00022844821189099086
forwarded stinson,0.00022828287383570812
free entertain,0.00022783871514335562
subject code,0.00022775590305454288
kaminski 04,0.00022755283918351446
ees ees,0.00022579553726214177
presto,0.00022113679209694926
fail bring,0.0002203312103600305
successful contacted,0.00021997304587949025
subject weekly,0.00021842481383294477
stage provide,0.00021731201470477082
commence job,0.00021731201470477082
attorney commence,0.00021731201470477082
required stage,0.0002169327019618062
documents endeavor,0.00021691171604052334
probate favor,0.00021650728310267767
planned shall,0.00021560249167372592
money release,0.00021516308792559968
14 20,0.0002149103995819441
job kin,0.00021489371700350072
contacted attorney,0.00021464323263560337
mailto vince,0.00021449129969706266
3000 python,0.00021361111279251702
kin attorney,0.00021252120121912393
adopt legalized,0.00021228697037624296
method attorney,0.00021222279801273586
pipelines,0.00021201329883943724
necessary approval,0.00021200426694670317
going adopt,0.00021133202842537382
behalf secure,0.00021108877135364045
legalized,0.00021084847787336336
legalized method,0.00021084847787336336
shall come,0.00020852895894435579
millions thousand,0.00020839300983514092
involved matter,0.00020816394082010434
document kin,0.00020447233639656203
oauth,0.00020066387918968125
funds want,0.00020039740800936593
claims behalf,0.00019918163666536045
duran david,0.00019676420672237553
griebling,0.0001955273080738838
setuptools,0.0001952343053341593
john griebling,0.0001950955050697285
gco,0.00019389993559938755
löwis wrote,0.00019218232729855062
pm stinson,0.0001853171572152425
necessary document,0.00018498235383496207
belden tim,0.00018289465786767685
clarity let,0.00018162259464738308
01 23,0.00018129758650724357
kaminski 10,0.00017646343314988268
interview research,0.00017591678842450887
tanya tamarchenko,0.0001744724236569324
kaminski 11,0.00017063877644980785
kaminski vince,0.00017006357878041804
subject conference,0.00016795858670110822
thousands products,0.00016323239924536685
xturtle,0.00016319513594508775
wrote guido,0.00016035574240552317
standard library,0.00016014470472134397
crenshaw vince,0.0001584995318371791
trent nelson,0.00015815472757593014
ken schneider,0.0001529082110878219
pm vkamins,0.00015237638936351557
project implementation,0.00015197910481959233
desperation,0.0001519727752042991
amaury,0.00015124593092593426
sharing notes,0.000148748753828542
steps shared,0.000148748753828542
shared doc,0.000148748753828542
doc let,0.000148748753828542
nelson wrote,0.00014813257578561486
submit papers,0.00014812521479558717
na subject,0.0001471044479191999
initrd,0.0001469323080094348
southern,0.00014632435329277077
shively,0.0001460032919963311
programme committee,0.0001439873594297552
kaminski 03,0.00014390028400643802
car accident,0.0001434427078126626
previously published,0.00014281676711796814
jeffrey shankman,0.0001409894371248978
sun mar,0.00014054358220589745
academic level,0.00013997267427718523
computational intelligence,0.00013950557827295095
3848,0.000139090557623711
pm martin,0.0001390132223994218
promas,0.00013897888950378508
systems intelligent,0.00013827794903715975
paul _______________________________________________,0.0001360806834956957
scott earnest,0.0001356634788872459
human computer,0.0001355551505920166
irit,0.0001346257775284974
herod,0.00013349148819947869
dyson lon,0.0001322789313144536
wing,0.00013151952104076706
lecture notes,0.00013119574352246795
piper greg,0.00013039120413754453
brenda herod,0.00012917076247722856
hedstrom,0.000129134535778274
self return,0.00012839046844509265
forgeot,0.00012730124644445005
forgeot arc,0.00012730124644445005
amaury forgeot,0.00012730124644445005
test_support,0.00012705596820303732
pm greg,0.00012577803711203426
perl le,0.00012532681960700297
pm michael,0.00012394025686744545
peggy hedstrom,0.0001227968841513178
using python,0.00012177631312694406
miller don,0.00011992061018244768
agent programming,0.0001196966246816208
todd hall,0.00011785821008284455
esslli,0.00011695786954482926
david oxley,0.00011605518755509645
dates times,0.0001154048716765467
shively hunter,0.00011531582963395984
papers pages,0.00011529738844729185
peterson wrote,0.00011503166054593357
dyson,0.00011378140933695867
fernley dyson,0.00011374168811875636
catalonia,0.00011267784371515925
vince north,0.00011264583004041002
mr paul,0.00011202871726339327
computer interaction,0.00011081601295475035
michael moscoso,0.00010957253033384374
agents multi,0.000109437430490082
barry begin,0.0001091612789941072
gents,0.00010892198723700623
author signature,0.00010821947054033928
853 3848,0.00010797366305085324
christopher subject,0.00010796166982740205
aamas year,0.00010782010640697937
tutorial proposals,0.00010637530648014278
vince sent,0.00010613681304721641
acceptance notification,0.00010608428966976322
learning systems,0.00010594373537997317
herndon,0.00010410178791202642
author affiliation,0.00010378618162520351
subject tuxonice,0.00010336202829847133
information integration,0.00010204907343059353
jacoby ben,9.982699355530695e-05
papers invited,9.946755215120838e-05
hall na,9.886668274572749e-05
submission papers,9.858847513003177e-05
subject eol,9.814672094798124e-05
tests windows,9.801772253975545e-05
asai,9.750344377267332e-05
fixing tests,9.748678666945162e-05
authors invited,9.734571844023334e-05
golden wrote,9.590793703727449e-05
cassandra,9.54722445890242e-05
university netherlands,9.530509734620153e-05
dave original,9.51713613436326e-05
master class,9.478464891725624e-05
unittest,9.438347724025e-05
scrubbed url,9.433115176991084e-05
11 03,9.42063167158945e-05
hour 10,9.418297649905116e-05
papers international,9.325569393036541e-05
academia industry,9.278994110756316e-05
scrubbed,9.271912279484049e-05
trento italy,9.252916933983132e-05
subject schedule,9.17682604647408e-05
lagrasta fred,9.118542998352852e-05
malmberg wrote,9.114463175415185e-05
subject training,9.088397938104159e-05
delainey david,9.043721170924157e-05
authors submit,9.041997477843701e-05
post conference,9.028055624711123e-05
enronxgate subject,9.027161555736962e-05
zufferli,9.024792484877558e-05
scott mills,8.95521114986918e-05
martin thomas,8.928425586077383e-05
vickers frank,8.899122085677857e-05
logic computation,8.89125114021168e-05
herndon rogers,8.888670935748631e-05
schedule confirmation,8.863880829202949e-05
original unpublished,8.832797538637521e-05
papers appear,8.814812159731959e-05
pm louise,8.804658994124851e-05
student session,8.787308041426821e-05
ebs research,8.773644583961489e-05
kitchen subject,8.757673268918744e-05
arff,8.738906361017561e-05
knowledge acquisition,8.732536915430361e-05
sturm,8.693320405151421e-05
versions accepted,8.689419091088986e-05
including figures,8.65062795505545e-05
attachment scrubbed,8.646369432816143e-05
ieee international,8.639712366655708e-05
david forster,8.598463472782731e-05
html attachment,8.59739285156064e-05
code bazaar,8.509598464162619e-05
bazaar vcs,8.509598464162619e-05
iii sent,8.494079371368119e-05
corp sally,8.449111509359439e-05
resume vince,8.414776786287264e-05
lemburg,8.377547569620678e-05
zufferli john,8.335192778910049e-05
inconsistency,8.319005625885681e-05
wrote hey,8.297207022261392e-05
don asset,8.24128395532575e-05
bug tracker,8.219700974127972e-05
cross validation,8.208679917575155e-05
3d iso,8.203013202912719e-05
asset mktg,8.171962226160385e-05
kaminski grant,8.166329315527267e-05
cp ai,8.159465880062228e-05
learner,8.117642508412136e-05
wrote sat,8.084675264585301e-05
koehler anne,8.063570174143299e-05
wrote thanks,8.043066075637896e-05
ready copies,8.03944194866053e-05
irst,8.037140248085429e-05
added status,8.02630282682216e-05
session notes,7.998491508736663e-05
training set,7.980998137885423e-05
thuraisingham communications,7.93987398680009e-05
cognitive modeling,7.933719584417146e-05
sha1 mar,7.93261370297703e-05
training data,7.891834368847116e-05
mark subject,7.888017988650985e-05
msdn,7.874513701291552e-05
wanda curry,7.873942753440272e-05
subject interview,7.859799606878422e-05
esslli 99,7.845820828449908e-05
kyoto university,7.839111104677879e-05
notes computer,7.83042928862534e-05
vmware virtual,7.792187744039427e-05
hybrid systems,7.74684643896781e-05
dev buildbots,7.729900549220843e-05
papers june,7.729020741154864e-05
disease,7.72860851010712e-05
python source,7.698639574609288e-05
robertwalters,7.692082036663011e-05
goddard,7.648316998174186e-05
lncs style,7.592294548231567e-05
kitchen 04,7.520288396918639e-05
committee chair,7.488968830468925e-05
risk mgmt,7.442689811666204e-05
subject ietf,7.426813948300794e-05
easily consume,7.411329753239889e-05
parts eggs,7.359237589806358e-05
eggs good,7.359237589806358e-05
consume just,7.359237589806358e-05
christopher calger,7.354289612042386e-05
just parts,7.350196958296737e-05
zonk,7.330396709801239e-05
smith wrote,7.246588357799887e-05
extended versions,7.233750526679299e-05
eserte,7.22047567106956e-05
type help,7.205410270478261e-05
shona wilson,7.19723605975477e-05
greg subject,7.188451699329055e-05
year invited,7.083326498949754e-05
wilson na,7.070277262880443e-05
janet dietrich,7.07011706490293e-05
short papers,7.051880984967521e-05
submissions sent,7.019592566380657e-05
python package,6.996663574191845e-05
usr perl5,6.956701062863597e-05
whalley greg,6.9434160118856e-05
buildbots trunk,6.9316585256063e-05
mxodbc,6.881762188922896e-05
backwards compatible,6.860109794638402e-05
home eserte,6.858790970701133e-05
encourage submission,6.855736747320216e-05
bjorn,6.781686578531898e-05
ready papers,6.769405637545523e-05
calger pdx,6.743193134657469e-05
westbrook,6.742451967031531e-05
science series,6.722237901866034e-05
kde release,6.717741572366526e-05
lon mike,6.710846856102003e-05
logic language,6.692181463296553e-05
logic based,6.640170968731852e-05
web intelligence,6.635509842776061e-05
taylor mark,6.617972004342948e-05
based systems,6.567458963578751e-05
wrote barry,6.561671164622877e-05
im_self,6.555184188238456e-05
3000 reminder,6.530802644077847e-05
richard sage,6.529327834023385e-05
bsddb,6.476243588915409e-05
michael foord,6.465041565071195e-05
foord,6.465041565071195e-05
bdist_wininst,6.409155565534726e-05
reasoning uncertainty,6.370812521131998e-05
try open,6.34830686518395e-05
submission procedure,6.298701679511334e-05
review tool,6.296630018557157e-05
package manager,6.290079794416621e-05
credits license,6.273295533893168e-05
copyright credits,6.273295533893168e-05
session 00,6.255881575936717e-05
massachusetts amherst,6.21554708321847e-05
mark legal,6.17114591872054e-05
lavorato enronxgate,6.14706308671988e-05
hour 16,6.131092735726701e-05
steve holden,6.129883701514718e-05
pm mike,6.125775711592792e-05
presented conference,6.1222669850214e-05
critical issues,6.095341467405281e-05
dev reminder,6.093899829282627e-05
david duran,6.084962276441328e-05
authors notified,6.063248569421271e-05
sager elizabeth,6.045134503227889e-05
prc meeting,6.026806588914249e-05
john sherriff,5.989612445069008e-05
include title,5.940553006867418e-05
human machine,5.929177122142727e-05
pm kevin,5.901323839419765e-05
dev sda1,5.885355379763981e-05
guid,5.8398577389462175e-05
papers reviewed,5.836253746848761e-05
seyfried,5.8143726208616654e-05
david delainey,5.806389369585063e-05
deadline june,5.798724618362035e-05
independent algorithms,5.767275312154707e-05
memory independent,5.767275312154707e-05
louise original,5.7548427731742236e-05
tana,5.741912450059222e-05
py install,5.7304120804989566e-05
information esslli,5.7137144859789574e-05
branches py3k,5.709278560646122e-05
conference chairs,5.679546609533499e-05
publicity chair,5.6753126680816164e-05
pserc,5.675267717058027e-05
egenix,5.6676675095596095e-05
beck sally,5.658013440908071e-05
learning community,5.649672806185441e-05
charset 3diso,5.647061663401843e-05
3diso 8859,5.647061663401843e-05
3diso,5.647061663401843e-05
bryan seyfried,5.628645383945946e-05
dev project,5.627232924293162e-05
corp kevin,5.5988401491317575e-05
xrange,5.580227885230619e-05
andre lemburg,5.579668319918816e-05
url mxodbc,5.579668319918816e-05
egenix com,5.579668319918816e-05
marc andre,5.579668319918816e-05
mxodbc zope,5.579668319918816e-05
brandl,5.564477210634976e-05
abstraction,5.53883959964261e-05
david port,5.537642064064351e-05
figures references,5.5333966102869545e-05
invitation try,5.5265180511758705e-05
pages including,5.5204484267089396e-05
unpublished work,5.509985238408611e-05
chance discovery,5.504307840853732e-05
joint conference,5.486111542750161e-05
computational complexity,5.479881922223909e-05
commercial team,5.4789711364177464e-05
workshop consist,5.465524003240438e-05
wic,5.464907182726954e-05
georg brandl,5.4519560887138164e-05
sha1 feb,5.4514841426414655e-05
weka classifiers,5.447118730251188e-05
multiagent systems,5.426923038788636e-05
papers original,5.3374308541184295e-05
temporal reasoning,5.3313086777859024e-05
amd64 freebsd,5.329030031005474e-05
research directions,5.31693555786882e-05
single spaced,5.304027392650501e-05
bin usr,5.289258630345256e-05
postscript pdf,5.2281709254836173e-05
james steffes,5.2223278752875333e-05
pm guido,5.160580891472411e-05
caches,5.140728451949556e-05
pm benjamin,5.136413700919943e-05
deck let,5.1120968415806624e-05
perl v5,5.0614661006455125e-05
formal methods,5.0607034591957024e-05
iiia,5.047073195717328e-05
papers selected,5.009557345829054e-05
mark hammond,4.9734568412963137e-05
huang corp,4.954597505694267e-05
naveen,4.921590761565277e-05
lib 10,4.893080275387651e-05
iiia csic,4.8902835635253864e-05
monte carlo,4.8858524403243904e-05
wiggs brett,4.881656770310458e-05
cross fertilization,4.82114014225635e-05
fertilization,4.82114014225635e-05
trading group,4.792974704778986e-05
samzenpus,4.775074421937376e-05
posted samzenpus,4.775074421937376e-05
cheers tony,4.7712630873371576e-05
url guido,4.769931757649966e-05
author domain,4.7370433551879485e-05
corp vince,4.718607698604466e-05
_______________________________________________ tuxonice,4.684449826324394e-05
wrote good,4.667127041227501e-05
introduced message,4.66574461089054e-05
universität,4.6623929469829774e-05
dev distutils,4.639851838215099e-05
virtual disk,4.638935415302744e-05
globals,4.63715472254702e-05
w8079,4.628851857681849e-05
warning w8079,4.628851857681849e-05
encouraged submit,4.562001929146723e-05
surbey,4.557231790571945e-05
dale surbey,4.557231790571945e-05
university germany,4.518366273148242e-05
detection standard,4.507380516545649e-05
dev encoding,4.507380516545649e-05
conference sessions,4.5021102108596685e-05
evolutionary algorithms,4.4981150455346974e-05
comnes,4.4979149507788966e-05
wrote feb,4.493689737500219e-05
international forum,4.484216235536341e-05
planning learning,4.480471446140886e-05
adaptive systems,4.477081277263047e-05
april 25,4.474272969349778e-05
default x86_64,4.4683286065931745e-05
committed revision,4.4565110395366776e-05
special track,4.4206501046463274e-05
unpublished research,4.412522693335519e-05
computational aspects,4.394730596680332e-05
umist,4.39261159894298e-05
mixing pointers,4.381388976082301e-05
char types,4.381388976082301e-05
pointers different,4.381388976082301e-05
different char,4.381388976082301e-05
0100 florian,4.374606204363645e-05
encoding detection,4.362722928842743e-05
published conference,4.3474420065305535e-05
previous editions,4.347034064695494e-05
workshop format,4.346679125973607e-05
fileno,4.3242761915879594e-05
attorney late,4.31325759942732e-05
format workshop,4.304739053682328e-05
original work,4.265483193848174e-05
steffes na,4.2577592641218864e-05
notes artificial,4.246302921755537e-05
research issues,4.2417381480890765e-05
official working,4.233556616134871e-05
automated planning,4.227356326900997e-05
deposit valued,4.213197392848215e-05
dfki,4.2090783271973945e-05
wrote saturday,4.198664900745757e-05
crenshaw shirley,4.187973758836141e-05
zypper,4.172894534870729e-05
format submission,4.1587059638568627e-05
versions papers,4.1362157582597634e-05
papers exceed,4.125211408705868e-05
invited speaker,4.116335913202814e-05
lib site_perl,4.0974532963481986e-05
argmas,4.08712581570061e-05
sha1 sunday,4.0710791191202894e-05
william bradford,4.045104990240374e-05
75 adobe,4.044993033006604e-05
fund carefully,4.033680526943187e-05
code python,4.0183869352887345e-05
sys path,3.989722456774e-05
papers posters,3.967749694884222e-05
conference published,3.960508145041755e-05
esslli year,3.9572894679877065e-05
perlbug 35,3.949537170294784e-05
35 running,3.949537170294784e-05
std err,3.94651870135449e-05
0800 douglas,3.943388362349039e-05
accepted presentation,3.9210531234074334e-05
testpart,3.920975679120117e-05
university canada,3.9147556586456784e-05
curry mike,3.908474205299985e-05
eeos,3.90581941491525e-05
mining knowledge,3.9022737899476785e-05
transmitting file,3.9002250553607135e-05
data committed,3.9002250553607135e-05
comtypes,3.894478861962052e-05
mgusa,3.8795758639668525e-05
submissions invited,3.8597625690413106e-05
argumentation based,3.856700237938026e-05
european summer,3.851209858699031e-05
slides thanks,3.851029421403696e-05
bengalla,3.8480179730495024e-05
ascii text,3.833356207670285e-05
california santa,3.820313170468462e-05
cpython,3.8155321349822894e-05
originality significance,3.8117154012324894e-05
prototype function,3.794797727533857e-05
url ph,3.787650277534577e-05
endsection,3.786287425370746e-05
steve young,3.772707733837248e-05
apprehensive worried,3.738745193073616e-05
flairs,3.73508920573193e-05
published proceedings,3.71973958573048e-05
makemaker,3.7159555879879604e-05
pennsylvania usa,3.714102562304519e-05
14 november,3.700116779995841e-05
30 break,3.687231275247344e-05
otis wrote,3.667549085606319e-05
regexp patch,3.6639067973469314e-05
lgdbm,3.658187669096271e-05
institute information,3.649436263253349e-05
ezm email,3.646576233925434e-05
level closing,3.6053577120050264e-05
poullain patterson,3.601440393501671e-05
tim poullain,3.601440393501671e-05
poullain,3.601440393501671e-05
magnitude make,3.5997684806268266e-05
josey,3.5957122668310386e-05
tricoli,3.5936455048420605e-05
glxgears,3.585901085534666e-05
university waterloo,3.5752826237405404e-05
goodpasture,3.572549813644595e-05
helsinki university,3.5629984587215056e-05
patch applies,3.555312775757011e-05
dagga,3.554582813552703e-05
peterson _______________________________________________,3.5499268886778166e-05
street eb,3.535675931713283e-05
mmcf deliveries,3.523927798219605e-05
celeste roberts,3.510826911249035e-05
respects privacy,3.506655881279284e-05
university science,3.50517500347787e-05
papers conference,3.4996280409654184e-05
str format,3.4894825493026333e-05
springer lecture,3.482833150231213e-05
dkim policy,3.476195794623751e-05
formal ontologies,3.4715539408613176e-05
richter brad,3.470213881888635e-05
enter report,3.468001363868511e-05
feedback form,3.4676462468013e-05
model checking,3.466958458023695e-05
3000 invitation,3.444713255036205e-05
enlargement truth,3.4396699042977164e-05
papers describing,3.4205688724571964e-05
maven,3.417776166187632e-05
flowed delsp,3.4113308767710974e-05
aims bring,3.3997543479615146e-05
09 47,3.399012236916904e-05
recv,3.386640774127471e-05
imagine like,3.380392484825218e-05
1100 nigel,3.3767289438483086e-05
pep 262,3.369049477682678e-05
assisted language,3.36238122303327e-05
learning decision,3.357643075863325e-05
data integration,3.3465975506360984e-05
subject draft,3.3451851832357136e-05
verlag lecture,3.34220725755909e-05
development subject,3.339312301581777e-05
cover sheet,3.322236028148779e-05
lib distutils,3.321394963381536e-05
local postfix,3.320018210932295e-05
escribió,3.312448348335596e-05
10 kde,3.3018360901902765e-05
beneficiary account,3.295434862057212e-05
multi usr,3.294161209342253e-05
rietveld,3.2846940823417684e-05
windows users,3.2706346607811105e-05
distutils util,3.2549482519190934e-05
quickbooks year,3.2494895361985364e-05
lon fernley,3.249344681584507e-05
build python,3.236222663309532e-05
david original,3.231632808344746e-05
meeting friday,3.220335065266233e-05
ll visa,3.217208887942562e-05
possible use,3.212693597731613e-05
available workshop,3.21017885564646e-05
year performance,3.2004104384856906e-05
armando,3.191575386904443e-05
otis subject,3.18862398096572e-05
paul sabatier,3.185199653660351e-05
sabatier,3.185199653660351e-05
hibernation,3.1740570349384655e-05
title authors,3.1473054911761595e-05
information management,3.1418426425463696e-05
tools buildbot,3.135205098571777e-05
language engineering,3.119594247026568e-05
writing caches,3.11755245322165e-05
kill_python,3.1148009810686084e-05
gzip,3.114343082789148e-05
python interpreter,3.1030849520321364e-05
local sbin,3.098048353098494e-05
tark,3.0637540082669774e-05
oem versions,3.06360307455077e-05
gdb,3.0629083978570064e-05
rc5,3.05772222128748e-05
breathtaking performance,3.05670240337583e-05
filteredclassifier,3.0555220240908215e-05
pluto,3.052241089136965e-05
school logic,3.051206222762733e-05
safethread,3.0475238732101628e-05
exceed pages,3.0410247348780904e-05
david abrahams,3.0305238587594236e-05
summarization,3.0300409898678982e-05
sherriff lon,3.0263145058582487e-05
make apprehensive,3.007156731511259e-05
submissions reviewed,3.0043753951542823e-05
lavorato corp,2.9795618670179548e-05
beck subject,2.979219927813508e-05
policy record,2.975348888081269e-05
hr corp,2.9711698668693335e-05
lxml,2.9591190612213928e-05
python setup,2.9569793637343277e-05
according springer,2.9555282286842187e-05
genetic programming,2.9518975162349048e-05
conference proceedings,2.951115546839778e-05
richard shapiro,2.9381540556145834e-05
viaqra,2.9320911351601265e-05
feedback note,2.9282612890815283e-05
10 tests,2.924067239513401e-05
qpsmtpd 29,2.9220321895033423e-05
apache qpsmtpd,2.9220321895033423e-05
29 esmtp,2.9220321895033423e-05
papers written,2.9215154784122704e-05
google code,2.9163091554970858e-05
dkim list,2.9151985130280932e-05
clamav users,2.901255603102935e-05
bug reports,2.898828045490946e-05
university australia,2.88109590450572e-05
enrico,2.8725738887318023e-05
future directions,2.863593670713262e-05
application papers,2.8599804016593255e-05
plenary speakers,2.8585567707919355e-05
regalis,2.8512764664459235e-05
17 default,2.8352812182569343e-05
shepperd,2.8304465230272443e-05
apache helo,2.8252107648747433e-05
cs 80,2.8190292862128103e-05
oberholtzer wrote,2.8172145063942047e-05
pm paul,2.8124888567760512e-05
technical papers,2.8113134206443288e-05
steve original,2.804553604875212e-05
helo mail,2.798712928877077e-05
adnan,2.792777919497046e-05
application domains,2.790979021883669e-05
oregon state,2.784245536474646e-05
deliveries averaged,2.7826801982452494e-05
conference conference,2.7766465585181863e-05
induction,2.7673183370489275e-05
faith killen,2.766590690813705e-05
suite 140,2.762288124283996e-05
10 80,2.761204114320731e-05
pre conference,2.758101837200374e-05
file file,2.75808405337693e-05
foster chris,2.7569410766067963e-05
testcase,2.7299353890894844e-05
unsuccessful unsuccessful,2.7249664707150456e-05
year 120,2.711656227826151e-05
release 72,2.7051579308264508e-05
150 adobe,2.6728142271266768e-05
blank lines,2.6480061128364825e-05
luce laura,2.6472616742946806e-05
00 thirty,2.64693625985236e-05
obtain trustworthy,2.6441682611333682e-05
pwd,2.6349023041095847e-05
information science,2.6300026709329358e-05
possible topics,2.6235579486233205e-05
mix alcohol,2.6119992008170743e-05
url created,2.605673887110198e-05
lokay et,2.601473479360732e-05
10 64bit,2.5996680153744727e-05
rogers herndon,2.5979773713931346e-05
numeric attribute,2.5968454723809557e-05
macromedia adobe,2.5965789126191664e-05
ascii format,2.5963561764125257e-05
maryam,2.5724779829514833e-05
uncertain reasoning,2.5680297249795387e-05
position papers,2.5587198600623547e-05
network analysis,2.5563698593173095e-05
python core,2.5542160645151946e-05
08 closed,2.551800935276121e-05
number python,2.5490813589309545e-05
geert,2.5455877639943622e-05
subject tw,2.5367591305067874e-05
cunningham subject,2.5247763996225412e-05
00 60,2.510637252044987e-05
release candidate,2.5105510062490153e-05
planning scheduling,2.5087145096664568e-05
140 adobe,2.5006476231941615e-05
seekercenter,2.4924742387543483e-05
45 adobe,2.484131637581258e-05
submissions papers,2.4827545963065757e-05
deal capture,2.4694806682251316e-05
graphics software,2.4677807480524795e-05
involve foreigner,2.4655546962097468e-05
wes colwell,2.452367747147079e-05
slides appreciate,2.431478249299409e-05
watson research,2.4311967947083168e-05
freenet,2.4243458597304478e-05
pornostars,2.4219586563219606e-05
submit extended,2.4114035999849145e-05
juan lateral,2.4087262742633817e-05
carefully worked,2.4071293825838897e-05
bernstein,2.3981017898540993e-05
70 xara,2.3890380466917767e-05
pro learn,2.3890380466917767e-05
140 macromedia,2.3890380466917767e-05
edition 75,2.3890380466917767e-05
biz 30,2.3890380466917767e-05
30 quicken,2.3890380466917767e-05
90 discreet,2.3890380466917767e-05
cs 240,2.3890380466917767e-05
versions good,2.3890380466917767e-05
cs 140,2.3890380466917767e-05
cs 135,2.3890380466917767e-05
latest oem,2.3890380466917767e-05
pro 90,2.3890380466917767e-05
xara vl,2.3890380466917767e-05
packages graphics,2.3890380466917767e-05
240 adobe,2.3890380466917767e-05
90 quickbooks,2.3890380466917767e-05
max 115,2.3890380466917767e-05
audition 90,2.3890380466917767e-05
115 adobe,2.3890380466917767e-05
135 adobe,2.3890380466917767e-05
effects standard,2.3890380466917767e-05
30 adobe,2.3890380466917767e-05
oem packages,2.3890380466917767e-05
production studio,2.3890380466917767e-05
vl 75,2.3890380466917767e-05
110 adobe,2.3890380466917767e-05
adobe framemaker,2.3890380466917767e-05
xara,2.3890380466917767e-05
120 adobe,2.3890380466917767e-05
discreet studio,2.3890380466917767e-05
studio 90,2.3890380466917767e-05
adobe 80,2.3890380466917767e-05
framemaker 50,2.3890380466917767e-05
standard 45,2.3890380466917767e-05
offer latest,2.3776472941512366e-05
frank vickers,2.3750656687410892e-05
apache ident,2.358292822315393e-05
ip 140,2.355359664803756e-05
bursary,2.354042211483707e-05
zhiyong wei,2.3288280742378412e-05
asyncore,2.3279561338433383e-05
plays important,2.326520984861437e-05
11 rdns,2.3237931962009607e-05
quality papers,2.3104966128434132e-05
tadalafil,2.3066053293853813e-05
do_resume,2.2954272307507947e-05
apache 140,2.2953964305334485e-05
site_perl usr,2.275707944686487e-05
python packages,2.2665991949297917e-05
welcome papers,2.2657920660298632e-05
credit trading,2.2632597241014452e-05
test_ssl,2.2555724315848094e-05
python community,2.247235635761049e-05
wrote wednesday,2.2438712121086997e-05
bayesnet,2.239788333164933e-05
proved unsuccessful,2.2370905481197418e-05
steven kean,2.2322514998985413e-05
bin bin,2.2302875462704844e-05
urgency transaction,2.2263819006433893e-05
package management,2.222654421567555e-05
powerisk,2.221303916357325e-05
eiements,2.2207685403329307e-05
bari,2.2104903203792834e-05
cross language,2.2084005917761046e-05
study language,2.206022965237069e-05
powerisk year,2.202065720708775e-05
lstat,2.1953008848192888e-05
python code,2.1931779256971224e-05
soulskill,2.1925808798977327e-05
posted soulskill,2.1925808798977327e-05
wrote monday,2.181684022251332e-05
posted timothy,2.179864059774226e-05
submitted pdf,2.1723560523794963e-05
workshop paper,2.1634248465280566e-05
doi 10,2.1554686893292195e-05
participation critical,2.155143476554748e-05
question answering,2.1530399200858546e-05
sbin usr,2.1410584699721027e-05
coming tuesday,2.1352447419463588e-05
subject credit,2.124198169248828e-05
21 48,2.1228320290684092e-05
montreal canada,2.1221827536741083e-05
author accepted,2.117717258325089e-05
pth,2.1175819364758252e-05
crc32,2.1136280639896137e-05
30 coffee,2.1114112159623604e-05
conference include,2.1087275483370013e-05
pep 365,2.1045784760666646e-05
pickering mark,2.100366978547276e-05
showwarning,2.0959313625203024e-05
preprocessing,2.095519747217909e-05
knowledge flow,2.0948448141346775e-05
mr ahmed,2.0849049059890783e-05
perl beginners,2.0813223970866693e-05
minotaur apache,2.0760678869915182e-05
minotaur,2.0760678869915182e-05
255 number,2.069281887325627e-05
spec vms,2.0659205526682932e-05
local person,2.0657005557135795e-05
richard lewis,2.060419694414843e-05
mgltd,2.0589108129047276e-05
pesetas,2.0419634915623937e-05
rub jenny,2.0337038536459334e-05
file object,2.033276330198074e-05
test_asynchat,2.0233900346240888e-05
information sciences,2.020915785517844e-05
affixes,2.0101553902103793e-05
drive mix,2.0096787913244433e-05
sidebacks drive,2.0096787913244433e-05
sidebacks,2.0096787913244433e-05
forms completed,2.004612998965526e-05
status ok,1.9981314030846707e-05
pep help,1.9925507327898438e-05
selfcheck,1.9918166208354014e-05
want run,1.9861730255328692e-05
language contact,1.985037952026536e-05
professionai 150,1.9769597952198626e-05
acrobat professionai,1.9769597952198626e-05
time selected,1.9750752453991265e-05
url conference,1.9744821708125336e-05
timezone,1.9737163762317662e-05
cbr,1.9722138727906833e-05
pm mark,1.9660778249353767e-05
x86_64 linux,1.9614528805499015e-05
tiger team,1.9454889894677838e-05
apache apache,1.9363857459622915e-05
python 6a1,1.9326962282437325e-05
clients extended,1.9307798982197145e-05
flowed hi,1.929003139527054e-05
group mailing,1.9252906984309906e-05
wrote use,1.917809262063478e-05
satimis,1.9168483895097593e-05
pages long,1.914351848933582e-05
hermes apache,1.9140637786286603e-05
tkinter,1.913587018037597e-05
shapiro richard,1.9041366068427195e-05
middle office,1.9007548466155145e-05
mail apache,1.8836049763623785e-05
30 16,1.8812813872893188e-05
notes thanks,1.88059364799889e-05
domain specific,1.879785064247965e-05
url patch,1.8793400003664978e-05
directory usr,1.8711901224788364e-05
sash,1.866639457928949e-05
meeting attendees,1.8641860304421316e-05
simply undertake,1.858237073340263e-05
drugstores simply,1.858237073340263e-05
atime,1.84040093582869e-05
needs votes,1.8395118819194097e-05
utc year,1.8380250722300313e-05
privacy money,1.8255253522921942e-05
save privacy,1.8255253522921942e-05
energy com,1.8148426205534627e-05
workshop topics,1.8132830370344515e-05
falk,1.8064035387461863e-05
unbound methods,1.792125004005586e-05
11 helo,1.778322036849712e-05
language technology,1.7747890513772306e-05
_bsddb,1.772785920120163e-05
nonmonotonic reasoning,1.762735641290364e-05
title page,1.757574654315857e-05
fuzzy systems,1.753700703180872e-05
gettext,1.7387074463116298e-05
portcalc,1.7278690306972384e-05
local arrangements,1.7165782027076494e-05
conference home,1.7145589954508056e-05
intonation,1.7066423225740954e-05
python version,1.701611554276595e-05
blib,1.6988431398148318e-05
temporal data,1.6893266412585354e-05
attend workshop,1.6774107690036873e-05
feedback requests,1.674033436725031e-05
brutus apache,1.6735590721574515e-05
important process,1.658167030893849e-05
brand cialis,1.6503928122138146e-05
filetest,1.6366527719135967e-05
changed number,1.635027203734414e-05
alcohol drinks,1.625594763370119e-05
parallel sessions,1.615926474352832e-05
head file,1.6134681716115136e-05
review group,1.6111283268782097e-05
python 0a4,1.6097401528652225e-05
ismis,1.5982326374137945e-05
perl5 usr,1.5876721461751826e-05
brno,1.5841257826341466e-05
environ,1.5801779906193643e-05
io_compress_zlib,1.579342088937064e-05
fsck,1.5772485668914208e-05
meaningful feedback,1.5729668414750874e-05
python release,1.5679091446389588e-05
like jokes,1.566616393651777e-05
convinient fast,1.566616393651777e-05
jokes sais,1.566616393651777e-05
dysfunction like,1.566616393651777e-05
hello viagra,1.566616393651777e-05
number running,1.560249760719425e-05
token data,1.5594936342712323e-05
non token,1.5594936342712323e-05
email run,1.5484072585077383e-05
bound method,1.5392700036117626e-05
average deliveries,1.5327562277107684e-05
relatives proved,1.530099648841543e-05
toulouse france,1.5158408484131475e-05
15 03,1.5090641051357383e-05
clarity appreciate,1.5086779425372989e-05
dkim issue,1.5061297661024576e-05
whiteboard needs,1.5041069123638996e-05
lives enquiries,1.503650794670695e-05
number compiz,1.5033560672893478e-05
kean steven,1.501635224409234e-05
deliveries california,1.4962518568285077e-05
perm ca,1.489722492439751e-05
sj ca,1.489722492439751e-05
running opensuse,1.4802898860451523e-05
morris registered,1.4784339080166966e-05
language unset,1.4777478412699922e-05
rdns hermes,1.4715449823354262e-05
half pill,1.4679460711738534e-05
udev,1.4655485649010564e-05
feedback date,1.4472605359392212e-05
formalism,1.4325251264170632e-05
previously unpublished,1.4282896943152688e-05
university montreal,1.4280068888916116e-05
year publication,1.4248471545593408e-05
1126,1.4183463566081405e-05
richard causey,1.4127475655107568e-05
dprefix usr,1.4072867956923446e-05
chr,1.4027296975533188e-05
east asian,1.3977506017517877e-05
dev log,1.3971886459914715e-05
gpgfin,1.3924998286467072e-05
athena apache,1.3875198585451934e-05
italy email,1.3864357893166696e-05
unset path,1.3770706664581681e-05
logdir unset,1.3770706664581681e-05
logdir,1.3770706664581681e-05
hunter shively,1.3763666966567611e-05
perl_badlang unset,1.3738406685759487e-05
perl_badlang,1.3738406685759487e-05
number4,1.3735197952388012e-05
install python,1.3680749790474362e-05
apache soman,1.3662271755791087e-05
clausthal,1.3652376480552466e-05
wrote data,1.3635777948077296e-05
nonmonotonic,1.3624313494727834e-05
imapfilter,1.3613218388719625e-05
contact urgency,1.3567666641745462e-05
py file,1.3519711193819125e-05
cbr health,1.3504809776419088e-05
kernel module,1.3474507561354274e-05
devel rc5,1.3452144327400243e-05
rc5 released,1.3452144327400243e-05
committee chairs,1.3387340267244176e-05
x86_64 kde,1.3345735428261734e-05
size wrote,1.3338523742073284e-05
apache minotaur,1.3326586174788417e-05
unset logdir,1.3315155998171619e-05
shell bin,1.327480600075081e-05
lpnmr,1.3271140183515297e-05
mutex,1.326571561885944e-05
12v,1.325480015594246e-05
yorick wilks,1.3250390966332222e-05
dimensionality,1.3176505925426204e-05
fast secure,1.3172802897412525e-05
stable release,1.3121886462987764e-05
registration thanks,1.3110216169385596e-05
tuxonice devel,1.3052712197396316e-05
mail misc,1.2997517930144449e-05
writable,1.2895414857612135e-05
der werven,1.279534149742283e-05
ruigrok,1.279534149742283e-05
jeroen ruigrok,1.279534149742283e-05
ruigrok van,1.279534149742283e-05
werven,1.279534149742283e-05
future research,1.2593834545630138e-05
heizenrader,1.2537534488460109e-05
dimensionality reduction,1.2483847442211893e-05
hannon,1.2476812279330055e-05
vocalscape,1.2474559668626218e-05
transferred request,1.24238460690036e-05
perm waha,1.2397968876637933e-05
sj waha,1.2397968876637933e-05
helo brutus,1.2363137138905656e-05
theorem proving,1.2304306265371844e-05
ld_library_path unset,1.2222066415112023e-05
optionality,1.215039408727293e-05
line 826,1.2141610493657584e-05
sbin hibernate,1.2141610493657584e-05
826 proc,1.2141610493657584e-05
hibernate line,1.2141610493657584e-05
multi modal,1.2110876056557129e-05
783 4040,1.2085781583483376e-05
4040 option,1.2085781583483376e-05
thome,1.2047540958004427e-05
853 4777,1.2044451094174494e-05
__getattr__,1.1990487204689961e-05
surbey lon,1.1989999861858202e-05
4777 option,1.1989449110444854e-05
worried assuring,1.1983471234925718e-05
houston 713,1.195374563647893e-05
submissions received,1.1946962205756251e-05
status open,1.1928158931298675e-05
spamassassin message,1.1843633108511012e-05
morrigan,1.1801192813100465e-05
got impressive,1.1793744307026535e-05
morrigan tuatha,1.1785273996473049e-05
tuatha,1.1785273996473049e-05
email systeem,1.1784140418612252e-05
huidige gebruiker,1.1784140418612252e-05
x86_64 huidige,1.1784140418612252e-05
systeem,1.1784140418612252e-05
systeem opensuse,1.1784140418612252e-05
gebruiker,1.1784140418612252e-05
huidige,1.1784140418612252e-05
gebruiker email,1.1784140418612252e-05
nommensen,1.1720515678722396e-05
nsf,1.1644150005760945e-05
rensselaer,1.1611287236039906e-05
environ file,1.157620378560723e-05
cook mary,1.155771646124306e-05
symmetry breaking,1.1535465080917717e-05
redhat com,1.1526179384423681e-05
vcsc,1.1506474021306671e-05
3735 original,1.1469957508895219e-05
comp mail,1.1381156744478072e-05
11 136,1.1327614931082246e-05
4777,1.1232773973478742e-05
weakref,1.1086095463376979e-05
rohan wrote,1.1068331448045404e-05
tabs new,1.1036210942833006e-05
pavlou,1.0973969845579671e-05
autonomic computing,1.0907148839963624e-05
bayesian analysis,1.0893701807808996e-05
localization,1.089194747402815e-05
linux 22,1.0794508809139094e-05
attempts decided,1.0757614495867567e-05
http cs,1.067987795830342e-05
masses mass,1.0660411849818473e-05
chaired,1.0614136564470226e-05
lateral throughput,1.0604482102357725e-05
inform transaction,1.0552819208684385e-05
east deliveries,1.0460216301674676e-05
30 09,1.0390544660089227e-05
time exists,1.0216152837600715e-05
m9 time,1.0216152837600715e-05
day m9,1.0216152837600715e-05
url anonymous,1.0211146788684887e-05
lrec,1.0049647428166767e-05
helo athena,1.0020906695457744e-05
ext io_compress_zlib,9.887628408808695e-06
invite submissions,9.81322258990874e-06
d_gnu_source,9.813006524972066e-06
floating point,9.704792347049884e-06
ingredient tadalafil,9.683854483210881e-06
christie patrick,9.666403330559779e-06
conf file,9.545225181451696e-06
d_reentrant d_gnu_source,9.496731013176016e-06
change line,9.300697319524364e-06
misc news,9.08872764924799e-06
active ingredient,8.920289661569412e-06
years seek,8.870124960936823e-06
pkg_resources,8.681584910581409e-06
193 138,8.675622953546136e-06
pill tongue,8.489251341975118e-06
193 193,8.341748411855486e-06
dispute zimbabwe,8.289892242452557e-06
nigel cunningham,8.248136543044883e-06
136 rdns,8.197767404740797e-06
sanity check,8.193472664692231e-06
permission stand,8.190507103919784e-06
environment perl,8.187702476302647e-06
grid computing,8.151970330411544e-06
tool job,8.071184137504646e-06
connectionist,8.028917186516377e-06
acts 36,7.972878745324727e-06
press url,7.951182107415796e-06
argument structure,7.898003668662282e-06
allen phillip,7.833313818520382e-06
like usr,7.809163939975432e-06
university sheffield,7.786181542713665e-06
jim fenton,7.724074086990024e-06
paso average,7.694908919629456e-06
hours viagra,7.572003765867119e-06
country days,7.4421846247156325e-06
hariri,7.398328538584327e-06
so_reuseaddr,7.383747086343798e-06
dave duran,7.236727839045066e-06
72 begin,7.209079695344137e-06
future mr,7.123507507811983e-06
tuatha ident,7.113041524960053e-06
neal scott,7.109236724338925e-06
compare hours,6.920538589717165e-06
hours compare,6.920538589717165e-06
ambassadors,6.9063107516763965e-06
undertake purchasing,6.905411346232784e-06
legal subject,6.878506518224788e-06
hylafax,6.8167070480642555e-06
artima,6.816066856972121e-06
desktop reading,6.789231013712234e-06
cdgt,6.773170889183512e-06
reading device,6.767851359246872e-06
disk startup,6.740409915902603e-06
fund arranged,6.678605626899456e-06
00 lunch,6.6384366935608864e-06
viagra action,6.634226190048284e-06
python development,6.615139434940174e-06
right tool,6.614156047695746e-06
socaltop,6.582563159757264e-06
socalehr capacity,6.582563159757264e-06
socaltop capacity,6.582563159757264e-06
etop capacity,6.582563159757264e-06
etop,6.582563159757264e-06
pg etop,6.582563159757264e-06
socalehr,6.582563159757264e-06
resources evaluation,6.575613623446601e-06
____________________________________________________________,6.492525778151643e-06
research lab,6.46175217672502e-06
arranged apply,6.410139193148853e-06
rdns athena,6.210272701908286e-06
soon expires,6.20584098681521e-06
project timeline,6.202519667850011e-06
python branches,6.149135931312191e-06
ip 193,6.0294148252887765e-06
pm sent,6.01918793807239e-06
mohammed abacha,5.969118701357059e-06
opens new,5.915985089456889e-06
grigsby mike,5.8852709131640085e-06
university connecticut,5.872934893463498e-06
tuatha postfix,5.846403546308347e-06
caida,5.8379441395339575e-06
138 rdns,5.6871877519828535e-06
local share,5.6644756378851115e-06
simscan,5.6161912995089436e-06
file opengl,5.605256120260652e-06
tuatha 193,5.6049595441367496e-06
rdns localhost,5.50357330431339e-06
banker allowed,5.413930193979216e-06
x00,5.327259420030496e-06
kevin presto,5.312474434047593e-06
new window,5.3004918779174455e-06
position manager,5.249220743076175e-06
uncertainty reasoning,5.244171515602606e-06
sciences university,5.233380837748746e-06
university bristol,5.200197873090964e-06
digital library,5.100227453250416e-06
boxplot,5.087422706492195e-06
drug talking,5.080720598444171e-06
treatment drug,5.080720598444171e-06
123 store,5.060242808744345e-06
localdomain morrigan,5.046915585694909e-06
tuatha soman,5.046915585694909e-06
helo morrigan,5.046915585694909e-06
soon instantly,5.0228829216034e-06
bank huge,4.9895370373189145e-06
professional 17,4.988793934936505e-06
ciwerlis professional,4.988793934936505e-06
0b1,4.93274357984694e-06
rdns morrigan,4.927207919132363e-06
tuatha helo,4.927207919132363e-06
cccdlflags fpic,4.897886491645977e-06
tinn,4.886996621774386e-06
david_abrahams,4.742579742506151e-06
necessary vital,4.673836552840567e-06
trunk py3k,4.617557849794329e-06
localdomain helo,4.507082667077986e-06
pounds sterlings,4.429534944973746e-06
postgraduate 31,4.411516391282049e-06
mitkov,4.238173915595449e-06
planning thanks,4.198254466901133e-06
doug leach,3.925304705683933e-06
subject enymex,3.9177864742007975e-06
best paper,3.85678651958113e-06
yaml,3.819845142317712e-06
vmmon,3.814708066209688e-06
care expenses,3.6933821122004575e-06
turbine book,3.683202332416416e-06
script py,3.6617827311995232e-06
nvidia module,3.6121030907756913e-06
mid office,3.5404869722144467e-06
brand meds,3.4997308716825175e-06
file users,3.4594288900504144e-06
vyigra professional,3.4457967865039517e-06
professional 73,3.4457967865039517e-06
ladies gents,3.3759781199312114e-06
gents watches,3.3759781199312114e-06
present foreign,3.3469727133853143e-06
language teaching,3.2706275271301086e-06
acf,3.2436932020052233e-06
chris strickland,3.11226829761508e-06
transfer telephone,3.0825743276891787e-06
deri,2.9629694144573923e-06
release schedule,2.959917012854394e-06
relatives years,2.89734525636928e-06
morphological case,2.8486822809202416e-06
lts po,2.7977563344867787e-06
postfix virtual,2.612957489229438e-06
tmpdir,2.58883458179916e-06
basis options,2.5710346803497205e-06
exists os,2.431525110798632e-06
bin sb_imapfilter,2.401609474008916e-06
order transfer,2.3953414781705777e-06
continental power,2.317877593569245e-06
perl usr,2.286165926375558e-06
pipeline capacity,2.1391178508158043e-06
clarification correspondent,2.0484178406914254e-06
ction,2.0080089954417004e-06
research usa,1.9493470334357095e-06
mandy2,1.9346448817462806e-06
velardi,1.8908233187524666e-06
mandy2 postfix,1.8185571569206196e-06
netbsd,1.7880786502897472e-06
pyopengl,1.7600329749545295e-06
45 mandy2,1.6956839255468112e-06
sb_filter,1.6010210541099778e-06
astan,1.5630127678144734e-06
dec 01,1.5629231294950351e-06
acl2,1.4357515423005778e-06
true libperl,1.3209998771828033e-06
useshrplib true,1.3209998771828033e-06
gas daily,1.3034576953227355e-06
32 45,1.3033639133704363e-06
al nasser,1.2772780468697502e-06
ena ews,1.254147133796904e-06
submission electronic,1.2150374833823133e-06
ecsqaru,1.212960133501193e-06
variogram,1.181296776544191e-06
py2,1.1585101531014948e-06
userpass,1.1058722425892907e-06
style files,9.45942833164044e-07
pyopengl 0b1,9.081176104319859e-07
senegal dakar,8.141257558715062e-07
chavez,6.519091577626991e-07
harri,5.403577921117611e-07
dreams cost,5.390765555259548e-07
causey corp,5.09496681470305e-07
py3k lib,4.868066235862947e-07
nature transaction,3.155978680740727e-07
cheap chemists,3.0747780389609635e-07
nd227 postfix,2.6883729313088495e-07
flags category,8.488368546748339e-08
ecc,5.0729777267421076e-08
approved foreigner,-6.729774973668887e-08
6c7 py2,-1.4485012922600747e-07
setuptools 6c7,-1.4485012922600747e-07
6c7,-1.4485012922600747e-07
egg setuptools,-1.801631101293758e-07
iqcvawubr,-2.0015414777786584e-07
darwin iqcvawubr,-2.0015414777786584e-07
trust fund,-3.96502835296323e-07
helo localhost,-4.1563476182268486e-07
perl library,-4.3427295408373403e-07
obsf,-4.421965617402298e-07
url xml,-4.7427419139116144e-07
husband deposited,-5.739176623317659e-07
xml url,-6.468294076424181e-07
nd227,-6.768439081142169e-07
chance perfect,-7.12261335296979e-07
cialis soft,-7.793635630404769e-07
coreference,-8.16554806715579e-07
impotence treatment,-8.254774694772449e-07
uucp,-8.258375523917926e-07
py2 egg,-1.0658520227140353e-06
crash fund,-1.087297890950306e-06
virtual_mailbox_domains,-1.1081144511554522e-06
elx,-1.1201337028577608e-06
data_files,-1.1706031356449422e-06
share perl,-1.2195125761430416e-06
lib perl,-1.2296088131455852e-06
0b1 py2,-1.2344441019839272e-06
participation workshop,-1.23870660274526e-06
accepted publication,-1.2814062353721753e-06
negative development,-1.3069065027322238e-06
remitted designation,-1.343017752948182e-06
i386 linux,-1.3676541449584137e-06
lancaster university,-1.4492610358874432e-06
completed development,-1.4555244857555547e-06
opportunity fact,-1.550953186320809e-06
manchester uk,-1.5606852599932776e-06
jan 02,-1.6017001582947135e-06
active deals,-1.6911738015134292e-06
person died,-1.7474197714113694e-06
sdbm_file,-1.9316553629329934e-06
root 4096,-1.9740212961633734e-06
py2exe setup,-2.14181940407245e-06
deck appreciate,-2.3668370582255262e-06
oath bank,-2.4492623125005457e-06
pkgs,-2.779864398343185e-06
nasser,-2.818709610867324e-06
tagg,-2.8420414981799797e-06
phase released,-2.983735237503387e-06
money needed,-3.0617262691085906e-06
spread options,-3.0732384512015493e-06
management activities,-3.090422657945932e-06
released production,-3.2243982898456998e-06
university british,-3.3013309001023706e-06
start transfer,-3.3030915934044515e-06
transfer abroad,-3.3560416585463768e-06
options phase,-3.445177805971161e-06
ask assistance,-3.513876283733257e-06
url submissions,-3.570827646344e-06
pakistan refused,-3.5992355788721706e-06
bulgaria pakistan,-3.5992355788721706e-06
large pkgs,-3.666339109949614e-06
setup console,-3.693408945714352e-06
24h,-3.836118869468586e-06
gatsby,-3.858234127658571e-06
account fail,-3.865270192981454e-06
correspondent branch,-3.881348657122493e-06
account involved,-3.8975775951144205e-06
alessandro,-3.922591594813621e-06
lidar,-4.093622154995389e-06
conclusion business,-4.237410407721388e-06
trusting believing,-4.323364768920309e-06
business trusting,-4.325827467063561e-06
gdbm,-4.363499234073412e-06
foreigner reliable,-4.390435295359728e-06
obj i386,-4.451879949326897e-06
i386 default,-4.451879949326897e-06
aside care,-4.477322040570292e-06
null default,-4.500958031583177e-06
bank present,-4.517931395691012e-06
avert negative,-4.542369023436715e-06
zooko,-4.710473655783788e-06
agree 30,-4.7707593044418995e-06
extended relatives,-4.7961270184098954e-06
money serve,-4.953042465335466e-06
deduplication,-5.043167625510995e-06
came huge,-5.092031938749017e-06
v5 configured,-5.15450704039395e-06
maryam abacha,-5.156488053012239e-06
newswires 11,-5.198698422431044e-06
centre europe,-5.252031131747123e-06
affidavit trust,-5.32725552316872e-06
trust oath,-5.32725552316872e-06
kin affidavit,-5.32725552316872e-06
netmask,-5.355511989399484e-06
unset shell,-5.40297174744937e-06
src linux,-5.864613948269587e-06
genuine rolex,-5.999457889678208e-06
monitoring situation,-6.027986400652539e-06
54 modules,-6.052514481458191e-06
panel discussions,-6.129644989285995e-06
socal gas,-6.154511681972294e-06
report week,-6.19429742542239e-06
opt unionfs,-6.19761997703663e-06
end important,-6.261880879501618e-06
unionfs unionfs,-6.268148293829932e-06
thoughts appreciate,-6.5487081440575995e-06
austin usa,-6.55715682498457e-06
discussion thanks,-6.558471294690944e-06
esslli 98,-6.777910558197808e-06
adviced secret,-6.843347674302856e-06
stable buildbots,-6.851735473885135e-06
sent hear,-6.94701836065543e-06
need prompt,-6.951547817223006e-06
step urgently,-7.227284974640952e-06
mr lay,-7.2519936863938554e-06
mr frank,-7.295454618431371e-06
mediated,-7.790988826524749e-06
foreigner valid,-7.81886823662539e-06
necessary legal,-7.879826870174406e-06
apply annual,-7.917892585724163e-06
account concerning,-7.929674390431768e-06
unset ld_library_path,-8.017948755655576e-06
fund bonafide,-8.034181114782071e-06
ellipsis,-8.091629386023334e-06
subground,-8.166326401707951e-06
searchsqlserver,-8.21257079064423e-06
event detection,-8.364975466030714e-06
computational logic,-8.381424431604913e-06
ng process,-8.427009038325473e-06
body applies,-8.448372094117343e-06
branch bank,-8.645209960883785e-06
webstatus,-8.74504428381299e-06
serve receive,-8.849689138879245e-06
heir money,-8.931020317240464e-06
ntee completely,-8.955186257512043e-06
ge lose,-8.955186257512043e-06
ll mo,-8.955186257512043e-06
offer fu,-8.955186257512043e-06
department came,-8.968446453224358e-06
storage py,-8.99065755854196e-06
spontaneous speech,-9.039980814588841e-06
fail inform,-9.105560469471542e-06
place directives,-9.12504253604209e-06
ministry health,-9.138345755611268e-06
superdelegates,-9.143525997949858e-06
enla,-9.166924294153937e-06
honest till,-9.23674027847752e-06
discreet pac,-9.237050014713067e-06
secure onl,-9.237050014713067e-06
iality respect,-9.237050014713067e-06
king security,-9.237050014713067e-06
arant,-9.237050014713067e-06
information gu,-9.237050014713067e-06
yes checking,-9.28685186626254e-06
free smooth,-9.343548373633444e-06
build confidence,-9.365965369005345e-06
know private,-9.460119167572546e-06
annual leave,-9.51788649877195e-06
bank actual,-9.656659870872188e-06
io py,-9.685266835624397e-06
person contacting,-9.689994238446267e-06
fit provide,-9.722697499730668e-06
investigation auditing,-9.725942893855291e-06
capable fit,-9.790972123761724e-06
special duties,-9.91204114150769e-06
country civil,-9.924935330798505e-06
january 07,-1.0005440082654343e-05
transfer work,-1.0049106135302076e-05
actual reason,-1.0114230531190212e-05
xerox research,-1.0119725424245565e-05
account place,-1.0194419680750592e-05
reason require,-1.0236210379576378e-05
designation bank,-1.0244455354677581e-05
finest rolex,-1.0247953491287721e-05
bcf day,-1.0292588103199232e-05
watches 99,-1.0319961271620504e-05
nls,-1.0436956103903216e-05
department african,-1.046302420681396e-05
treat matter,-1.0480336196295204e-05
watches omega,-1.05073108349235e-05
dev null,-1.0583999073224233e-05
fellow forward,-1.058629583311086e-05
involved usd,-1.0615553105034015e-05
alex huang,-1.0616019932064477e-05
fund dormant,-1.0648624542033863e-05
transfer million,-1.067870778252862e-05
deceased person,-1.0691412369637016e-05
capacity report,-1.0735404624708249e-05
cal study,-1.0801093968591277e-05
account eventually,-1.0853942660136303e-05
forward claims,-1.0936819693031575e-05
unionfs,-1.0937066797817332e-05
information relayed,-1.0980004980174239e-05
eventually raise,-1.1106613673333095e-05
data quality,-1.1123996321060411e-05
copies mprime,-1.1150658406529126e-05
chee,-1.1160748801559781e-05
company safekeeping,-1.1178340344711032e-05
second party,-1.1229662754257762e-05
need involve,-1.1232642814188282e-05
vboxdrv,-1.1278640364408699e-05
benefit self,-1.1316136181035766e-05
floating remit,-1.1319401199078697e-05
business 60,-1.1371431122538145e-05
darwin thread,-1.1392656089959009e-05
multi 2level,-1.1392656089959009e-05
died heir,-1.1553761792453665e-05
require second,-1.158596244300039e-05
idispatch,-1.171324793610333e-05
mmbtu deliveries,-1.178579379828664e-05
pypi,-1.1884898453249051e-05
clients secure,-1.209828289675909e-05
process discreet,-1.209828289675909e-05
security private,-1.21313842956859e-05
remain honest,-1.2133297772765071e-05
ibrahim moussa,-1.214778434810394e-05
lsu,-1.2197326008041253e-05
party fellow,-1.2227750477353449e-05
category core,-1.2254999475287183e-05
bonafide kin,-1.2436033285485033e-05
subsequent sharing,-1.2624425325965589e-05
decided transfer,-1.2759372848905997e-05
viagra 59,-1.2780599980375667e-05
female viagra,-1.2780599980375667e-05
center usa,-1.2806722919628605e-05
capable important,-1.2915822491566405e-05
successful transaction,-1.2924699258800948e-05
custody family,-1.2944993201744112e-05
uci,-1.2990874369958208e-05
verification clarification,-1.3025395494427963e-05
percentage indicated,-1.3027528252880562e-05
according percentage,-1.3027528252880562e-05
handle strict,-1.3050067551295997e-05
rr php,-1.3059641308310098e-05
fact deal,-1.324280309137705e-05
dylib,-1.3249040546057215e-05
24h shipping,-1.3286787511407655e-05
shop 24h,-1.3286787511407655e-05
achieve pe,-1.3459550771621854e-05
relation discovery,-1.3501461601648356e-05
quality low,-1.3598994929269757e-05
watches visit,-1.3616535728491652e-05
90 watches,-1.3616535728491652e-05
money floating,-1.3673160542749765e-05
reliable watches,-1.3842892808304067e-05
relayed soon,-1.3860787456083765e-05
2level,-1.3932033516521388e-05
speculative investments,-1.395677429626083e-05
deal monitoring,-1.4094793050585397e-05
given 35,-1.4118549209547384e-05
cost replica,-1.4129154475605294e-05
core severity,-1.4174270386336249e-05
remittance presence,-1.4263793536718773e-05
directives needed,-1.4371449669435193e-05
2144,-1.4396416367211057e-05
unless body,-1.44039648843441e-05
immediately faithfully,-1.446577157086451e-05
personal approach,-1.451981200280301e-05
sum gratification,-1.4581078746905103e-05
account ask,-1.4641105780036678e-05
organized prompt,-1.4808519641319033e-05
standards customer,-1.4808519641319033e-05
customer high,-1.4808519641319033e-05
approach customer,-1.4808519641319033e-05
best receive,-1.4808519641319033e-05
icdm,-1.4846261249879436e-05
arrangement claim,-1.5158533456641694e-05
virtual alias,-1.5166615186701619e-05
burkinabe stand,-1.5321223030082674e-05
fieldhash,-1.5326269625226953e-05
university uk,-1.5456485762498574e-05
massaquoe,-1.5551225708420067e-05
assist benefit,-1.5560728845922106e-05
let future,-1.5667867323924497e-05
advice invest,-1.572989641561994e-05
transaction investigation,-1.576244744637878e-05
face make,-1.5797663678166255e-05
ready approve,-1.583734063079796e-05
brow time,-1.5895708562812993e-05
root number,-1.591813301356447e-05
moussa,-1.5931240352537834e-05
make remittance,-1.5947921903396804e-05
withdrawal sharing,-1.5976673073596503e-05
going account,-1.5977010822722723e-05
payment foreigner,-1.5980997612698497e-05
イェルーン ラウフロック,-1.600121841230873e-05
ウェルヴェン,-1.600121841230873e-05
ウェルヴェン url,-1.600121841230873e-05
デル,-1.600121841230873e-05
asmodai イェルーン,-1.600121841230873e-05
デル ウェルヴェン,-1.600121841230873e-05
イェルーン,-1.600121841230873e-05
ラウフロック,-1.600121841230873e-05
werven asmodai,-1.600121841230873e-05
ヴァン,-1.600121841230873e-05
ラウフロック ヴァン,-1.600121841230873e-05
ヴァン デル,-1.6001218412308853e-05
provide assurance,-1.6017033971390485e-05
conclude deal,-1.6044140706760355e-05
country withdrawal,-1.6058218592615594e-05
kin bank,-1.609547888198722e-05
shall apply,-1.612163965567797e-05
arise time,-1.6145047582188503e-05
service conclude,-1.6239624545152375e-05
previously indicated,-1.631529871754821e-05
school computer,-1.6373293173353365e-05
deposit fund,-1.6488163529096672e-05
fine management,-1.6554294718346723e-05
danger zimbabwe,-1.6580431915426703e-05
want identity,-1.6779893594418035e-05
believing let,-1.694065314004843e-05
know transaction,-1.7000494747773667e-05
looming danger,-1.7016610353467164e-05
indicated investment,-1.701734582922824e-05
rgem,-1.7133803214649455e-05
proofs,-1.716750593779698e-05
global finance,-1.7215608711576103e-05
foreigner burkinabe,-1.7259202690072617e-05
burkinabe,-1.7259202690072617e-05
belonging deceased,-1.7302782604364117e-05
foreigner foreign,-1.742946836977684e-05
according instructions,-1.7467580938846603e-05
things therapy,-1.7518079021548966e-05
country subsequent,-1.7526173277956485e-05
account died,-1.7609847609072272e-05
foreigners account,-1.7616100616962165e-05
wrote attached,-1.7627283085569836e-05
fourteen million,-1.764601544768141e-05
oral poster,-1.7696031183684637e-05
safe foreigners,-1.7810179357681207e-05
discuss face,-1.78247502369639e-05
father wealthy,-1.7903255342058798e-05
agreement bind,-1.791223301358613e-05
luxury isnt,-1.7929893264527448e-05
watch luxury,-1.7929893264527448e-05
isnt sin,-1.7929893264527448e-05
retire service,-1.7980285426124143e-05
invest necessary,-1.7993081576455676e-05
confidence repose,-1.799996988820133e-05
percentages previously,-1.8010869252577387e-05
auditing discovered,-1.8200613900749146e-05
deposit certificate,-1.821430722610076e-05
management ready,-1.823294158377148e-05
operation make,-1.8278502827671783e-05
know message,-1.835329404701199e-05
tblloads,-1.836076373052356e-05
tblloads details,-1.836076373052356e-05
table tblloads,-1.836076373052356e-05
brands quality,-1.860609794698107e-05
existing bank,-1.8648529966005232e-05
asmodai,-1.8722777120065253e-05
ahead money,-1.8728654187383857e-05
non speculative,-1.8866653985553014e-05
departments conclusion,-1.8926312435096568e-05
uwe,-1.8960613651968102e-05
urgently inform,-1.9004455924341855e-05
library perl,-1.9215477744915404e-05
auditing bank,-1.9367874897057233e-05
psf,-1.940118484568299e-05
united bank,-1.9686831213054876e-05
sign binding,-1.974361699668755e-05
demands hope,-1.998763879976544e-05
proven work,-2.040551354325167e-05
xr root,-2.0465353944249182e-05
corporation nnpc,-2.0630811998684855e-05
raise eye,-2.0631208207397462e-05
eye brow,-2.0659868507011202e-05
quality lower,-2.091980896105653e-05
management policy,-2.093573479983635e-05
order avert,-2.098633792657677e-05
watch quality,-2.1034743512217182e-05
destroy documents,-2.107914868512566e-05
quality url,-2.1107031184810078e-05
swiss government,-2.119589764809361e-05
life pleasant,-2.126101412014056e-05
exchange departments,-2.1457019566504742e-05
safe foreign,-2.159858547270026e-05
pleasant dear,-2.200625691465152e-05
medications guaranteed,-2.208554773704553e-05
ministries foreign,-2.222896528596522e-05
country advice,-2.2402376558859418e-05
course auditing,-2.2582866516489308e-05
impressive information,-2.2638534265391458e-05
attention urgent,-2.2781951314417186e-05
business demands,-2.285421880766026e-05
mistake need,-2.2892692775868136e-05
sum 30,-2.3004449642373612e-05
ds question,-2.3013252975977587e-05
sesay,-2.3021765656829654e-05
30 money,-2.30354306664312e-05
binding agreement,-2.3054685553171048e-05
posted query,-2.314792906012347e-05
dollars 30,-2.3306362311788342e-05
money dollars,-2.3360429537242397e-05
hammie,-2.33781439298002e-05
method remember,-2.3509973615058565e-05
gomez,-2.3522263985428673e-05
convinient,-2.3571701225675245e-05
seek permission,-2.363967344553982e-05
conduct does,-2.382084440903812e-05
god let,-2.3899292490543852e-05
epistemic,-2.4152303284167008e-05
total 60,-2.420596166942564e-05
26 21,-2.4247113652115307e-05
transfer usd,-2.4252089446636876e-05
person business,-2.4253505308030553e-05
knowledge just,-2.4282444247545877e-05
based lies,-2.4282444247545877e-05
advertisements based,-2.4282444247545877e-05
approved way,-2.4282444247545877e-05
just frauds,-2.4282444247545877e-05
dream safe,-2.4282444247545877e-05
frauds choose,-2.4282444247545877e-05
customer remembered,-2.4283985182076338e-05
proved company,-2.4433386757040932e-05
kabba,-2.4730480787922294e-05
gerry 10,-2.4837143151792753e-05
transfer overseas,-2.485546660570937e-05
foreigner contacting,-2.4906555104505922e-05
trust according,-2.5128340935039444e-05
compensating,-2.5233899096333633e-05
frauds,-2.5294827541858002e-05
honourably seeking,-2.5445317609360224e-05
provide existing,-2.5450209795697276e-05
tio,-2.553720025914543e-05
forfeited owner,-2.555401026353593e-05
offer 15,-2.5907531911069912e-05
user modeling,-2.5943132257736493e-05
dict items,-2.6056423965917884e-05
telephone bills,-2.6109192576514607e-05
foreigner know,-2.6122543917662543e-05
tarball,-2.6174536576764693e-05
discovered owner,-2.6257239895981812e-05
company transfer,-2.640261358760928e-05
nigeria cbn,-2.6426847700397542e-05
confidential dear,-2.6650565346005996e-05
pkg_resources module,-2.670407658321249e-05
dev sda,-2.6929711835070637e-05
choice fund,-2.7096472389678602e-05
omega replica,-2.7196276022527617e-05
time transfer,-2.7514950486521285e-05
assurance trust,-2.758511930085625e-05
watches famous,-2.765510066703888e-05
java applications,-2.7662816062073718e-05
did leave,-2.7708534236612942e-05
365 adding,-2.7956393612619903e-05
infocast,-2.798874263034912e-05
hope betray,-2.7992241359485538e-05
sharing investments,-2.8054617975450773e-05
ask come,-2.8289410761192028e-05
foreigner correct,-2.8367272771029364e-05
delivers order,-2.8477273580639295e-05
extended courier,-2.8477273580639295e-05
order chemists,-2.8477273580639295e-05
profilee py,-2.8496279178662345e-05
profilee,-2.8496279178662345e-05
novell client,-2.864386276184572e-05
automated reasoning,-2.866041998096602e-05
mar 20,-2.871452626270485e-05
earliest reply,-2.884478675514241e-05
packager,-2.8872378181911816e-05
service delivers,-2.8892986751929725e-05
family relation,-2.8967769742917174e-05
effect legal,-2.8983836359916737e-05
abroad don,-2.905972512235701e-05
27 29,-2.912876268824105e-05
documents transaction,-2.9169839995891303e-05
account thing,-2.9250806582516807e-05
dollars owner,-2.9281373279524457e-05
thing concerning,-2.9307436655434923e-05
pm 30,-2.9369194170018154e-05
new bank,-2.969394942189054e-05
assurance money,-2.9797352760751138e-05
physical arrival,-2.9876220948596397e-05
decided trace,-2.995934660900841e-05
pending physical,-3.0004060331234386e-05
15 total,-3.0158930696850755e-05
honourably,-3.0446906846892893e-05
safe non,-3.0514630506695044e-05
adding pkg_resources,-3.057441501188686e-05
person capable,-3.068414803796529e-05
sese seko,-3.069441693512495e-05
mailaccountstatus active,-3.0824229525122244e-05
mailaccountstatus,-3.0824229525122244e-05
intact pending,-3.1122809848774214e-05
year person,-3.122442916634241e-05
gratification,-3.125971398097049e-05
bank approved,-3.136157396678408e-05
know foreigner,-3.1475430135140145e-05
source high,-3.149398139141665e-05
proposal good,-3.169234084711417e-05
approvals onward,-3.1936537457125314e-05
transaction transaction,-3.1997659622052155e-05
possible loss,-3.210208881496073e-05
forward earliest,-3.217065361580345e-05
leaving trace,-3.2182972400772463e-05
trace place,-3.219423509139531e-05
zimbabwean,-3.235706728732399e-05
soon don,-3.239532980474176e-05
rulesrc sandbox,-3.244847609302972e-05
bank ouagadougou,-3.250738772004279e-05
approved foreign,-3.2638815215538366e-05
new farms,-3.272491006243086e-05
request urgent,-3.2901662860399574e-05
beneficiary investigation,-3.2928993777359226e-05
position influence,-3.294090763278083e-05
account appropriate,-3.308106888720569e-05
appropriate clearance,-3.308106888720569e-05
legal approvals,-3.3171067812975394e-05
internet locate,-3.326083176653682e-05
enable deal,-3.335261298338633e-05
icep,-3.3559783715695295e-05
c4244,-3.376735669550457e-05
warning c4244,-3.376735669550457e-05
hodges georgeanne,-3.426139888439882e-05
medium reach,-3.440633995302323e-05
information secret,-3.448150971820327e-05
motor accident,-3.453920132367636e-05
profession died,-3.476191503671883e-05
bills exchange,-3.4769744612626446e-05
subject netco,-3.4813004883204674e-05
wrote randall,-3.4963371177157095e-05
family lawyer,-3.504948777557717e-05
proved abortive,-3.5167417031889935e-05
deposit account,-3.530998687240503e-05
alert best,-3.5403082180155055e-05
rolex watch,-3.6074873510429794e-05
purpose real,-3.610341004136878e-05
watches lowest,-3.630414479427753e-05
parties incurred,-3.635677695921393e-05
roche,-3.637574092037158e-05
onward transfer,-3.673122283766e-05
mugabe introduced,-3.6939841323212615e-05
regard decided,-3.747536184459482e-05
excellent replica,-3.764103535486876e-05
watches reliable,-3.771798825652443e-05
highly needed,-3.777884355141045e-05
abortive,-3.806905616934964e-05
advantage trust,-3.8103452202322406e-05
soliciting assistance,-3.8233939754151814e-05
laws unfortunately,-3.8260280357908956e-05
deposits lodged,-3.860308713927904e-05
betray trust,-3.898396168390252e-05
seko,-3.904977830332474e-05
high degree,-3.9240232945549254e-05
input successful,-3.9349683581842734e-05
opportunity department,-3.949246257376669e-05
test_profile,-3.9616995935036936e-05
altinstall,-3.9892735496396185e-05
choice transfer,-3.989291505044758e-05
floating fund,-4.000634262960723e-05
discovered floating,-4.014041972573071e-05
tastes replica,-4.045161399056536e-05
watches tastes,-4.045161399056536e-05
university nottingham,-4.0610688305701205e-05
huge deposits,-4.0808002906294325e-05
mon 25,-4.1043195255319556e-05
respect regard,-4.107308621162812e-05
university york,-4.1279774908360294e-05
assure transaction,-4.138265352348811e-05
cheung pui,-4.139098864842846e-05
operation faithfully,-4.146490691519031e-05
assistance following,-4.1728517346415644e-05
black farmers,-4.175148964777792e-05
expenses parties,-4.179488189618341e-05
guaranteed triple,-4.1822401811117155e-05
triple wrapped,-4.1822401811117155e-05
wrapped gold,-4.1822401811117155e-05
gold models,-4.1822401811117155e-05
garven,-4.192659214544099e-05
luxury gifts,-4.214989866723875e-05
cheap luxury,-4.214989866723875e-05
bags cheap,-4.214989866723875e-05
son father,-4.220506764215657e-05
sincerely lee,-4.221376606547623e-05
classics online,-4.2293070827882536e-05
mr cheung,-4.259577138398266e-05
world 24,-4.275900996081206e-05
lecoultre replica,-4.278335767863068e-05
genuine business,-4.282741837167875e-05
details account,-4.287427957191462e-05
carry deal,-4.3019675080631305e-05
medically,-4.3358028686119385e-05
foreigner money,-4.34325473006865e-05
reliable account,-4.3507344286308286e-05
approval transfer,-4.382995165247411e-05
money leaving,-4.403675099647403e-05
surprise don,-4.4248130227770855e-05
prices enlargement,-4.4291467240118354e-05
charge auditing,-4.43394667255962e-05
contacting foreigner,-4.4385237651761825e-05
cure bad,-4.4563334153388485e-05
lies lack,-4.469825736395491e-05
services riley,-4.497455577602688e-05
dollars private,-4.5110745327392015e-05
completion transaction,-4.572890305341035e-05
deceased required,-4.6040651172418436e-05
africa boa,-4.6162615060715286e-05
money approved,-4.61773247825355e-05
foriegn account,-4.6641940928478486e-05
abidjan economic,-4.6690666321243734e-05
micai,-4.670676037732462e-05
wife late,-4.6797300186436776e-05
bigger tool,-4.6799132868440056e-05
country used,-4.6895278640279826e-05
approved local,-4.69766303545081e-05
company offshore,-4.71527753264217e-05
unlink,-4.717923383054163e-05
enjoy safe,-4.761522836900495e-05
convinient shopping,-4.77239396327831e-05
private hospital,-4.778658362993211e-05
bank department,-4.7873928006872255e-05
knows account,-4.7948856287341484e-05
nath,-4.8084664067976846e-05
enquiries embassy,-4.819955545800001e-05
relation kin,-4.821511659307292e-05
tani nath,-4.828069885905853e-05
watches fraction,-4.834186451253258e-05
transaction observe,-4.834731638574108e-05
bed nightmares,-4.8988192543547294e-05
let failures,-4.8988192543547294e-05
nightmares anymore,-4.8988192543547294e-05
send telephone,-4.918699373202641e-05
sezgen,-4.974947563261245e-05
bouillion,-5.021865702526678e-05
want present,-5.060017444686937e-05
entertain fear,-5.0851163658098715e-05
prime bank,-5.133172206640092e-05
view wholesale,-5.1686732150935615e-05
law touch,-5.183351273950479e-05
free medical,-5.249166629613987e-05
variety replica,-5.2583220910164356e-05
know male,-5.2707143640651086e-05
documents enable,-5.272793447241327e-05
strong assurance,-5.2978406197400985e-05
embassy locate,-5.2985755201934186e-05
following ways,-5.3141145171991654e-05
facundo blog,-5.319838532024903e-05
url pyar,-5.319838532024903e-05
pyar url,-5.319838532024903e-05
farms establishment,-5.340629025836865e-05
hereunder benefit,-5.3467279817909317e-05
pyar,-5.407077171397804e-05
african government,-5.4270437742646066e-05
director charge,-5.43566909886415e-05
bank kin,-5.461984439586676e-05
transaction strictly,-5.4906359883348456e-05
hospital abidjan,-5.565146614676877e-05
poisoned business,-5.64331742347752e-05
chemicals farms,-5.678641489551914e-05
money foreigner,-5.684818209257379e-05
partner account,-5.729832141331952e-05
air crash,-5.746877561052364e-05
compensation effort,-5.7483297424774796e-05
manager guarantees,-5.765082341188812e-05
effort input,-5.7985675951873964e-05
establishment new,-5.816000492347233e-05
address response,-5.8313358099728414e-05
desire going,-5.850843526660716e-05
explained wealth,-5.957033242258382e-05
bank relation,-6.0461080975821605e-05
needed lowest,-6.0715482754426716e-05
generic drvgs,-6.0715482754426716e-05
absolutely doctor,-6.0715482754426716e-05
drvgs stop,-6.0715482754426716e-05
getting promotional,-6.0715482754426716e-05
permit inform,-6.0765493142364514e-05
seeking genuine,-6.088249876242416e-05
swaziland land,-6.111033745791344e-05
osman sezgen,-6.125002668719523e-05
branch manager,-6.156148056400809e-05
clima,-6.167022476120522e-05
published springer,-6.173757544533396e-05
ivoire west,-6.213245820805947e-05
arrival country,-6.232932940188236e-05
sector,-6.236456025271811e-05
currently staying,-6.254897896788088e-05
amounting,-6.30244944627371e-05
land dispute,-6.312815982617603e-05
deposited late,-6.323391070496852e-05
classics luxurious,-6.331598897498013e-05
transaction sincerely,-6.383296954611277e-05
did support,-6.434315621434535e-05
palmer mark,-6.560466685750409e-05
nuhan vaye,-6.569807938856456e-05
nuhan,-6.605117746679394e-05
national country,-6.689009091108774e-05
guaranteed shipping,-6.696290177859575e-05
shipping american,-6.696290177859575e-05
country awaiting,-6.709375795446379e-05
new land,-6.71523805250035e-05
percentage money,-6.745115474604346e-05
paper presentations,-6.77556786295544e-05
secretly called,-6.786731572643007e-05
lodged particularly,-6.82095012864562e-05
namur,-6.863923483214354e-05
murdered land,-6.890545192334403e-05
position branch,-6.892049374847276e-05
soon limited,-6.919243347237235e-05
brands replica,-6.94155450637774e-05
land act,-6.95636431217236e-05
fearing,-7.063351239351972e-05
abidjan ivory,-7.097375582554386e-05
investing money,-7.125376706370988e-05
land problem,-7.142879693697741e-05
country sharing,-7.167556071458787e-05
eighteen million,-7.204123399090837e-05
hillis,-7.284634954273384e-05
financial transaction,-7.290581356354326e-05
highly secure,-7.402601081494804e-05
256bit,-7.435411546362949e-05
256bit order,-7.435411546362949e-05
gf begging,-7.486268230341914e-05
begging come,-7.486268230341914e-05
ex gf,-7.486268230341914e-05
wiggs,-7.504702101807044e-05
come dear,-7.548888260870088e-05
account investment,-7.737529250545554e-05
money assistance,-7.770480776791625e-05
account mr,-7.889875397506266e-05
unhcr,-7.923572678921305e-05
csic,-7.948004758875578e-05
god fearing,-8.031519523378098e-05
models choose,-8.03261047368941e-05
assistance agreed,-8.078815749015014e-05
tejan,-8.136962386758062e-05
zimbabwe money,-8.141975506171855e-05
choose slimming,-8.167340153379465e-05
fearing person,-8.20504176269537e-05
fly country,-8.25280461098804e-05
documents letter,-8.302083921002016e-05
mail details,-8.378248957628361e-05
agent systems,-8.519945909529715e-05
objections,-8.585179149652085e-05
father money,-8.675178769350665e-05
owned farms,-8.756075079703097e-05
vpxl penis,-8.761919426724535e-05
monrovia,-8.76420271869399e-05
permit country,-9.029562940123084e-05
site years,-9.084241523695755e-05
incredible lovers,-9.101577182402912e-05
lovers secret,-9.101577182402912e-05
white owned,-9.155047717929329e-05
finally achieved,-9.173769058540851e-05
hundreds testimonials,-9.261660904679456e-05
research herbal,-9.261660904679456e-05
product rated,-9.261660904679456e-05
gains inches,-9.261660904679456e-05
guaranteed girth,-9.261660904679456e-05
increases 30,-9.261660904679456e-05
professionals gains,-9.261660904679456e-05
achieved product,-9.261660904679456e-05
herbal breakthrough,-9.261660904679456e-05
men girlfriends,-9.261660904679456e-05
girlfriends site,-9.261660904679456e-05
girth increases,-9.261660904679456e-05
inches guaranteed,-9.261660904679456e-05
rated healthcare,-9.261660904679456e-05
breakthrough finally,-9.261660904679456e-05
years scientific,-9.285525436059523e-05
used deposit,-9.395884611506017e-05
demurrage security,-9.443857789079784e-05
amina,-9.477346912464916e-05
satisfied men,-9.512139694221281e-05
death business,-9.536269603539245e-05
hello urgent,-9.578624063037434e-05
overthrown,-9.646235842272863e-05
strongly believe,-9.669487649383333e-05
make arrangement,-9.687236929704381e-05
sys platform,-9.744147772021775e-05
farmers zimbabwe,-9.859873242334504e-05
operate bank,-9.929584000638753e-05
stand risk,-9.945501909805216e-05
party members,-9.960888639872205e-05
poisoned death,-0.00010073496921159006
profitable shall,-0.00010143491595412447
asylum seekers,-0.00010159613216380726
soon act,-0.00010383827364017565
foreign business,-0.00010407850995387173
deposited box,-0.00010449696621465335
confidential purchase,-0.00010644865480829942
mrs amina,-0.00010938888285630974
private online,-0.00010969668397022378
alert criteria,-0.0001109440789170492
associates analysts,-0.00011403966132650747
farmers country,-0.00011405940737225264
negotiable percentage,-0.00011549199305019298
assistance invest,-0.00011606395389765863
country recently,-0.00011664922091448395
import os,-0.00011734447856405707
paperwork transaction,-0.0001174628976447028
details worked,-0.00011756242637713107
penis extended,-0.00011854926288773623
circumcised,-0.00011854926288773623
blood enter,-0.00011854926288773623
extended long,-0.00011854926288773623
believe associating,-0.00011912918820697604
derive huge,-0.00011912918820697604
associating embark,-0.00011912918820697604
longdblsize 16,-0.00011916516460719096
risk paperwork,-0.00012081484337901014
16 ivtype,-0.00012117820149891672
shall require,-0.00012143127272733342
soon consent,-0.00012173294019482753
assured stand,-0.00012190732831659964
quality replica,-0.00012209327826425
discuss modalities,-0.00012211082496062442
making right,-0.00012263461880086682
ready good,-0.00012313570103800062
good negotiable,-0.00012313570103800062
define usemultiplicity,-0.00012345614164390245
useithreads define,-0.00012345614164390245
usemultiplicity define,-0.00012359688944063363
define useperlio,-0.00012359688944063363
day incredible,-0.00012383216413323553
incredible quick,-0.00012383216413323553
quick gains,-0.00012383216413323553
just pills,-0.00012383216413323553
thickness gains,-0.00012383216413323553
gains permanent,-0.00012383216413323553
guide assist,-0.00012386103092110878
transaction profitable,-0.00012602309776144364
areas artificial,-0.00012655605312384527
meeting week,-0.0001274060380499313
share country,-0.00012915255314744733
make times,-0.00012994316652917498
produce stronger,-0.00013923136229281518
stronger rock,-0.00013923136229281518
confidentiality rest,-0.00013960632725490895
products good,-0.00013984792732648515
support warranty,-0.00013984792732648515
web technologies,-0.00013986171509173737
members followers,-0.00014061318105447842
results 100,-0.00014109380684808976
fund good,-0.00014123969214616832
paper pages,-0.00014142639921884957
urgent assistance,-0.0001436990782020212
money south,-0.00014566191632762852
enlarger,-0.000146087196761148
rated penis,-0.00014624445402044908
enlarger proven,-0.00014666596766662774
penis enlarger,-0.00014666596766662774
cavernosa,-0.00014693875568836984
corpora cavernosa,-0.00014693875568836984
customer talked,-0.00014819324762325753
mkdir,-0.0001500778217793956
dragenter,-0.0001526842348237833
authors accepted,-0.00015335167303218736
farms party,-0.0001583478492829868
enhancement reviews,-0.0001618294927248883
love large,-0.00017615501383136552
length short,-0.00017719220428262018
percentage assistance,-0.00017895468347027467
thickness length,-0.000179756177985998
women simply,-0.000179756177985998
large manhood,-0.000179756177985998
weeks women,-0.000179756177985998
simply love,-0.00018093260734188346
user urgent,-0.00018259405725091875
husband able,-0.000185038913328637
conference fee,-0.00018898121660724937
included conference,-0.0001901483345952994
google account,-0.0001937625633388866
life deserve,-0.00020023606919492769
enjoy sex,-0.00020023606919492769
aid president,-0.00020062068750721282
act follow,-0.00020784560733168376
confidently,-0.00020910931407815917
user detected,-0.00021095989856535899
lpthread lc,-0.00021929744430271305
lpthread,-0.00021929744430271305
love dear,-0.0002258248138323174
hearing,-0.00023794705461388738
hours avoid,-0.0002490222957199635
customer urgent,-0.00025507972240106157
22 02,-0.0002563201519829426
trucks,-0.0002564925773754212
win32com server,-0.00025710258772966555
view message,-0.00025744816101348517
feedback thanks,-0.00026344978250562433
mar 17,-0.0002649719280193408
clsid,-0.0002744812781858905
marty,-0.00027515992356322213
shall set,-0.0002957041759062308
customer detected,-0.0003218167698005945
hour 12,-0.00032699225032898585
curtailment,-0.00033137026468251505
forwarded louise,-0.0003490100423563373
research areas,-0.0003518612914054053
postgresql,-0.0003545586393366531
management conference,-0.0003706122869448071
win32gui,-0.0003900034875872596
names contact,-0.00039215658906116714
hwnd,-0.0003981365313251557
government late,-0.00040134244651616763
eq,-0.00040250236841783655
subject houston,-0.00040771186035051734
08 31,-0.00041976683925645173
universita,-0.0004412104066138082
win32con,-0.00044262229128743026
autonomous agents,-0.00046607673844725837
client let,-0.00048575808461749886
multi agent,-0.0004858070510840645
encouraged,-0.0004942721684721569
03 20,-0.0004944411034192597
industrial applications,-0.0005059865553880896
services sam,-0.0005115937443192498
turner,-0.0005138055693248227
wrote sorry,-0.000531906844912238
gmt received,-0.0005344543088378984
team lee,-0.0005348045094648898
mmk,-0.000551254557823075
lately,-0.0005611262087512546
zope,-0.0005618869008191021
york city,-0.0005621582209581605
pcg,-0.0005642622760315807
01 17,-0.0005809020501871566
kitchen 03,-0.0006304313366177145
aamas,-0.0006316068269328396
sb,-0.0006431983841871268
customer final,-0.000664205504873876
eby,-0.0006698906359167096
phillip eby,-0.0006708764021515196
game theory,-0.0006748944816935391
sare,-0.0006774488471224921
intercontinental,-0.0006779166793622871
eby wrote,-0.0006804729898257012
dev proposal,-0.000690527389323332
mar 24,-0.000692942429240581
url 33,-0.0007040393722257756
58 14,-0.0007041716806747075
regebro zope,-0.000707864762262763
plone consulting,-0.000707864762262763
64 _______________________________________________,-0.000707864762262763
33 661,-0.000707864762262763
661 58,-0.000707864762262763
14 64,-0.000707864762262763
papers presented,-0.0007088285211586584
couldn believe,-0.0007092261796865184
date thu,-0.0007216202523512823
zope plone,-0.0007256559587616497
year organizing,-0.0007257752167289218
rid eggs,-0.0007490799180742094
25 feb,-0.0007567081804691859
year east,-0.0007643362553826142
freemyer wrote,-0.0007938494022666374
dev rid,-0.0007945641578270213
practicality,-0.0008012136346639731
conference papers,-0.0008104442443809905
plus benefits,-0.0008146622671551455
hour 14,-0.0008414594827310467
12 01,-0.0008579086659051828
wrote sun,-0.0008679512776936212
alot,-0.0008689058806385902
freebsd release,-0.0009198676555141887
joseph hrgovcic,-0.0009289103664884991
nov 17,-0.0009399923718716523
24,-0.0009450625426659389
sanity,-0.0009456835652864233
suse linux,-0.0009461023958289899
0000 gmt,-0.0009493890283064721
bar,-0.0009541484234890579
bethard,-0.0009592421005910226
genova,-0.0009735444195951202
hrgovcic,-0.0009840098300727
problem having,-0.0010145124677930987
strict confidence,-0.00102846273127963
files directories,-0.0010396454501911145
08 29,-0.0010492749775306296
greg sent,-0.0010763979081525508
affiliation address,-0.0010790865347487483
buy rick,-0.0010825670587580063
tribolet,-0.0010840914221920384
assistance matter,-0.0010883798876228398
sln,-0.0010956574779516256
birmingham,-0.0011014479248132652
ini,-0.0011042835527119606
hour 13,-0.0011074401771621893
generic drugs,-0.0011169883543257432
moreno,-0.0011222141293823584
manuel,-0.001123312721669005
francesca,-0.0011337801665815045
read check,-0.0011476713659455677
iui,-0.0011615024637411854
information knowledge,-0.001169922184154187
02 31,-0.0011849049218183205
good faith,-0.0012056536038157779
deffner joseph,-0.0012102462624341754
later date,-0.0012263254200589708
otis,-0.0012296863576975836
negotiations,-0.0012424936319722685
ipw3945,-0.001285307975126118
basque country,-0.0012902351964102525
taylor,-0.001291085646479
communications communications,-0.0012921310227225393
reminded,-0.0012932793345461378
use information,-0.00131159849904055
se,-0.0013157608201080652
gift,-0.0013463268012632718
clarity feel,-0.001356934827448137
symes kate,-0.0013719301830671157
market power,-0.0013720677607726025
gnupg suse,-0.0013790851694889324
suse url,-0.0013790851694889324
facilitating,-0.0013808719508659234
pm messages,-0.0013944487002920743
company said,-0.0014048877922245872
ole,-0.001419979198480633
1112,-0.0014449074727368454
10 500,-0.0014610147772222404
july 12,-0.0014652509961813843
attributeerror,-0.0014722071907407024
malmberg,-0.0014880496556406257
john malmberg,-0.0014880496556406257
finance,-0.001506701833186967
fortunes,-0.0015067703161026048
seize account,-0.0015100316516939104
respond seize,-0.0015122945074768526
smith corp,-0.0015192011174938772
object attribute,-0.001519686993561075
college university,-0.0015222519110320353
email delivered,-0.0015306072668587712
wanted make,-0.0015411968793110453
number private,-0.0015505458133970834
url html,-0.0015518975109339779
wanking,-0.0015570656070233164
08 44,-0.0015720237557774305
35 million,-0.0015737096821819352
knowledge base,-0.0015789052111075228
able provide,-0.0016027560958150366
communications subject,-0.001603071683745557
cec,-0.0016141055313144018
06 28,-0.0016186642762471871
follow instructions,-0.0016272470401449235
smtp number,-0.0016344229872872294
03 09,-0.001643724006554415
science department,-0.0016740422571081403
patricia,-0.0016915093457503727
kt,-0.001695326807243083
number ok,-0.0017000531723959861
nov 01,-0.0017412490378510904
shanbhogue,-0.001777349385664906
web sites,-0.0017789738509610062
new feature,-0.001783512129011936
reedy wrote,-0.0017872786616516165
sent email,-0.0017884866258527014
ponte,-0.001789399525236532
kai ponte,-0.001789399525236532
edison mission,-0.0017957483497889064
uk power,-0.0017964106304987342
vasant shanbhogue,-0.0018011062963283744
going business,-0.0018113446981048364
february 10,-0.0018319025482886884
wrote tuesday,-0.0018375645280704796
ponte wrote,-0.0018433427013589978
forwarding address,-0.001852099659361221
year submission,-0.0018985302885089767
interested deal,-0.0019097817583712126
aircraft,-0.001911405141493978
tolerance,-0.0019162367728017232
packed,-0.0019252421824313534
spoken dialogue,-0.001932904266316456
09 45,-0.0019444127296017752
recipient address,-0.0019444794479775178
georganne,-0.0019499680571272344
intelligent user,-0.001950339579366968
09 29,-0.0019675503891529813
08 25,-0.00199011034544616
arthritis,-0.0019933521879835735
mismatch,-0.0019951020391650314
controversy,-0.0019993224876421484
copytree,-0.0020131605661496024
title author,-0.0020205619902343487
bothers,-0.002034656341855734
qx,-0.002041325373688768
problems new,-0.002048221709980307
comfort home,-0.0020572486371787805
visiting url,-0.002057836094416456
informal,-0.0020613113422674285
submissions accepted,-0.0020722137674386567
662,-0.0020938847736108506
paper title,-0.0021034577137460583
8000,-0.0021124463169645454
ou,-0.0021162743229255028
friday morning,-0.002117083886052243
new issue,-0.0021274290784339357
wheeler,-0.0021274763429538004
delivered mailing,-0.002131508817130636
nature,-0.002149387798498452
bulk list,-0.0021509359303310198
morrow,-0.0021553506623422742
postfix postfix,-0.002168593577097763
provide,-0.0021694521030989344
ox,-0.002183906979629139
submit copies,-0.0021849685137474237
dozen,-0.0021856340391761056
deadline paper,-0.002191525465985321
gustafson,-0.002201622462894636
forwarded shirley,-0.0022044954299891965
wouldn believe,-0.0022056305998268857
xiao,-0.0022278969710147183
distributing,-0.002228517227754078
ppc,-0.0022335477431280628
dbg,-0.0022436740781696524
wrote thursday,-0.0022591120616019707
sha1 monday,-0.002260819766974064
subject year,-0.002271790267599943
network management,-0.0022743426716065247
saturday 16,-0.002285527039783449
lib postfix,-0.0022884724405804833
frames,-0.0022893036185992165
16 february,-0.0023069963673533833
612,-0.002308811895659337
firstly,-0.0023205222240275086
hour 22,-0.0023253744867405913
8859 hi,-0.0023311063294553565
shutil,-0.0023511144447129345
sloan wrote,-0.002360682768647764
kroll,-0.0023742903609798188
brett cannon,-0.0023793694667653274
subject rant,-0.002380111935467203
orphans,-0.0023886295510222298
mail delivery,-0.0023903354623605304
strengthening,-0.0023958083388694903
cfg,-0.002397487016260518
thursday friday,-0.0023983199634464917
thu apr,-0.0024074176850157314
joe sloan,-0.002409022796878722
aix,-0.002411441939727091
test cases,-0.002411541094253225
cannon wrote,-0.0024212356782133742
intend use,-0.0024245828176944046
katherine,-0.002435751072845183
analyst program,-0.0024517345736083883
comment thread,-0.002455476203953476
issue submission,-0.0024581695675900527
did install,-0.0024602516102337725
number opened,-0.0024608474938995913
initial comment,-0.0024648640159562534
forward curves,-0.0024662827216805714
just latest,-0.0024695053008955857
contain copy,-0.0024699133859903835
wrote really,-0.002473299097283548
kal shah,-0.0024744184518655423
spambayes scripts,-0.0024811512791713245
thread including,-0.002482262453531924
update category,-0.002482262453531924
including initial,-0.002482262453531924
initial issue,-0.002482262453531924
priority private,-0.002482262453531924
generated change,-0.002482262453531924
private submitted,-0.002482262453531924
copy comment,-0.002482262453531924
number originator,-0.0024908011230853587
user_id,-0.002492588105751699
3000 pep,-0.0025052410340634223
group status,-0.002506158324008754
cfm,-0.002507138950422212
yes user_id,-0.0025113031830363763
message logged,-0.0025113031830363763
logged yes,-0.0025113031830363763
user_id number,-0.002511456331541542
kevin hyatt,-0.0025402649799244215
mar 25,-0.002545236395379783
concentration,-0.002546660311780807
pm brett,-0.002546914295612918
research program,-0.0025536729039392007
pogo,-0.002556599776033223
time year,-0.00255856609128848
real problem,-0.0025704996355574695
big deal,-0.0025772769163902457
questions regards,-0.0025922109800180595
postfix does,-0.0025923718581760354
fastvector,-0.00259495840707506
decimal unicode,-0.002596499442617765
cygwin url,-0.0026073533116286454
dev decimal,-0.002609752673641817
147,-0.002639118957856598
time don,-0.0026402882468005394
m_alltherules,-0.0026435960207793724
workshop aims,-0.002644653781887558
14 16,-0.0026567230260755746
apr year,-0.0026567283522831307
continue development,-0.0026625386103096725
rewards,-0.0026802072679597225
chicago illinois,-0.002685485979817571
hyatt et,-0.0026940240065145998
imc,-0.002695640133845359
tests bayes_00,-0.002699496310828641
make good,-0.0027003351747982495
able receive,-0.0027109115866519066
trailing,-0.002734339700016085
proceedings published,-0.00274108060309369
configuration information,-0.0027507808865001935
kenneth,-0.002755321639699838
information perl,-0.002770310499968667
message provided,-0.002771465136543864
repos,-0.0027716195891863875
tk lohman,-0.0027849252112179717
site configuration,-0.0027860224145559707
got 23,-0.002788693179801935
371,-0.002803629820620178
constraint based,-0.0028068480310464855
o3,-0.002808167443068145
break 11,-0.002812529434291501
input attribute,-0.0028172762410176248
et kevin,-0.0028207885753108483
lohman et,-0.0028326119161909183
year acceptance,-0.002835168317218783
lib locally,-0.0028374859905951543
30 lunch,-0.0028428587289105254
alex wong,-0.002844003074993151
odonnell,-0.0028448579646824837
kirsty,-0.002850614358741778
ldl lm,-0.002863933525761055
developer community,-0.002871579169484932
technical program,-0.0028743667354407454
obsolete,-0.002881569902307234
duseshrplib,-0.0028971523972441413
does need,-0.0029134048388334923
signature _______________________________________________,-0.0029265071725037223
transfer money,-0.0029270098271096424
assessments,-0.0029276896462673146
restored,-0.0029283354481977482
lib libc,-0.002931715677994579
nesbitt,-0.00293595318411659
380,-0.0029481918877364227
west texas,-0.0029548375271652334
locale,-0.00296349038283336
core_server py,-0.0029773082867553024
dale nesbitt,-0.0029829153694860807
reply comment,-0.003012236739521475
deleting,-0.003017334211827482
workshop include,-0.003017336879074676
slip,-0.003021741869320591
pm wrote,-0.0030296522770277916
permsgstatus,-0.003039742858339976
lunch break,-0.0030487443267303497
topics workshop,-0.003048794364602554
conference website,-0.0030519538249424547
mining natural,-0.0030601866683881668
ldflags usr,-0.003070218106783919
submitted papers,-0.0030753979144403035
01 21,-0.0030840242750060157
schedulers,-0.003098544303339524
toronto canada,-0.0031052043103455564
perl5 vendor_perl,-0.0031075586698762685
vendor_perl,-0.0031075586698762685
fourteen,-0.0031096350920741546
triptracker team,-0.003111439192180723
libc lib,-0.003121364300541527
lnsl ldl,-0.0031263562776916343
06 29,-0.003126782981307809
11 28,-0.0031298188926355192
6th,-0.0031424132560410045
remote offices,-0.0031480372772919006
send fax,-0.0031617516180459594
paper accepted,-0.003161978394329888
transmitting,-0.003172775394307336
permsgstatus pm,-0.003177545872681104
helped,-0.003189162424959469
data loss,-0.003192536295661066
monday december,-0.003198606257574069
papers included,-0.0032040953634631395
cornfield lon,-0.003209304160155741
277,-0.0032095192912151567
print email,-0.0032110585138233096
lm lc,-0.003217669472001381
png,-0.003227115464780994
9a,-0.003233740140757307
misfortune,-0.003240152312149985
submission paper,-0.0032405022706451982
135,-0.003242055870093497
willingness,-0.0032427615157953425
drive appreciate,-0.0032694290903330704
fin,-0.0032793220533751254
maximum pages,-0.0032847129722860416
jolly,-0.003285278112822635
01 year,-0.0032941797816917976
taxi,-0.0032981589299004668
popular watches,-0.0032993511211825703
lnsl,-0.003299738228638815
spamassassin permsgstatus,-0.003306018476731839
doing wrong,-0.0033095951480019313
nytimes,-0.003310430705654465
universite paris,-0.0033186168351667933
dave mitchell,-0.0033245045784741083
watches trademarks,-0.003332257846080834
no_received,-0.0033443926422118725
declare,-0.003352994543794946
honour,-0.0033556843714102513
occasioned,-0.0033630228808223563
message attachment,-0.0033714759872317587
market based,-0.0033797903111350528
jump,-0.0033831942928599095
august 11,-0.003416248586065417
pursuit,-0.0034165000397260083
engineering university,-0.0034167261960917996
sabine,-0.003418067562772716
opt perl,-0.0034207274484832372
jamie martinez,-0.003425212770212382
emotion,-0.00342852137130202
strickland,-0.003443633883693059
congo,-0.0034463948570820635
15 oct,-0.00346589785525542
informationweek,-0.003477434295262822
3100,-0.0034852134113600927
soussan,-0.0035029768718824418
repr,-0.0035039375896111754
creating new,-0.0035139896540575433
plain ascii,-0.003530873262235108
research teaching,-0.003537117290621009
civil servants,-0.0035513782804402943
06 21,-0.0035537777097306763
schuler,-0.0035558376479074105
governmental,-0.0035566270079561294
rules score,-0.0035586536478120667
13 number,-0.003572061354105606
memorial,-0.0036015945174133522
originators,-0.0036320057772711327
difficulties,-0.0036327297851032054
epsc,-0.0036364964128268538
informational purposes,-0.0036465397283646285
vendor_perl mail,-0.0036644704424435063
string representation,-0.003671100792900852
mr joseph,-0.003677788840183968
expr,-0.0036868195837315
atkins,-0.003703308323823501
energy risk,-0.003704439893259789
year 33,-0.0037052144568852953
particular,-0.0037065541988710107
sent address,-0.0037121103024908503
accepted paper,-0.003712374504437256
09 46,-0.003713124987239603
distributed systems,-0.003720083791932838
run command,-0.0037415787525003725
bayes_00 dkim_policy_signsome,-0.003749271018994304
greg ewing,-0.003751777413091174
performance feedback,-0.0037584957652450333
skip montanaro,-0.003759481081916072
fd got,-0.003766260200733734
named person,-0.003774301598198765
year python,-0.0037794647486081964
dale,-0.0037868581549909447
bristol,-0.0037889992754675376
endless,-0.003790484725878968
investigate,-0.0037933555691506173
city university,-0.0037971728517571567
19 21,-0.0038336131542521658
conform,-0.003833862873874252
01 dynegy,-0.0038392410274355124
discovering,-0.0038557400872397006
gopher,-0.0038575385907300493
control area,-0.003858653648798147
january 30,-0.003887933834784324
burn,-0.0038939896185651328
1024,-0.003895954556459237
ewing wrote,-0.003898118997430342
subject performance,-0.0039053088326726905
didn work,-0.003910509910010269
keynote speakers,-0.003989135085865683
regular expressions,-0.003992253531557365
forward receiving,-0.0040045766302787555
utrecht university,-0.004040202253535932
com 10,-0.004048606791668463
backups,-0.004059049800528116
submission requirements,-0.004075583235904325
miscellaneous,-0.004109807556222534
appearing,-0.0041261893163676245
markus,-0.004127305776740434
bart,-0.004130444255598615
vstream_buf_get_ready fd,-0.004144183539530661
vstream_buf_get_ready,-0.0041442733237706374
bezel,-0.00417087769620001
asserts,-0.004176207926828411
new mexico,-0.004178734430813722
respond visiting,-0.004203001634062386
number vstream_buf_get_ready,-0.004216853848899185
probability distribution,-0.004221833565745963
set new,-0.004221846457993687
perkel,-0.004248423461510777
marc perkel,-0.004276168880780981
tuples,-0.004277560274002657
suoju,-0.004301777773410945
dates submission,-0.004304560139370675
key url,-0.004306037414576953
aluminum,-0.004307038798008358
negatives,-0.0043078859641437805
wolfe,-0.004313545111864268
conference intelligent,-0.004338646979087316
final versions,-0.004346350889009549
bytecode,-0.00434749909164339
wrote getting,-0.004364137176937359
23 15,-0.004365644403868418
distribute copy,-0.004366614388902398
design implementation,-0.004392177260853098
pervasive,-0.004403366194678672
corp subject,-0.004451258117536111
year 21,-0.004490627886518441
offset,-0.004493536137563591
fix bug,-0.004508988671413682
multiple postings,-0.004513084121182797
university massachusetts,-0.004514754189554081
strftime,-0.004515610204563931
storage capacity,-0.004516923250031879
personal account,-0.004517628200205969
stance,-0.004521442875781573
stdin,-0.004529863190361191
uncommon,-0.004530519947174552
support systems,-0.004549596735195922
occupants,-0.004551455329089696
04 13,-0.004569591164337375
moscoso,-0.004573378661611224
computational neuroscience,-0.004592891438684091
shall send,-0.004593700791329731
gerry carr,-0.004618051628981073
use sa,-0.00461909101721005
nrg,-0.004629278234265706
attention new,-0.004632310412290967
serial port,-0.004634067811176222
sorry inconvenience,-0.004643591825132743
miami,-0.004656116426905783
isda,-0.004676140485412808
arbor,-0.0046823028686043214
attracting,-0.004685218400158579
var run,-0.004697433044388947
line flags,-0.0046975731908683975
compensate,-0.004703171286728377
authentication,-0.004727605367930611
radish,-0.004748701366847315
panda,-0.004752437759037754
tuesday february,-0.004755292357399879
manages,-0.004758479337319258
university toronto,-0.004758854267751136
ok perl,-0.004783805693378411
dict,-0.0047884809971214595
colwell,-0.004795407309418574
review process,-0.004811117688166263
15 25,-0.00481443331124027
mike mcconnell,-0.0048653216745812595
jeffery fawcett,-0.004874664894645742
lab availability,-0.0048753285118422335
nicola,-0.004888733706262192
kyoto,-0.004900658403481076
archive tar,-0.004901142307706754
orders,-0.0049066334814704534
lindberg et,-0.004912186003993633
available time,-0.004913010648722149
year war,-0.004913624327207643
15 years,-0.004914935429559577
registry,-0.004916736453543163
sparc,-0.004919819582164395
sensitive,-0.0049207046023904
hebrew university,-0.004946573524675838
université,-0.004951688583441105
dates deadline,-0.004953503029384628
wholesale services,-0.004964017979477155
donoho lindy,-0.004968718621481212
want just,-0.004991949825872167
fawcett et,-0.004997038087569347
university st,-0.005012834235658026
did declare,-0.005031638647904425
18 oct,-0.005032522876099168
trent _______________________________________________,-0.005033076692924132
has_ip_url,-0.005043213846706394
lennart,-0.005050988375344174
22 09,-0.005053184238258369
warn,-0.005059675301910341
keynote speaker,-0.005062358444235579
submission guidelines,-0.0050645206324600725
wrote thu,-0.005077691052424516
international workshop,-0.00508019093684514
s4,-0.005118794859649445
2nd cfp,-0.005127128615971736
boston university,-0.005127849873554418
mates,-0.005130663621416108
py options,-0.0051401879207409905
directory,-0.005142497667563654
fool,-0.005149756500472222
uai 2nd,-0.005149909101851709
oct 27,-0.005159235567301051
coffee group,-0.005192273617655173
regebro,-0.00519324396174309
lennart regebro,-0.00519324396174309
andrew fastow,-0.005202024280349267
organise,-0.00520317351119885
10 21,-0.0052222201728619674
perlbug,-0.005230639005870179
greg _______________________________________________,-0.0052348760529015645
innovations,-0.005236707515497093
electronic message,-0.0052434344739292395
pacific gas,-0.005247543795161826
research topics,-0.005256225689297909
categorial,-0.00525958212752235
act receive,-0.005262591736636097
limited 24,-0.0052710561875080175
clarifications,-0.005290431732595397
regrtest,-0.005292773640582412
23 mail,-0.005306616511409631
perl email,-0.005308138250639705
doesn exist,-0.005316970813332687
colwell wes,-0.005343361994371567
visit online,-0.005347627795941453
help perlbug,-0.005351720145898587
generated help,-0.005351720145898587
report perl,-0.005351822824990576
xml rpc,-0.005362173550702912
odds,-0.005362837415010566
status sent,-0.005375187855761167
15 pages,-0.005402220602582173
louise sent,-0.005411908012578859
oc,-0.005419816794431593
unicode_string_literals,-0.005421050093768976
py3k branch,-0.005421480822168524
transform,-0.0054453731800321445
energy finance,-0.005445939138472282
andrew cornfield,-0.005450882897261962
import unicode_string_literals,-0.005467728639853869
deck feel,-0.005484391064296848
service mark,-0.005492247095640715
tim roberts,-0.005500855168354848
hotel,-0.005500954558256895
safest,-0.005502255628972664
viii,-0.005519027533984576
address space,-0.005534489752904099
frazier,-0.005548320305291783
suspicious activity,-0.005577445082203372
released python,-0.005580133154179535
bauer,-0.005590717756370252
based approaches,-0.005598869621915286
tv,-0.005609220833994268
thoughts thanks,-0.005619647651605376
roberts email,-0.005647577169536789
providenza boekelheide,-0.005654788874436587
providenza,-0.005654788874436587
boekelheide,-0.005654788874436587
email providenza,-0.005654788874436587
bloomberg 11,-0.005668087311268166
february 19,-0.0056817063891958595
subject uai,-0.005681724564428897
regrtest py,-0.005682246171198409
boekelheide _______________________________________________,-0.005684696414705744
0a4,-0.005710270814504444
needed order,-0.00571874192727849
perl_sys_term,-0.005719550479335376
soon unless,-0.0057242302912425035
perly,-0.005726611708853554
conference machine,-0.005727803613338682
dev fixing,-0.005741943628660545
lon michael,-0.0057492929624726715
based reasoning,-0.005753787532059236
plenary session,-0.005776927008227075
sud,-0.0057811704969375
language speech,-0.005785688088550769
david bolt,-0.005788396848065347
schroeder,-0.005793381948635837
_______________________________________________ uai,-0.0058138216253701405
new titles,-0.005825484436784009
case based,-0.0058255628061021835
exporter,-0.0058268889083693985
visa immediately,-0.00583818508458916
pywin32 bugs,-0.005841740475068245
buys epe,-0.005841816016515745
armin,-0.005879562681582656
focuses,-0.005894489520467178
david moreno,-0.005915859021249651
disconnected,-0.005945164265298967
upgraded,-0.005963296179714741
research institute,-0.005977190729965815
mapped,-0.005988949503256729
02 05,-0.006017771507440887
xml parser,-0.006020146538067972
management process,-0.006029441096235352
recursive,-0.0060729050786435855
08 22,-0.0060857112802534625
ontology,-0.006092783158842788
timestamp,-0.0060993748917017015
speech language,-0.006101591065747091
248,-0.006121474874285758
corp 1400,-0.006123929804045617
10 devel,-0.006129293771078774
decision trees,-0.006135868158648321
hope mail,-0.006137768872695604
offer buy,-0.006141500806407262
logos,-0.006142441144507582
idg connect,-0.006147750443733694
younger brother,-0.006148173111841591
pep 361,-0.0061547130112990164
dg,-0.006160122827254032
nigerian,-0.006174458651363643
morphological,-0.006176681725310678
coghlan email,-0.006182241596094263
250 ok,-0.006183454873816504
risk kind,-0.0061852666479125145
ago posted,-0.006186320533173961
08 07,-0.006192684695164372
email brisbane,-0.006193342638108985
15 year,-0.006215193274718112
able handle,-0.006222470786078444
smoothly,-0.006223416389462059
cheers nick,-0.006227190329745799
refuge,-0.006246495934174929
nick nick,-0.00625374344114462
college cork,-0.006259847873647783
nation,-0.0062793893747599624
forward hear,-0.0062862302477165065
purpose new,-0.006296632762964624
ons,-0.00633334574329349
cork ireland,-0.006335557919958341
voice mail,-0.006354771325903791
review appreciate,-0.006359770806895541
cer,-0.0063665774659643435
unify,-0.006389476362820284
ej,-0.006390394523610057
lee,-0.006417329708260003
ioerror,-0.006442749676735068
owen,-0.0064433239547248
year 24,-0.006459740423501365
iteration,-0.006469776572593742
m9,-0.006491663752670525
7361,-0.006494883753633412
rockies,-0.006504039278260433
release python,-0.0065080099741964895
coordination,-0.006522973691808386
00 02,-0.00652306269595527
number 7361,-0.006529901725258288
bayes lib,-0.006533686193145068
adding new,-0.006537862886747623
general chair,-0.006541222223389681
18 30,-0.006563864334744502
year express,-0.006566865617340427
portfolios,-0.006578761411479786
special sessions,-0.006585787193572774
backport,-0.0066014463642176625
20 11,-0.006604134805571424
ntfs,-0.006609374814970461
69 70,-0.0066269437137714245
prepositions,-0.006629753086887253
use distribution,-0.0066319531625068885
predication,-0.00664893087838114
a1,-0.006657570755043952
adjusting,-0.006675699235551726
sysv,-0.006687950614872094
sha1 thursday,-0.006692734124616263
sent friday,-0.006696300467585444
wed 27,-0.006706258414739465
dkim_policy_signsome,-0.006707126332946131
market price,-0.006710978716224424
backported,-0.006712130183943344
arrays,-0.006713294206030593
extended,-0.006734127020970485
apr 16,-0.006742292052594271
option pricing,-0.0067508892045175595
springer lncs,-0.0067604434482502595
duplicate,-0.006772271599272156
wed nov,-0.00678052292977951
bowen,-0.006785477460995524
archive list,-0.006799961506460237
american gas,-0.006800659036408394
transact,-0.006810452856793036
sbp,-0.006824874367311629
surprisingly,-0.006838653894954332
wrote tue,-0.0068466932260551954
3000 range,-0.006864785884890602
osama,-0.006866589639801366
neural networks,-0.006871334291419968
13 february,-0.006890445113493838
rental,-0.006897493468661941
pertaining,-0.006902022447148879
subject project,-0.00690867262835676
evaluate,-0.006926371580324595
multidisciplinary,-0.0069393316749570754
paper poster,-0.0069405338301028255
belief networks,-0.006946899593421304
google earth,-0.006950088077012275
number questions,-0.006950596502619062
number 0000,-0.006952142829023835
jg,-0.006962117527119189
isv,-0.00697692950372035
tok,-0.006993159791254832
invited talk,-0.0070071959576439476
lindy donoho,-0.007033233307544679
08 00,-0.007041598389343822
terry reedy,-0.007042941323161377
joe morris,-0.007053643855772677
lts,-0.007054519601101486
responsive,-0.0070598596876189105
houston visit,-0.007076744596014362
00 time,-0.007078883579962783
utils,-0.007088938352243018
regards nigel,-0.007092856484322542
works,-0.007098018341007834
30 th,-0.007112710060767335
m9 wrote,-0.007116664989417274
year ieee,-0.007135055149620985
gas price,-0.007148567687430255
encourage submissions,-0.007155218458418032
dsn status,-0.00715590002662611
lindberg lorraine,-0.007177019429634127
268,-0.007182631228226139
outside world,-0.0071838744992064
number sender,-0.007200164227021104
slides ll,-0.007202329729763137
rpc,-0.00720369917218982
belopolsky,-0.007207606610831752
09 23,-0.007213839274964099
spatio temporal,-0.007214948540473591
spatio,-0.007214948540473591
topics topics,-0.007235358350905982
university usa,-0.007235646671141016
constituent,-0.007238110003500101
xm,-0.007241253065511606
department finance,-0.007243799051284118
deposited bank,-0.007244094600148456
buffer protocol,-0.0072572263816929
gibner subject,-0.0072586528516527474
constants,-0.007278496402266468
pm david,-0.00729430439988262
appendix,-0.0072981426510277305
good time,-0.007298802428601543
subjective,-0.0072993059940993305
topics covered,-0.00729964068793552
15 54,-0.0072998795631559026
unbound,-0.007305964845644649
watches brands,-0.007348127450814653
workshop chairs,-0.00736222780475628
repay,-0.00736980696142344
blachman,-0.007375245896919503
opengl,-0.007380118378730369
kaminski stinson,-0.007384127193914023
qualitative,-0.007386678092612159
windows x64,-0.007391865615014141
related fields,-0.007416334363597867
practical applications,-0.007438935505045227
calc,-0.007444169012933744
interplay,-0.007456237923436221
northwest,-0.007462120724087006
shallow,-0.007465129280560854
04 26,-0.007511226290698641
savings url,-0.007539939110423705
constraint satisfaction,-0.0075487895279326015
officer americas,-0.007552665371847379
callback,-0.007566239053895487
kitchen chief,-0.007567500358701143
princeton university,-0.007583504328062683
smtpd_sasl_auth_enable yes,-0.007584640043176794
smtpd_sasl_auth_enable,-0.007584713249210877
3488 fax,-0.007589314495181335
646 2308,-0.007589314495181335
dave forster,-0.007592370812773018
denne,-0.007601595482532403
generalization,-0.00761723021094426
sizeof,-0.0076254805364607105
massachusetts institute,-0.007639605826952579
user agent,-0.00764652769444648
agencies,-0.007676441106183198
2140,-0.007687846564344682
payout,-0.007693967891049878
cross platform,-0.007699506413089107
marketpoint,-0.00771379804483851
pyobject,-0.007717227410335551
peer review,-0.0077225698627736835
return value,-0.007730531047589779
tomas,-0.007731099642393741
visual basic,-0.00773822718408576
break 16,-0.007738786275336781
66 94,-0.0077460726498860075
webb jay,-0.007747683061628983
sans,-0.007757029978418049
cork constraint,-0.00776612400577389
constraint computation,-0.00776612400577389
sat feb,-0.007766366682976731
users use,-0.007776078193149444
life used,-0.007783466306057261
myorigin,-0.007786098718012567
set meeting,-0.007816060678808918
cheap price,-0.0078164567428844
cent,-0.007858622578233658
pidgins,-0.007859946356578464
wanting make,-0.007870653033518464
12 21,-0.007879845207660411
easiest way,-0.007890992651417239
pavel,-0.007896281466797252
27 feb,-0.00791426244124554
bak,-0.007915206137099595
07 13,-0.007919337873958944
rulesrc,-0.00793418036119753
10 pm,-0.007945929531751612
windows systems,-0.007957534076025057
safe effects,-0.007963805834337047
computation centre,-0.007980459338026116
rolex swiss,-0.00798886840760522
08 15,-0.00799046090312898
workshop provide,-0.007995399389929873
werner,-0.007997003383296817
path original,-0.008005574657779714
business associates,-0.008008116520437678
94 237,-0.008023978441304345
enthusiastic,-0.008024638617739189
thailand,-0.008029243799767691
emc,-0.0080386481237857
new sourceforge,-0.00803896435709756
10 x86_64,-0.008039951713844069
fullest,-0.008052569224971603
dr dobb,-0.008101853933142517
dobb,-0.008101853933142517
ip 66,-0.008124342977332027
client feel,-0.008128548473624405
social networks,-0.008142629431482662
maturity,-0.008160866896666836
fixer,-0.008169841039452374
author address,-0.008181567374023976
active feb,-0.008189535181484237
form http,-0.008200928284461168
seeks,-0.008204408339261563
worthy,-0.008237591492809483
stsw,-0.00824417340004647
attack,-0.008250744352888563
thu 14,-0.008251554917119147
4096 feb,-0.00826213772880276
workshops held,-0.008265987925969137
enforcement,-0.008275695386361689
grp scd,-0.008286740931724865
66 218,-0.008287414261853159
staffs,-0.008291233390156584
maryland,-0.008307119313354677
kevin subject,-0.008315872545312158
23 feb,-0.008328276351235227
09 17,-0.008338157896901809
sum money,-0.008355959256882442
02 04,-0.008369910200772376
anaphora resolution,-0.008380575731137737
wording,-0.008381286322321074
implicitly,-0.008388551185007163
number text,-0.008395021221133456
browsing,-0.008397282750023754
right direction,-0.008400630552471151
ed uk,-0.008407167651716166
confirmed,-0.008416269062242888
visited,-0.008452730885453754
duselargefiles default,-0.008455675815858453
sunday 17,-0.008468470553648914
june 10,-0.00846938459736094
club,-0.008478843240630848
morgan lee,-0.00847935299914406
david subject,-0.008483847706509588
jonas,-0.008489010327559273
stdlib reorg,-0.008492017627162918
generalized,-0.008518726857607505
calculating,-0.00853852296580664
year important,-0.008544068057464159
blood pressure,-0.00855701462303815
deadline papers,-0.008564695528589794
support services,-0.008575020670340598
november 17,-0.008578339418377254
01 26,-0.00859141115882984
3108,-0.00861786772469398
pep 3108,-0.00861786772469398
user interfaces,-0.008629046313632685
3108 stdlib,-0.00867595348074931
reorg cleanup,-0.00867595348074931
standardization,-0.00867953053987637
daily news,-0.00868175687015254
iomega,-0.008683530480556196
work like,-0.008686411937633632
owned,-0.00869685258171195
169 09,-0.008699944950372185
receive recipient,-0.008700057395609006
papers year,-0.008715533150080022
trading desk,-0.00873247512479125
compilers,-0.008736395790883726
california irvine,-0.008744025514120934
kumar,-0.008749914695734507
corpus based,-0.008751539358443836
optimal,-0.00878962679537794
price 10,-0.008792699114255863
outcomes,-0.008806835420883554
validate information,-0.008810447881808209
university college,-0.008826214552533752
ctrl,-0.008827374207823934
monville,-0.008831589927342051
empirical,-0.008837381951758217
0100 jessen,-0.008867435114019941
file data,-0.008876272344715583
3k,-0.008878085595073642
edelweiss monville,-0.008881105849204794
won able,-0.008903567527751658
submission details,-0.008905644904222028
test result,-0.008917857075154533
drill,-0.00891821281839027
numerical,-0.008919779463787459
partner contact,-0.008926798110482257
data set,-0.008936918712056634
accomodation,-0.008940477085162095
disclosure strictly,-0.008945060783904273
distribution disclosure,-0.008945638027088513
31 20,-0.008960373947505765
york times,-0.008979289225075814
pvbm,-0.008979601485272149
material sole,-0.008985740057771655
0910,-0.009009644511408557
monville wrote,-0.00901283926041582
gods,-0.00901666415127555
recipient review,-0.009018548303918888
checker,-0.009041112264958389
dreamweaver,-0.0090517367275128
number stwbom,-0.00905462402907524
0910 google,-0.009075342369960729
simultaneous,-0.009083840598839923
going make,-0.009098413738879636
moore wrote,-0.009101365866094226
money paid,-0.009104305782743507
fuel,-0.009113540934271136
mailbox_command,-0.009117758001401691
mime version,-0.009119654680896932
instantly msn,-0.009139695481815313
express instantly,-0.009139695481815313
destroyed,-0.009142830135699354
men women,-0.009146047390693798
version spamassassin,-0.009166456687933106
daemon_directory,-0.009186145789356826
vv,-0.009197205832635998
july 13,-0.009201575654939512
artificial immune,-0.00920691574671319
daemon_directory usr,-0.00920830209045901
beenthere email,-0.009211185428582468
mailman version,-0.009211185428582468
beenthere,-0.009211185428582468
version precedence,-0.009211185428582468
email mailman,-0.00921261302333252
rob milnthorp,-0.009216715837616263
test line,-0.00923144750262564
40 10,-0.009233826091500252
thereof,-0.009237658960249405
manpage_directory usr,-0.009255817605548973
manpage_directory,-0.009255817605548973
checker version,-0.009268140279767505
spam checker,-0.009268140279767505
getattr,-0.009269130159169102
http pep,-0.00927130231383039
command_directory usr,-0.009277341086164844
command_directory,-0.009277341086164844
mail_owner,-0.009277503136683058
civil war,-0.009319452153205733
mailq_path,-0.009327847902791137
mailq_path usr,-0.009327847902791137
hn,-0.009333229672160298
647,-0.009354174926844244
47 0100,-0.009369951076549761
missing test,-0.00937120417634738
weaken,-0.009373561597467585
mark _______________________________________________,-0.009394821016323926
backwards compatibility,-0.009401408900274974
mail_owner postfix,-0.009402164614998916
82,-0.0094248647715338
energy marketing,-0.009433904987590344
ipp,-0.009451698116760809
university waikato,-0.00946198097098885
afx news,-0.009478270199125447
conventions,-0.009479540064453704
49 38,-0.009486655432028241
0a3,-0.009501284513634365
research expertise,-0.009507131918487056
sbin config_directory,-0.009514929429296524
waikato nz,-0.009525401871341684
rbl,-0.00954250252292795
review let,-0.009545054336480492
5174,-0.009558777785327065
applications invited,-0.009604669997514284
04 03,-0.009613209497337476
opposition party,-0.009651687187823436
proxy,-0.009653854285648467
heh,-0.009660880884394143
adam,-0.009665209099181279
risk year,-0.00966604829399447
important understand,-0.009677986194976384
business suggestion,-0.009692925057593348
process following,-0.009717526926022593
02 year,-0.009718423120069016
norine,-0.009759707905378452
bullet scd,-0.009762561431492255
immune systems,-0.009763871009030803
thanks message,-0.009771753717709815
check prices,-0.009783920157700536
convenient way,-0.009799337559215957
email phone,-0.009803386871439166
pyd,-0.009810623727058175
iraqi war,-0.009812440605767275
certain percentage,-0.009823364161714605
york uk,-0.009829163174892831
selected papers,-0.009835787131929534
ken rice,-0.009841394432051955
iterable,-0.009844454001169456
post doctoral,-0.00984964658535723
sam garcia,-0.009859353795816912
reduces,-0.00985978034999981
war client,-0.009860864021845906
absent,-0.009869274002914395
_______________________________________________ wekalist,-0.00986952556076098
tjg,-0.009891329311911367
mobile phone,-0.009897583718207216
relationship easily,-0.009904471629871804
inline,-0.009919370605222064
college dublin,-0.00992122529545789
account immediately,-0.009939508589110567
indicate willingness,-0.009953779854172607
64 838,-0.009970741829975137
url 64,-0.009973775468780872
fax machine,-0.009980230194581084
potter,-0.009982068887606929
direction,-0.009982309949657943
4466 ext,-0.009994419904881872
ext 5174,-0.009994419904881872
838 4466,-0.009994419904881872
4466,-0.009994419904881872
questions let,-0.00999791368790888
submission extended,-0.010006180226839134
corporation mr,-0.01000628629142834
just email,-0.010013514690992674
sce,-0.010023691219898021
marginal cost,-0.010027573263025585
ted murphy,-0.010032589562237456
indirect,-0.01003514805574368
5174 email,-0.010046933342656323
10 06,-0.010055141268064699
saturday year,-0.010059166472725327
14 95,-0.010059587749485217
ubiquitous,-0.010069595806897657
life today,-0.010075437214819388
d_file_offset_bits 64,-0.010088368701021816
d_file_offset_bits,-0.010088368701021816
d_largefile_source d_file_offset_bits,-0.01011437206626271
17 20,-0.010114800900545902
proto esmtp,-0.010127198126043896
optimize o2,-0.01013260940704952
refereed,-0.010135274540618773
zlib,-0.010137994377006522
semantically,-0.01014322052279644
benchmarking,-0.01014369530395647
tjg _______________________________________________,-0.010151676846847132
event time,-0.010155211856140656
year javaone,-0.010170275252219987
clarity ll,-0.010170699936121484
03 28,-0.010171721537681104
messages douglas,-0.010175726094138393
scored,-0.01018194267450485
messages hector,-0.010185212977054946
path join,-0.010186313821070063
year research,-0.010189571648813102
sent saturday,-0.010205573394935438
nrcpt queue,-0.010237861108369172
queue active,-0.010237861108369172
data available,-0.010259668202866432
highest level,-0.010298868904322054
d_largefile_source,-0.010341790219897833
bull,-0.010343906820313456
127 feb,-0.010354286289805177
wekalist weka,-0.010359418239131616
carlos begin,-0.010374717225043347
tim golden,-0.010376876492860041
url workshop,-0.010380752332378715
deadline february,-0.010417184878579674
link copy,-0.010417192992078867
include d_largefile_source,-0.010421058141099889
lifting,-0.010423747310651791
following topics,-0.0104243846872822
written python,-0.01043497443545194
comcast,-0.010437146041057374
program chairs,-0.010465879687285058
university chicago,-0.010489236002503967
julius,-0.010504522465962444
09 55,-0.0105099488732465
11 50,-0.010512328363218585
nag,-0.010518925378471308
local bank,-0.01051910305258076
iain,-0.010521747604716797
instructed,-0.010527613766311053
affaires,-0.010532212125152762
nov 16,-0.010550735129803437
uninstall,-0.010570198461692003
scd,-0.010583419749016127
d_reentrant,-0.010602086101354062
studies university,-0.010602505075186768
preface,-0.010611300333606438
listdir,-0.010622813432123398
probably need,-0.010623616140659188
bob shults,-0.010629750658383444
important business,-0.010640911299464144
brett favre,-0.010647719085081596
scd yahoo,-0.010665703550790008
99 save,-0.01067709630471114
category draws,-0.010687378110835267
saffioti,-0.010693696172784366
carmelo saffioti,-0.010693696172784366
expires midnight,-0.010694710725384535
outstanding,-0.010695212426280869
risk analysis,-0.010707788938198296
expences,-0.010720240427942649
clamd,-0.010722054315377209
year held,-0.010722951954958355
nrcpt,-0.010728698053653177
methodological,-0.010766355702290085
need use,-0.010770071247253753
teresa,-0.010786263763327749
abel,-0.010806139709293632
url google,-0.010812794230509916
submission instructions,-0.010826699102832965
mz,-0.010850801812376614
dilemma,-0.010853656984020592
language information,-0.010867035127784547
wdeclaration,-0.01087117422006271
wdeclaration statement,-0.01087117422006271
corman,-0.010884369467188324
incident,-0.010890606506979018
assured transaction,-0.010894703380968988
rafik,-0.01089587738539982
half day,-0.010898230473020389
harmful,-0.010902491612869644
wrapped,-0.010913243931246765
tell friends,-0.01094172585249227
list id,-0.010941862298184665
metric,-0.01098209719235557
isinstance,-0.011034345240969407
ip 127,-0.011052152890269657
donoho,-0.011084894337628076
3393,-0.011096373406362258
halt,-0.011113979390836661
dirt,-0.011128952085503135
ugh,-0.011133023772220647
javadoc,-0.011138617275865487
polarity,-0.011139184947469943
127 rdns,-0.011167438426283982
18 17,-0.01116869709174225
solid,-0.01117970090194943
646 3393,-0.011193075956279224
berlin germany,-0.011193617217873616
riley wong,-0.011195730935870143
decision theory,-0.011206538547193562
10 17,-0.011224513049250782
code account,-0.011228352533555674
hour 17,-0.011238558470777092
message kitchen,-0.011261614212801873
krapels,-0.011287472121782329
db_static,-0.011291956681130852
optimisation,-0.011300901536968293
best papers,-0.011320743987077648
oleg broytmann,-0.01134050096488702
broytmann,-0.01134050096488702
bod,-0.011353497067575031
benin republic,-0.011373803169140653
dd,-0.011380184800689981
ready ship,-0.011381404996761586
qmgr,-0.011434558305076406
greatly appreciate,-0.0114422240970482
did want,-0.011459143122838642
merchandise,-0.011459802385301266
researched,-0.011488406029160812
latin1,-0.011518058839718423
crisis,-0.011549524497482783
harry david,-0.01155004615915644
test lib,-0.011564928563078277
year employee,-0.011569934945174203
glob,-0.011573375992375573
nicta,-0.011577659190384646
tds,-0.011588951785850945
eugenio perez,-0.011591573454677363
mark market,-0.011600058854196647
wp,-0.011627625835279187
esa,-0.011631527785493262
end file,-0.011632795199858433
soa world,-0.011649520613985092
misused use,-0.011650508594606106
vpn,-0.011661197624267488
list post,-0.011675230020428449
sqlite,-0.011676585800553566
today notice,-0.011686188032693789
ijcai,-0.01168871509778008
14 13,-0.011698608210167239
balls,-0.01170265984415171
mary cook,-0.011717094101853748
risks associated,-0.011718203762608617
importerror,-0.011736884817801243
fitzpatrick amy,-0.011744597953711673
reutemann dept,-0.01174610038251296
year pr,-0.01176406782938729
open problems,-0.011802053231810161
reutemann subject,-0.011804989224382627
resolved resolution,-0.01181483309554302
intelligent systems,-0.0118243300861346
list help,-0.011837034863996693
postfix qmgr,-0.01183843407232165
load_const,-0.011847579591071465
analytical,-0.011862152349908959
protest,-0.011868835675844147
release manager,-0.011869300571076708
perl_sv_2pv_flags libperl,-0.011873386578379023
use instead,-0.011879655358273076
resolution fixed,-0.011883663485891665
client thanks,-0.011887916345813727
34 year,-0.011892584009305079
america corp,-0.011907295510071475
pepper,-0.011933370377005635
formalisms,-0.011940487598924307
need run,-0.011946001150219977
bug fixes,-0.011973632126953735
regular papers,-0.011986094808809728
number feb,-0.011987809538796778
precedence list,-0.01199432696905579
help list,-0.01199884699194598
module named,-0.012021364167071903
bin perl5,-0.012023521656740987
new resolved,-0.01202651872054189
purposes,-0.012035712723944126
xc,-0.012051520945296816
california power,-0.012060716732110151
usa update,-0.0120626148911532
energy market,-0.012063130325426446
supply chain,-0.0120671139943039
home fax,-0.012067630643661308
day job,-0.012111414506286094
systems applications,-0.012118204722000146
tycholiz,-0.01212909658281409
03 08,-0.0121291963069275
list subscribe,-0.012136995498068116
confident,-0.01214320905753424
influences,-0.01214959555584367
magee,-0.012154910949658624
energy operations,-0.01216197853480336
pos,-0.012181119789255625
marketer,-0.01218136084958406
usr ccs,-0.01218777550485901
webcast podcast,-0.012196834151408254
1300 peter,-0.012209677127320849
test set,-0.012221230823716006
originator,-0.01223856579000833
instruments,-0.01224439010727086
bc hydro,-0.012256286471250516
06 15,-0.012270718836714139
853 5290,-0.012281827986768731
diana,-0.012297050141243748
year following,-0.012307222905615258
traffic,-0.012314020410605416
applied number,-0.01232181439691205
95 save,-0.01232277970610779
javaone,-0.012325246069881427
systems knowledge,-0.01232861243813822
cis,-0.012329990344316599
tmp static,-0.012351846958209269
hutter,-0.012353351334427906
donovan,-0.012366760452637189
afx,-0.012369227036970779
anshuman,-0.012371156474696093
vince thanks,-0.012372689292537261
terms service,-0.012374867858823604
importerror module,-0.01239022544973762
27 02,-0.01239090476203864
08 28,-0.01239473133427713
computer sciences,-0.012398897872412369
commencing,-0.012413836551203317
time essence,-0.012425990253601629
handy,-0.012436757925691317
18,-0.012437500864877379
mail postfix,-0.012442823005320128
message reply,-0.01245116536834368
administrative coordinator,-0.012465352321583325
need clients,-0.01247190643457045
jvm,-0.012481628936207433
company money,-0.012484179336556586
britain,-0.012489003996180102
hash aliases,-0.012495066637634115
update billing,-0.012521713659997975
market risk,-0.012532468234150091
reserved view,-0.012542631520162861
environment variable,-0.012563070861741524
milnthorp rob,-0.0125632994342211
16 feb,-0.01257298150112749
development phase,-0.012573638936082113
mx aol,-0.012576834740766454
crenshaw administrative,-0.01258211362336083
urgent need,-0.012582160813873011
weekly status,-0.012582737388040223
june 21,-0.012583388140093679
errors email,-0.012593805219669683
effective date,-0.012607175595680387
belief revision,-0.012626829958252114
attribute selection,-0.012639032204252524
beta,-0.012651043858420629
company able,-0.012659347085954634
nichols,-0.012661411005764813
drwxr xr,-0.012667029300746258
drwxr,-0.012667029300746258
young researchers,-0.012675436006053226
university cambridge,-0.0126983931194555
pasted,-0.012712014829272401
jefferson,-0.012724862982219032
robotic,-0.012759298466301411
error traceback,-0.012759709484401006
routers,-0.012771425411810432
aim workshop,-0.012775754433413843
dialogue systems,-0.0128003152012464
thread multi,-0.012809255839806633
853 3488,-0.012826717069720342
3488,-0.012826717069720342
fri oct,-0.012830734324558132
100 use,-0.012842297140053562
tycholiz barry,-0.012875534535674039
luncheon,-0.012877814967425613
wilson,-0.012922548868848475
xorg,-0.012941341518821894
javaone sm,-0.012945077559657993
sm conference,-0.012945077559657993
relevance theory,-0.012947026277552452
institute informatics,-0.012952661096438296
ward,-0.012959909965815902
missed,-0.012972602454487659
qpsmtpd,-0.012975772357629157
libperl sv,-0.012990603065430022
creoles,-0.012997744107820234
simultaneously,-0.01300692736212783
filehandle,-0.013022806821011923
disk partition,-0.013058312933567788
uai year,-0.013062066697950016
__init__ pyc,-0.013063327393366414
august 15,-0.013085162197791708
clark wrote,-0.013093954024215563
structured data,-0.013099260167976592
tuesday 12,-0.013102356290385853
handbook,-0.01311696437243619
howard,-0.013125159649815105
weka filters,-0.013139874138626951
tennessee,-0.013143644813030467
08 21,-0.013148624762724716
service 10,-0.013151203333593115
flores,-0.013167040631801305
riley garcia,-0.013178219282219603
import win32com,-0.013181247464735034
spam level,-0.013193166462090197
seeker,-0.013215950310481178
bisc,-0.013221214860391978
69 55,-0.013222073106408664
plotting,-0.013222178774667904
232 243,-0.013222569664695422
55 232,-0.013222569664695422
xorg conf,-0.013226769409947263
slated,-0.013256798265773627
named addressee,-0.013257739614479104
martin _______________________________________________,-0.0132783933256885
sexual intercourse,-0.013280617135833757
precedence bulk,-0.013296771023331998
print print,-0.01330794614269617
wrote wed,-0.01332370393745618
132,-0.013324344174445314
925,-0.013337991793532244
susan,-0.013345781114071214
christine stokes,-0.013364485751179987
file systems,-0.013420470350287041
distutils,-0.013425229811223528
philosophical,-0.013441838037047831
vii,-0.013445630419844888
tokenization,-0.01344888944285621
visit houston,-0.013451440303728647
options py2exe,-0.01345442820761036
world wide,-0.013468797123712439
technical university,-0.013497531852239083
people having,-0.01349877370199391
clock,-0.013504172416080408
soft computing,-0.01350438506847621
flush,-0.01350495113443781
coordinator research,-0.01351668816326569
roberts,-0.013519194039574545
topics include,-0.013534682677893373
trail,-0.013541810764018704
22 february,-0.013544610978258697
abandoned,-0.013552903707917717
mother,-0.013574043975109232
marital status,-0.013599057827264024
official language,-0.013617843928003628
xx,-0.013621806654390528
protective,-0.01362529897929966
respects,-0.013635360841632228
letter,-0.013645214404970674
politics,-0.013648645170804967
url python,-0.01365092645086441
hour 23,-0.013650955289320936
substantive,-0.013652909416161157
like provide,-0.013652940969927196
taking time,-0.013653058029511844
anvil,-0.013655769362877638
stanford university,-0.013665260107063495
say want,-0.013665658175218365
36 37,-0.013666750062340633
men url,-0.013696503044926495
nested,-0.013711620051751071
bundle_files,-0.01372174949367405
text tokenization,-0.013725843168718572
considerable,-0.013741908539811712
dsi,-0.013759512535427818
content type,-0.013769274917925595
kdawson tuesday,-0.01378376547795229
highlight,-0.013785582803956975
assist making,-0.013790810382775806
advised,-0.013800023975758295
culver,-0.013817072550774755
mailboxes,-0.01382414225048213
summary thanks,-0.013845979828589683
financial engineering,-0.013846402763000788
b1 postfix,-0.013849693274307961
revision version,-0.013864066394554087
number 16,-0.013865920234851975
watches today,-0.01387124553289918
resolutions,-0.013891003354732354
18 08,-0.013896112787290428
eastern,-0.013917724752060044
predicates,-0.013922114945214153
kevin sweeney,-0.013928916168122307
16 08,-0.013935428695164315
assistant professor,-0.013950100568659212
chief executive,-0.013957138752077554
perl5 revision,-0.013968030622539597
rakesh,-0.013968493413844794
review thanks,-0.013984713050140879
astonishing,-0.013985088498859264
respect need,-0.014003048198522458
linux thread,-0.01402026405858388
config_args,-0.014031866788821791
agent based,-0.014049242511006957
usesocks,-0.014053933051040864
usesocks undef,-0.014053933051040864
usemultiplicity,-0.014053933051040864
uselargefiles,-0.014053933051040864
use64bitint,-0.014053933051040864
undef use64bitint,-0.014053933051040864
undef uselargefiles,-0.014053933051040864
queue_directory,-0.014057150183676984
kx,-0.014069614650443983
define d_sfio,-0.014075543242921604
useperlio define,-0.014075543242921604
uselongdouble undef,-0.014075824568338904
nvsize,-0.014077540164282136
sanders,-0.014087060678805195
uselargefiles define,-0.01409760961930638
define usesocks,-0.01409760961930638
usemymalloc bincompat5005,-0.014097698937274703
bincompat5005 undef,-0.014097698937274703
undef usemymalloc,-0.014097698937274703
bincompat5005,-0.014097698937274703
ccversion gccversion,-0.014118569560580522
ivsize,-0.014121372510713744
ivtype long,-0.014121581064744154
ivtype,-0.014121581064744154
gccosandvers,-0.014121638722652733
ccversion,-0.014121638722652733
double nvsize,-0.014121688945711867
nvtype double,-0.014121688945711867
nvtype,-0.014121703621300717
6a1,-0.01412598207373202
07 11,-0.01413639900453435
brochures,-0.01414304083553721
long ivsize,-0.014144079147033152
ivsize nvtype,-0.014144079147033152
nvsize off_t,-0.014144079147033152
lseeksize,-0.014144079147033152
lseeksize alignbytes,-0.014144079147033152
doublesize byteorder,-0.014144079147033152
flaw,-0.014149914374412422
alignbytes prototype,-0.014166787512957106
perllibs,-0.014166913166932278
file names,-0.014168812640103277
overload called,-0.014170507767568225
observed,-0.014175434895556728
off_t off_t,-0.014190150838733456
off_t lseeksize,-0.014190150838733456
gnulibc_version,-0.014213265778432842
setgid_group,-0.014223758676033451
budget planning,-0.01423115666861833
gnulibc_version dynamic,-0.014236917405122663
large data,-0.014259807353666797
paper submissions,-0.014287195023526458
bn,-0.014292382241207003
nov 06,-0.01429475368508341
perl_sv_2pv_flags,-0.014299619351505428
structural,-0.01430387862681897
34 21,-0.014326668069981906
recalled,-0.014339137615014728
related areas,-0.014349273586069442
svc,-0.014358076101500316
hillier,-0.014367136450734749
thanks original,-0.01437785539178955
price nlg,-0.014393090979133355
sendmail_path usr,-0.014411310097019717
sendmail_path,-0.014411310097019717
gccosandvers intsize,-0.01441193446590903
queue_directory var,-0.014414102375788867
25 30,-0.014424651492755448
i686 linux,-0.014434743840488812
libperl gnulibc_version,-0.014435341322613687
wrote mon,-0.014437424844763895
newaliases_path usr,-0.014453269736514535
newaliases_path,-0.014453269736514535
chris foster,-0.014458175298681182
interference,-0.014463118989586146
electronic submission,-0.014472817140960907
504,-0.014476722974353033
critical success,-0.014478291283376956
precomp,-0.014479055387106768
cpp precomp,-0.014479055387106768
time sat,-0.014483888695362959
kluwer,-0.0144907600361114
eighteen,-0.014492716283526918
function perl_sv_2pv_flags,-0.014495477394172578
sv text,-0.014495477394172578
cidr,-0.014496808874516012
reputation,-0.014534461863325408
linux gnu,-0.014547844324220214
wouldn want,-0.01455873555748043
720,-0.014576046989922532
aij,-0.014587326476959081
dperl_darwin,-0.014594402663990666
common dperl_darwin,-0.014594402663990666
fno common,-0.014594402663990666
dperl_darwin cpp,-0.014594402663990666
include ccversion,-0.014615163498723013
use64bitall undef,-0.014615301625107702
undef uselongdouble,-0.014615301625107702
29 th,-0.014617176672593924
california capacity,-0.0146186385511863
chevron,-0.014621927501616835
level spam,-0.014649642310544626
precomp fno,-0.014656535069361102
löwis,-0.014658836569221149
date posted,-0.014660696257124376
iterations,-0.014660960668247146
magnus,-0.014662800250985649
postfix readme_directory,-0.014672010543466606
sample_directory,-0.014672667840007841
martin löwis,-0.014676472805717608
papers papers,-0.014688127816678791
version subversion,-0.01468894920811184
thanks applied,-0.014692635250436127
ceo,-0.01470017501864409
self self,-0.014710738985031172
gray davis,-0.014717911519236656
pythonwin,-0.014721328411167781
delsp,-0.014732890312502977
set forth,-0.014735978975077208
mwh epmi,-0.014742626897772485
ambient intelligence,-0.01474794734398951
press year,-0.014767685011322777
mas,-0.014784108148878951
spare,-0.014789046929655832
im,-0.014790474699797213
07 07,-0.014794619488844328
lc perllibs,-0.014795595747618562
delsp yes,-0.01479839681579687
employee meeting,-0.01480688396524855
rossum wrote,-0.014811854028898515
fpic lddlflags,-0.014834095599194555
check_client_access,-0.014879463207481682
mysql postfix,-0.014884282421919961
operations research,-0.014891851652003905
undef use64bitall,-0.014900987569382771
use64bitint undef,-0.014900987569382771
use5005threads,-0.014918555580913595
use5005threads undef,-0.014918555580913595
undef useithreads,-0.014918555580913595
workshop program,-0.014962072242204541
91 92,-0.014975398592728962
posted kdawson,-0.014998576263818965
kdawson,-0.014998576263818965
imap server,-0.015003038775832993
lddlflags shared,-0.015017859625921705
write proposal,-0.015027880545781388
data streams,-0.015029369293906318
computationally,-0.015034287648568226
small number,-0.015035443765258547
03 23,-0.015057814398801427
unknown_local_recipient_reject_code,-0.015068189764062571
wrote dear,-0.015076058005635468
byteorder 1234,-0.015077957085106047
submitted electronically,-0.015083179595483744
xi,-0.015096680839457957
management tools,-0.015101512910772346
development company,-0.015105256792602216
mydestination myhostname,-0.015106607905204074
bin bash,-0.015116544696256708
190,-0.015124321550619907
zdnet,-0.015138095287158393
detailed information,-0.015156723273998586
1234 d_longlong,-0.015159656058581326
cross postings,-0.015161291144667619
sufficiently,-0.015162094403653431
jython,-0.01517887531667593
university singapore,-0.015184467077238435
compiler ccflags,-0.015209959662828601
__end__,-0.01521256193693152
xfce,-0.015215258993858035
os linux,-0.015216244074894707
break 10,-0.015227634168977785
specifying,-0.015245522368213778
news group,-0.015252564331933388
alpha releases,-0.015255727513519253
language use,-0.015282287729982903
zach,-0.015291947857256469
henry hub,-0.01529539758077224
slightly different,-0.015311217211846405
religion,-0.01532121271951539
attn president,-0.015337651969595354
virtual machine,-0.015339054930766446
looks good,-0.015345491932279394
opensuse true,-0.01535991665816511
true news,-0.01535991665816511
thoughts feel,-0.015360854552634414
announcing fedora,-0.015362869720240476
systems url,-0.015369633327586193
compress,-0.015397373337693488
angeles times,-0.015402889146787052
released year,-0.015487543871021761
05 10,-0.015514636477458788
491,-0.015519830161395458
dublin eircom,-0.015530852797993733
kenneth lay,-0.015538565186907258
wisconsin,-0.015544765913483138
39 year,-0.015561347660153884
url papers,-0.015574655874302235
nacional,-0.015575052483589431
teacher education,-0.015613135806390357
alias_maps,-0.015616659121721015
theo,-0.015619074753254868
ssp discovery,-0.015650160822525207
record publishing,-0.01565222410199954
overhead ssp,-0.015652503143417963
david sent,-0.015653264454272196
hour 11,-0.015660601778597398
ironpython,-0.01567533459575719
02 06,-0.015680569895849768
html_directory,-0.015688051316500348
powers,-0.01569187830238009
reduce dns,-0.015695785450933728
dns overhead,-0.015695785450933728
gz url,-0.015698442955441164
hour 18,-0.015725420594427053
open,-0.01572602789759073
types function,-0.015729147913206773
failed default,-0.015734491652576215
regards shirley,-0.015742221578325038
paper presentation,-0.015743618406194346
alphas,-0.015752300792351365
localdomain 127,-0.015754018951955367
help understand,-0.015765217141728734
wasting,-0.015767232167485577
lnai,-0.015768704630497503
winston,-0.015796935917924252
09 11,-0.015797273079175587
new century,-0.015801464274405503
installations,-0.015802080150072145
time trading,-0.015814342575432853
best martinez,-0.015823050767252253
workshop web,-0.015840683770105675
sbin,-0.01585267756706042
inet_interfaces,-0.015855849938189972
05 03,-0.01586706700981829
planning hi,-0.015878943029269923
23 08,-0.015880516282620747
filenames,-0.015896278966379268
alias_maps hash,-0.015903686351973742
opt local,-0.015923256160222447
pierce,-0.01593245478806278
contemporary,-0.01595479586150004
recovered,-0.015961007836665764
helo xent,-0.015972863634310094
rdns xent,-0.015972863634310094
1547 ssp,-0.01597851344294938
40 lib,-0.01600241032324952
exit status,-0.01600588158944985
remotely,-0.016011480484988877
pythonpath,-0.016012290548200345
notional value,-0.016014021318089836
usr sbin,-0.016030625644822393
theorem,-0.016054245378380246
deck ll,-0.016081648040135985
send tuxonice,-0.016083687114378107
contents tuxonice,-0.016083687114378107
mandateto,-0.016084234298413137
publishing mandateto,-0.016084234298413137
mandateto reduce,-0.016084234298413137
detectfraudulent,-0.016084314499868364
discovery detectfraudulent,-0.016084314499868364
detectfraudulent messages,-0.016084314499868364
reports leading,-0.016104286615191414
community url,-0.0161117982381736
vol 36,-0.016115600310600907
36 issue,-0.016115600310600907
10 pages,-0.016125674055698525
original papers,-0.016129621109049558
config_directory postfix,-0.016139609795735817
throws,-0.01614198544289896
812,-0.01614827964913365
crashing,-0.0161487723934016
end line,-0.016169369661895482
spent time,-0.016180393571440497
byteorder,-0.01620516327721921
today community,-0.016209111373301045
podcast provides,-0.01620935665582149
leading news,-0.016211283216050417
mar 19,-0.016225116647754816
florian,-0.016231323401439384
daily podcast,-0.016258109986278423
world enterprise,-0.016258545969171676
features shape,-0.016258545969171676
lorraine lindberg,-0.016276469305396477
times 10,-0.01627911442720219
summit,-0.01627992897054556
27 01,-0.016280152100406984
aggregation,-0.016290872443572177
discovery data,-0.016291614971776877
lotfi zadeh,-0.016324952745417114
chris abel,-0.01633012280741622
spectacular,-0.016338418354382586
welcome submissions,-0.01634800229518339
heimes wrote,-0.016349231615292503
section appreciate,-0.01635730249618154
facto,-0.016364384388260992
schmitt,-0.016368336839730022
itc,-0.016375984282285237
sender does,-0.016378970843304846
summary perl5,-0.016392579364862988
twente,-0.016399076766777845
program chair,-0.016424682060698824
topics related,-0.016425143926277235
melbourne,-0.01643479772176981
slashdot daily,-0.0164473818302041
awl bayes_00,-0.01646187878973672
linker,-0.016464792217508142
hi like,-0.016475527085239017
gabor,-0.016502994965443437
osvers,-0.016503461426549355
marketing trading,-0.016506382754265244
lingual,-0.016527739238588777
mentioning,-0.016528850335419176
mcgregor,-0.01652911850596984
txt locate,-0.01653045427705157
en_us,-0.016556334771232254
bob hall,-0.016557668491232178
url slashdot,-0.016565920422910406
confidential legally,-0.016566964074817624
outdoor,-0.016570897199039203
configuration platform,-0.016571434932582344
02 14,-0.016577220123138676
sales department,-0.01658067893440383
application areas,-0.01658111139148561
cash position,-0.01658178105635119
com latest,-0.016582798748945842
platform osname,-0.01659458994514079
archname,-0.01659463973369207
osname,-0.01659463973369207
ccflags,-0.01659786528411028
daily newsletter,-0.0166038622056831
slashdot stories,-0.0166038622056831
11 29,-0.016611611215777408
money long,-0.016613863852158708
florian strunk,-0.016641789211126662
strunk,-0.016641789211126662
d_sigaction,-0.016643479738074653
true d_sigaction,-0.016643479738074653
useposix,-0.016643479738074653
useposix true,-0.016643479738074653
sun,-0.01665081083986057
houston texas,-0.016658181255050555
think work,-0.016660431309211052
use cases,-0.016664669447244065
complained,-0.016679486899472823
instead just,-0.01667952539965802
usemymalloc,-0.016690336128872094
d_sfio,-0.016691570756444386
d_sfio undef,-0.016691570756444386
test suite,-0.01669282773562133
hint recommended,-0.016692925160493175
recommended useposix,-0.016692925160493175
d_sigaction define,-0.016716313511686703
extracting,-0.01671646448365297
longsize ptrsize,-0.01671809260234426
ptrsize,-0.01671809260234426
longsize,-0.01671809260234426
drafted,-0.016735521355224887
version perl,-0.016736587944991513
unaware,-0.016742552519734107
undef compiler,-0.016742636296323013
gccversion,-0.016742688617638335
59 pm,-0.016760236320718765
ptrsize doublesize,-0.016767758720241558
doublesize,-0.016767758720241558
intsize longsize,-0.016767758720241558
cppflags,-0.016767758720241558
d_longdbl define,-0.016767816201107226
define longdblsize,-0.016767816201107226
longdblsize,-0.016767823117552635
d_longdbl,-0.016767823117552635
connectivity,-0.016770513881852772
replica rolex,-0.016784515525312165
d_longlong,-0.0167930658292925
libraries ld,-0.0167930658292925
longlongsize d_longdbl,-0.0167930658292925
libpth,-0.0167930658292925
define linker,-0.0167930658292925
linker libraries,-0.0167930658292925
longlongsize,-0.0167930658292925
alignbytes,-0.0167930658292925
prototype define,-0.0167930658292925
ldflags,-0.016793126917645965
09 14,-0.016796739561330994
rohan,-0.0168030484444109
jon rohan,-0.0168030484444109
unstable,-0.01680785668729966
want use,-0.016814513668092317
money invested,-0.016818759610268526
ccdlflags,-0.016818782773057758
d_dlsymun,-0.016818782773057758
dynamic linking,-0.016818782773057758
d_dlsymun undef,-0.016818782773057758
cccdlflags,-0.016818782773057758
undef ccdlflags,-0.016818782773057758
linking dlsrc,-0.016818782773057758
dlsrc,-0.016818782773057758
lddlflags,-0.016818782773057758
xs dlext,-0.016818782773057758
dlext,-0.016818782773057758
jail,-0.016839672295282677
attached review,-0.01684137459409963
useshrplib,-0.01684473739123745
d_longlong define,-0.01684491953344456
define longlongsize,-0.01684491953344456
cotton,-0.016862473345355206
libperl libperl,-0.016871357262717927
100 safe,-0.016878563326477337
university twente,-0.016885782788027697
dlsrc dl_dlopen,-0.016890475871003004
dl_dlopen xs,-0.016890475871003004
dl_dlopen,-0.016890475871003004
boumans wrote,-0.016895905229333468
lib libpth,-0.016899141456641637
middleware,-0.016903124982616164
libpth usr,-0.016924920946800676
hall bob,-0.01693130300787699
wrote greetings,-0.016960297199985756
alphas wednesday,-0.01696796480686864
weaknesses,-0.016996131914943872
reminder alphas,-0.017005642432903815
relevant documents,-0.017026135883391393
waikato,-0.01703429893124477
email microsoft,-0.01704674574218772
electronically,-0.01706436016004467
lib libs,-0.017066262481204852
01 57,-0.017082325639163114
uai papers,-0.017090554033573135
suspend2,-0.017091155101979023
crenshaw com,-0.01709626992198149
lncs lnai,-0.017109580635665353
python windows,-0.017114271907796127
click following,-0.017116005999089298
end message,-0.017135595631826466
embassy,-0.017136564275732468
urgent notice,-0.017140035608139682
__future__ import,-0.017141747912149577
12 february,-0.01716095900842084
energy service,-0.01717690020956862
bioinformatics,-0.01721956556475737
dprefix,-0.017251240478526452
suspend2 users,-0.017259115948026066
users doesn,-0.017267233346974685
hop,-0.01727340122849826
prime minister,-0.01727799416426635
multi lingual,-0.017299601211466314
000 words,-0.017322039533319292
programming language,-0.01732756469139138
18 18,-0.017328057441994577
mesa,-0.017332207411964957
needing,-0.01733644869559624
wrote friday,-0.017344526292943724
cornell university,-0.01735115991520402
subversion configuration,-0.017360658083272015
flex,-0.017364448258898612
signify,-0.017380616677659156
cheers carlos,-0.017381768648850392
judith,-0.017386975618331055
sb_imapfilter,-0.01739225741853348
ai techniques,-0.017400075370145818
004,-0.017454792633039923
conference chair,-0.017474745630586
brett _______________________________________________,-0.017495170537815234
social choice,-0.017516166153964452
wholesale power,-0.017530389275316537
technique,-0.01754339986857219
channels,-0.01754487677216906
sb_imapfilter py,-0.017552262188713717
08 feb,-0.017553750724657518
exactly shown,-0.01756303695294153
pm christian,-0.017574410097595028
information required,-0.017591193877241097
qfs,-0.01759625643728008
dlext d_dlsymun,-0.017611508447061094
libc useshrplib,-0.017611508447061094
formatting guidelines,-0.017634903960128002
money year,-0.017656627104857745
lc libc,-0.017666809623896253
30 10,-0.017667810106998725
decrease,-0.01768227458200451
unused,-0.017718317801950843
distutils core,-0.017719400308047573
hills,-0.01772371931537277
define usethreads,-0.017726628310051635
credits,-0.017727657710235482
providence,-0.017730613074828254
price 49,-0.017741993448653612
kitchen louise,-0.017746395033731037
18 year,-0.01776204148917315
dollars paid,-0.017764301478579964
nexaweb,-0.017785371365703222
02 28,-0.017789720814087216
sql server,-0.017820076486456966
hibernate,-0.017829855332272795
sam wong,-0.017840268454422516
wallclock,-0.017861668402211837
enronxgate 04,-0.01786686802337093
12 22,-0.017872780760878493
crt,-0.017912812886456457
wallclock secs,-0.017928622617054576
fixers,-0.017957728508122415
harvard university,-0.017959774974842805
core import,-0.01796055684794038
dominated,-0.01800361555189481
ival,-0.01801753706175061
year vince,-0.01802342928992642
carolyn,-0.018030518385586378
aside,-0.01803586980842657
db 20,-0.01804384677642171
10 mx1,-0.018066125598709015
shop,-0.01807243353625788
multipart alternative,-0.0180867417033708
ipc open3,-0.018088360974155532
action case,-0.018091539987099454
open3,-0.018092702389192816
import py2exe,-0.018095853408235812
import setup,-0.01809601813343484
carmelo,-0.018105533158641114
emulation,-0.01811600407485888
hon,-0.018135709410668235
analysis data,-0.018137458400102995
beth apollo,-0.018139769240886967
hp ux,-0.018143451603895182
nurses,-0.018149166545851168
computer scientists,-0.018155046073313807
setup import,-0.018165062782715694
simple like,-0.018188691381755218
utrecht,-0.018193283452204664
web builder,-0.018204035337702682
abrahams,-0.018208119090839015
libc,-0.018210893835767742
operating,-0.01823499525412377
injection,-0.018247823354797747
undef useperlio,-0.01825442481582725
species,-0.018259634289569365
ccdlflags cccdlflags,-0.01826116448024551
issue journal,-0.01826415278919178
comments appreciate,-0.01827670196470708
invited talks,-0.018304985106743388
python python,-0.018309630840532415
unable attend,-0.018311895879602472
vcproj,-0.018313467647372534
treaty,-0.018327609605349373
useshrplib false,-0.018330473459504358
false libperl,-0.018330473459504358
size_t,-0.018332335444274764
jinbaek,-0.01833940928202548
pybytes,-0.01835138949068804
deadline july,-0.018377018936193618
don recall,-0.018386162917567804
ve checked,-0.01838673309201005
visibility,-0.01838890897103996
burden,-0.018398730202665185
plan attend,-0.01840430052390591
longdblsize 12,-0.018427173132947682
e1,-0.018433803939287854
university edinburgh,-0.018433990627198953
shorter,-0.018437444645239387
646,-0.01845079972324211
cheers peter,-0.018453476601904308
multiagent,-0.018453813164052174
fragile,-0.018474470402856553
implements,-0.01847578955817065
reid,-0.018500281145201743
providing effective,-0.01851434554254563
mixing,-0.018532262057159493
site content,-0.018536379252771917
wrote message,-0.018550766502846136
1547,-0.01855611219417608
mining data,-0.01857894906975437
declarative,-0.018581905105693294
current version,-0.018597107998097592
electronic submissions,-0.01862081114874409
logics,-0.018621724933900807
different approaches,-0.018641403317713322
indicative,-0.01867646225580948
morning offer,-0.018692922080920354
lan,-0.018696568289645527
administrative,-0.018699810231343626
issue 1547,-0.01871856023657586
2nd papers,-0.018722503159201816
pedro,-0.01872346155445446
postfix mysql,-0.018732403029270192
275,-0.018742101239098176
university auckland,-0.018746180042628995
mid day,-0.01875292670296846
overlay,-0.018773403726758123
researchers working,-0.01878483756667885
regards david,-0.018790422515065693
google search,-0.01880771841179043
dna,-0.018826180351631246
research paper,-0.01883423505641651
14 22,-0.018840153498716757
phenom,-0.018882952661093674
state need,-0.018884572918880592
sigkdd,-0.01888835537353142
amherst,-0.018925213381361806
added comments,-0.018926638316357415
registration information,-0.018939451798225995
hk,-0.018960217831503368
business information,-0.018960630269646093
changes added,-0.018972428666546855
guidelines,-0.01897603574541232
pertinent,-0.018985125327362688
joshua,-0.01900382245013073
inspected,-0.019008165140173852
data data,-0.019039814323327752
members program,-0.019069346059372803
37 year,-0.019071201514512394
69 00,-0.019075707216573565
empty_message,-0.01908205914111002
aep com,-0.019082805420265286
podcasts webcasts,-0.019088256745134344
drops,-0.01909979952518472
09 04,-0.019102796866771778
26 02,-0.019116562106970818
uj,-0.01912194712546656
sda1,-0.01915575068934303
url links,-0.01916321837320239
hb,-0.019166400806357148
1st year,-0.019220167506100304
clever,-0.01922187132380186
pyc,-0.019227716649899956
know planned,-0.01924061187643446
social sciences,-0.019267460231781317
salford,-0.019269077113164224
films,-0.01927251124680528
site need,-0.01929469623281095
ancillary,-0.019299973652284856
software hardware,-0.019304753762844545
nas,-0.019310374482964146
stand,-0.019326388399055483
utilities commission,-0.01934461425634957
buildbots,-0.019376684039238177
kaminski managing,-0.01938684641179723
better results,-0.01940465745844315
mellon university,-0.019415016192439582
nat gas,-0.019415895149186707
usual,-0.019433717428306338
com postfix,-0.019435746619070375
fuzzy,-0.01943871321512963
year infoworld,-0.019457124367784014
default duseithreads,-0.019491903925179018
knowledge representation,-0.019493892619930002
sweden,-0.01951197607061245
acceptance april,-0.01951376623731515
apr 14,-0.019523751692609212
rich white,-0.019525631060307264
heimes,-0.019545633880804617
christian heimes,-0.019562580937517775
non ascii,-0.01957287059635976
value risk,-0.019600881214302854
analysing,-0.019605292060550474
arises,-0.019606232701866178
native language,-0.019613356768270113
jimmy,-0.019698090123650192
analyze,-0.019715669221695684
thanks louise,-0.019715853450455147
duseithreads duselargefiles,-0.01972918929071121
patterns,-0.019729734739734973
downloader,-0.019732009522629268
infact,-0.019743838019108995
email submissions,-0.01974384740435666
packages spambayes,-0.01975903406943832
10 rc1,-0.019809715103174474
wrote fri,-0.01982941913244925
03 03,-0.019830376808783648
duke energy,-0.019837837599291544
dasovich,-0.019863451170254592
second edition,-0.019878415173555708
start end,-0.019887960800732254
message dear,-0.01989893409492453
labeled,-0.01990032624926821
madness takes,-0.0199047988284621
contact bank,-0.01991914122804297
doesn read,-0.019919400642021627
alaska,-0.019930505677570275
anders madness,-0.019954898085445847
lexicons,-0.01996430399891384
98 workshop,-0.019975363690283233
il number,-0.019977485381436642
manifest did,-0.01997892839289037
toll free,-0.019994265789490078
input,-0.020032741888123026
evenings,-0.020057318364780467
zz,-0.02006393801043837
bring,-0.02006548824175338
number tue,-0.020066083605330617
california border,-0.020093286593831618
ff,-0.02010405335707979
goal workshop,-0.020113910744233146
mongers,-0.020127777351959596
questions like,-0.020149370574437414
failed 12,-0.020157270691126977
digital libraries,-0.020168747909863
subject visit,-0.02017391865145688
perl mongers,-0.020182851204279196
rate hikes,-0.020193413838789982
lebanese,-0.02020205261638709
com xent,-0.02023412364000166
trace,-0.020285515460415925
5950,-0.020290666167471626
lncs,-0.020308868955665374
atsuo,-0.020310250376247622
test smoke,-0.020322542375258816
provide opportunity,-0.02033146724769007
unified,-0.020345621605633232
medical experts,-0.020345802985575458
kennedy,-0.020348234264925914
california edison,-0.020355757064144775
berry wrote,-0.020400699173434518
09 32,-0.020417042363532544
particle,-0.020429158151065628
washington usa,-0.020429571068696147
capital trade,-0.02045575754024157
625,-0.02046633461230322
ku,-0.020496554717243546
democrats,-0.020512684616734875
able use,-0.020519929608514988
func,-0.020525452513848633
competing,-0.020542873448265095
announcement papers,-0.020580287937918457
sevil yaman,-0.02058320721862104
trade resources,-0.020583823424797344
mcmichael,-0.02058531805162442
techrepublic registered,-0.020586492626307386
09 07,-0.02060194564144344
issues addressed,-0.02062175424355872
doesn help,-0.020623129806963545
converting,-0.020623288338628545
30 15,-0.02063063996396293
calm,-0.020633312153211517
253,-0.020647691674181023
think really,-0.02066243878637815
chdir,-0.020681102496282678
phillip allen,-0.020689315526226947
june 20,-0.0206965384313459
opportunity meet,-0.020715198736448934
haven able,-0.02072501319722641
exploring,-0.020735270809406483
pointing,-0.02073932413966561
hesitate contact,-0.02074140052212682
readme_directory,-0.020764918267312846
sun 24,-0.0207989538312647
schoppe tammie,-0.020816764859538702
07 25,-0.02082764522486128
cdt received,-0.020837542986733237
jeff shankman,-0.020891143959302427
sloan,-0.020906980042783452
account set,-0.02094247374144474
ria,-0.02094772952597575
nobel,-0.020949954121993932
number subject,-0.02095952593804445
riley lee,-0.02097158187146914
carol st,-0.020995927682320312
perlhost,-0.021018840431876858
163,-0.021026070506616992
price volatility,-0.02103194384227599
planning good,-0.021052554861739053
bernard,-0.021057056573188303
steven harris,-0.021072171236134724
attribute,-0.021074021931914825
markov decision,-0.02107408152034293
failed leader,-0.021081788835368792
minnesota,-0.021127896248305796
grub,-0.021146581144103182
technical sessions,-0.021148068655905197
friday afternoon,-0.021166942394736404
recap,-0.0211689339802533
postdoctoral research,-0.021174019036185838
vince like,-0.021182013936992844
makefile pl,-0.02122128580098677
proposes,-0.021224397940257128
allotted,-0.021228797339059573
trying identify,-0.021229772117718294
dispatched,-0.021241066953196348
click away,-0.021245011988318675
deadline october,-0.021249092134930148
harris et,-0.021249788552397446
categorization,-0.021249870065598534
perl lib,-0.021263472162084854
py trunk,-0.021274254739586017
net ident,-0.021289630389568263
perl use,-0.02130447463469901
flexibility,-0.021307216237229438
60 issue,-0.021308432725837267
vol 60,-0.021308432725837267
workshop organized,-0.02132112070927773
consortium,-0.021324254320162255
droptarget,-0.02134068070434136
world live,-0.021374474744461764
culprit,-0.021389705950154297
16 22,-0.02139041768681479
stem,-0.021393621346102166
issued,-0.021412090637299794
site_perl,-0.02143081701246363
equal opportunity,-0.021436132668008312
investigated,-0.021461172829834292
38 year,-0.021473441452119997
pdt received,-0.021490261067713647
send wekalist,-0.0215195764233499
delighted,-0.021522840674410106
440,-0.02153158048709347
unpack,-0.021532954954096732
use priority,-0.02153560037043226
25 000,-0.021562383928161212
monday tuesday,-0.021593313597232475
market value,-0.02160128946527082
contents wekalist,-0.021604089525379736
leader lib,-0.021613377565320776
00am,-0.021617562647862118
issue security,-0.02162048583888773
michael hammer,-0.02162541780082216
lightning,-0.021626658932282376
hector santos,-0.02162829894474901
treating,-0.02162839935080846
relays untrusted,-0.02165180916428561
read description,-0.0216619045998783
232,-0.021662824917320647
runtime,-0.021664823075550243
invited speakers,-0.021665961915913627
filter,-0.021667387476340415
5304,-0.021668794175930314
oct 26,-0.021704275754949064
just look,-0.02170688930434637
attractive,-0.02172052253664773
relying,-0.02172658656824679
searching,-0.021739668692083783
relays external,-0.021756871432288275
07 08,-0.021759750319030578
hammer 5304,-0.02176424292024631
mh michael,-0.021764440188985778
11 soman,-0.021783864670063297
jacoby,-0.02179793760266245
used work,-0.021803926747032052
03 14,-0.021807696852822484
functioning,-0.021809746313300633
service 11,-0.021811377984785406
60 10,-0.021817537206821034
relays internal,-0.02181932397262348
minutes discussion,-0.021820339318017398
received radish,-0.021821914652947576
jmason localhost,-0.021822633479778756
operators,-0.021833893331286745
opt,-0.021834605876646818
relays trusted,-0.02184956205385729
spam rbl,-0.02184994443093554
pyc line,-0.02185300051998094
thursday year,-0.021870020582371738
untrusted ip,-0.021881977728924897
saarbruecken,-0.021886290280398575
eircom net,-0.021890301627486106
internal spam,-0.021912888862957395
wilks,-0.02191882665327494
usr src,-0.02192954398012052
safe keeping,-0.02192980105514231
reduplication,-0.021934034611022026
trusted spam,-0.02194412504871755
research community,-0.02195777149208647
formulas,-0.021979963508819138
optimize,-0.021983544185118182
yorick,-0.02199875361745096
president bush,-0.02202057163523466
exodus,-0.02202503731881058
762,-0.0220340502981111
fisher,-0.02204795808893858
thousands dollars,-0.022055494677445036
01 00,-0.02208417213675008
quant,-0.022101883223913453
laws country,-0.022105646468899735
assertion,-0.022108418165148382
developing,-0.022111788465739777
10 01,-0.022124440512605734
transfer bank,-0.02213781669371792
fitting,-0.02214873302097621
9000,-0.02214931805577476
demand speakers,-0.02220117613289543
tani,-0.022249760836909098
craig berry,-0.022265566822591322
permian,-0.022275717371777932
results new,-0.022275900523723063
urbana champaign,-0.022279082026053776
wrote way,-0.022292847019904954
subclass,-0.022295981557778104
gorgeous,-0.022302528425806573
susan scott,-0.022307241461063533
lewis,-0.022345840324030468
newcastle,-0.022366003274767003
fail mswin32,-0.022382918340445323
03 26,-0.0223962537788374
email google,-0.022404880813466876
americas 713,-0.02241732083650975
wrote begin,-0.02243886654267439
25 27,-0.022457081761961643
recent developments,-0.022486459948252203
coghlan wrote,-0.022487900623897657
title paper,-0.02249164711849755
deposited security,-0.0224979720565147
quantitative,-0.02251160887522261
ist spam,-0.02251236994222384
buffett,-0.022519523108959893
approximation,-0.022521013254445225
gbp,-0.0225310191320996
answers questions,-0.022532585685933276
diagrams,-0.022574092937570983
ist received,-0.022602786603787492
tutorials,-0.02260946928061071
12 07,-0.02262962942035484
esmtp helo,-0.0226367540765533
behave,-0.022661344704995475
13 09,-0.02267605618674765
problem email,-0.022691314430819606
ln,-0.022713770312696353
place,-0.022713847766275174
optimized,-0.022718352738616658
survived,-0.022722909069666702
anonymously,-0.02272928157006583
kara,-0.022739401324083565
tammie subject,-0.022750076831522265
river basin,-0.02275671808509009
forum researchers,-0.0227677392329147
xeon,-0.02277161823554788
use strict,-0.02278980088515155
standard poor,-0.022793124075868306
enw,-0.02279626715711536
uninstalling,-0.022811004518294077
equipment,-0.02281862843703452
lb,-0.022824097059689488
clair,-0.022831312227810537
cada,-0.02283741000768875
groups url,-0.022859056225598764
educational,-0.0228614278003037
substitute,-0.022864466117781035
workshop bring,-0.02286675748832425
awaits,-0.022877807246291917
27th,-0.022879228499545858
noting,-0.022883175299899968
bath,-0.022887973680344485
helper number,-0.022909792029206937
melissa,-0.02291088498893411
slone,-0.02291117075802858
awkward,-0.0229147819260777
workshop date,-0.022916009389014766
aps,-0.02291847399730853
broaden,-0.02292769243035496
st clair,-0.022949746035241032
right order,-0.022966211149185612
august 14,-0.0229729847855206
asylum seeker,-0.022979174066447366
virtual_mailboxes,-0.02298800259751358
acquires,-0.02299306040297894
compiler messages,-0.023024961456219722
phd students,-0.023029046933432377
complains,-0.02304864317413682
perl5 site_perl,-0.02304993491408303
annotated,-0.023051790471486953
deliberation,-0.023069003232255962
comments suggestions,-0.02307433031466468
academy sciences,-0.023099313562303644
municipal,-0.02311761119412386
fun,-0.023122875038841927
diet,-0.02313999480232319
organizations,-0.023163563365018205
addressing,-0.02317213273249326
lagrasta,-0.023181085479956835
crocker,-0.023183488225446896
ecs,-0.02319108301019378
having problems,-0.023198504286840612
virtual machines,-0.023213352681355156
adam olsen,-0.02322185099524642
owed,-0.02322260849682995
concat,-0.023238268338230644
checklist,-0.023244728157125687
gestures,-0.02325626624325385
springer,-0.02326091519672614
representation reasoning,-0.023267866730484657
june 15,-0.023268104737386584
rue,-0.02331498632719989
node,-0.02332577098018743
anniversary,-0.023348867218395086
libido,-0.02335307978465541
incumbent,-0.023355185122099408
ripley,-0.023361662465798086
autolearn ham,-0.023368312998028006
number secs,-0.02336878580703099
javier,-0.023375784895488364
complex,-0.02341152431237453
8bit,-0.02341703654355875
latency,-0.023423935352555027
year paypal,-0.02342802578823592
ham version,-0.02343925401305358
brooks,-0.02344857265079951
review feel,-0.023479994044031883
friday 15,-0.02348252286086118
15 february,-0.023487050161022687
status whiteboard,-0.023503099227798113
whiteboard,-0.023503099227798113
wt,-0.023507777628972683
time consuming,-0.023537127723698013
range issues,-0.023568661140097927
thanks mike,-0.023573589680537885
alignment,-0.023602442434063262
perl script,-0.023618559489700267
operation enable,-0.023629722399578532
mclean,-0.0236308355913636
november 30,-0.023666935441375637
bug 5293,-0.023668166185637326
hard erections,-0.02370072481337548
smith street,-0.023708550734631954
panelists,-0.023750402433887083
know way,-0.02376014325597591
readline,-0.02376093985730674
querying,-0.02378699546534995
10 46,-0.023795152480767405
acknowledge,-0.023800472349630092
original research,-0.02380247900951494
bsd,-0.023807977277074614
louvain,-0.02381206383394947
password password,-0.023813351627615935
aucoin,-0.023815789445379015
colin,-0.023816257701882705
caps,-0.02384540857464742
lib net,-0.0238506768856266
spamassassin branches,-0.02385094442994667
oxley david,-0.023856638502336467
think make,-0.023867848230971198
shoulder,-0.023869262530419464
off_t,-0.023872200400828877
money use,-0.02388036830449099
poster session,-0.023880423287635434
group reply,-0.023894721968361593
ellen,-0.023895961116815044
bzr,-0.023897578461447754
ben jacoby,-0.023897830942072727
struggle,-0.023901063116490148
thursday 14,-0.023906487077512487
494,-0.023937261770533774
social network,-0.02394171286607321
packages win32com,-0.023944354946676245
offerings,-0.023957672241029744
president chief,-0.02396730732511724
novosel,-0.02398158272818042
spool virtual_mailboxes,-0.023997748955061165
mar 16,-0.024005889749411383
new research,-0.02401148111827771
number lib,-0.02401552674157344
california berkeley,-0.024034921320900873
money buy,-0.024037985394760306
tomorrow thanks,-0.02409749807600498
adjectives,-0.02409778571887525
holdings,-0.0241053055197829
year registration,-0.024109326424205352
nz url,-0.02411538749249055
stuttgart,-0.024115965682018847
02 27,-0.024134171581053108
version 516,-0.024145182309617538
516 virus,-0.024145182309617538
path received,-0.024148903709487024
election,-0.024156535162492544
strict use,-0.024168411790997865
shortcircuit,-0.02417014729572333
mary solmonson,-0.02420481715100284
web presentation,-0.02421281796376767
slone jeanie,-0.024220395548738633
issues raised,-0.024235335378651145
file spec,-0.024250471035046038
05 16,-0.024278517779422245
open issues,-0.024284973405697977
sequences,-0.02429182450303298
forrester research,-0.024293517705340464
error file,-0.02430171411539862
err,-0.024305204441984467
hours later,-0.024306499025007953
feb 16,-0.02430748746096306
york stock,-0.024340091383182348
oct 31,-0.024341317294135734
single drop,-0.024365651730050678
jmason postfix,-0.0243679778814489
performance management,-0.024370965332125884
3gb,-0.024400812018807116
sv,-0.02440757688232848
multimodal,-0.024411538422687853
imap fetchmail,-0.024426682507447926
fetchmail single,-0.024426682507447926
et 11,-0.024434514516213153
kern,-0.024445643581920525
soa governance,-0.02444645818365814
jmason imap,-0.024457967661238207
influence,-0.02446722895791708
localhost mydomain,-0.024480335219207856
asynchronous,-0.02451088193812587
ok ok,-0.02451491149396292
byte,-0.02451502992603431
trusting,-0.02454025357260558
pluginized,-0.024544874584061675
stroke,-0.02455359174416597
directories,-0.02457802826272343
02 16,-0.024605192625912046
shortcircuit autolearn,-0.024614759677643153
lisboa,-0.024615130235514378
year paper,-0.024625787734425815
strict,-0.02466278231563494
sit,-0.024673975017044266
p2p,-0.024711029172262092
rd,-0.024728289496978313
brent price,-0.024729250699964293
beagled helper,-0.024729793805269244
py3k,-0.024740726955433397
uq,-0.024741777472759727
20 feb,-0.024744674599918973
branches bug,-0.024749292059402163
5293 pluginized,-0.024749292059402163
pluginized bayes,-0.024749292059402163
elected,-0.024755795189658196
epc,-0.024757350003811098
opensuse mounting,-0.024783143271873875
nets,-0.02478610442567824
stdlib,-0.024803008074678765
pystring,-0.024821445479231027
percentages,-0.024842792106259375
idsia,-0.02485836222001502
ord 193,-0.024861247065487157
beagled,-0.024865290049017656
site_perl 10,-0.024890354194736626
vendor webcast,-0.024893078289486115
rn,-0.024903634172534713
request assistance,-0.024967418892783488
paula,-0.02496904836206219
eindhoven,-0.02497133179925326
grammaticalization,-0.024978542820970406
swedish,-0.02503330308326364
springer verlag,-0.025038419200070914
myfile,-0.025048519480361152
address issues,-0.025053188025279446
electronic trading,-0.025060643559888268
fstab,-0.025071348628462383
workshop workshop,-0.025078835763655653
card reader,-0.025087971085829563
quick response,-0.025093455013505225
australia url,-0.02511872293107144
non root,-0.025128413683158497
fax 61,-0.02515846769913545
01 usa,-0.025171867044935684
sp2 x86,-0.025174724314774462
0500 cdt,-0.025208415034154427
solicitation offer,-0.02520964042897353
august 29,-0.0252227632996185
irrelevant,-0.025242713254525588
pennsylvania,-0.02525134356722378
caused,-0.025263005815237504
leppard lon,-0.025266491124237875
status hits,-0.025290436902281676
order confirmation,-0.025312863264904863
neale,-0.02531582807731736
uname linux,-0.025320171808388303
lcrypt,-0.02532426027680265
sociology,-0.02532621165326187
jones energy,-0.02532850005666716
fri nov,-0.02533165157544339
os version,-0.025337309907312495
send,-0.02534902168122012
warnings use,-0.025384593173653616
30 800,-0.02538683580580455
svnversion,-0.02541745336913443
projection,-0.025427662213135735
11 21,-0.0254295050362565
wrote jessen,-0.025450069274784708
tm cpu,-0.025469772950654983
takes place,-0.025472875571069496
enronxgate 03,-0.025474646510487475
type message,-0.025479062387473835
aa,-0.025489083597521854
warsaw,-0.025523129231525853
gsoc,-0.025534583954651496
dl,-0.025549832215054934
conference workshop,-0.025554455490161918
creative design,-0.025595852599991913
license foreign,-0.0256099145388828
00 20,-0.025633095491221815
hth cheers,-0.025643527660736434
2gb ram,-0.025648786487644126
including details,-0.0256579645463905
collin,-0.02566591247587713
spoken language,-0.025675623652764865
proceedings conference,-0.025682713494290056
thanks mark,-0.025691090946383503
sp2 using,-0.025699685854360974
cpu mswin32,-0.025699685854360974
mhz x86,-0.025699685854360974
automating,-0.025730031320822546
haedicke mark,-0.025769595642162545
relates,-0.025770890283100336
workshop proceedings,-0.025773319644435945
architectures,-0.025783291123616374
pages,-0.02579385866533065
just don,-0.025808710830526684
mai,-0.025810356221305213
28 30,-0.02581049609726059
rick buy,-0.025813000587855413
agrees,-0.025815889251196985
drive thanks,-0.02581617185670159
use python,-0.025853194816580116
16 19,-0.02585618431757163
clarke,-0.025856990073439345
workshops tutorials,-0.02587364487897608
json,-0.025878179129087277
main conference,-0.025933568306946715
09 33,-0.02593768505578039
jos,-0.025941398798964975
slice,-0.02594789671907731
pcre postfix,-0.02595632798213638
authlib,-0.025958859224411778
flowed,-0.0259626418760115
jboss,-0.025983902868981272
manufacturer recertified,-0.025997976607175125
legally privileged,-0.026012474468739683
lasted,-0.02601493924503062
unsigned,-0.026016070915051617
baker,-0.02602512596245528
nick coghlan,-0.026025372755313702
coghlan,-0.026025372755313702
indonesia,-0.026030096159299236
year 49,-0.026032804341855075
research associates,-0.02605680797896039
jeroen,-0.026057140412347492
robotics,-0.02607177940498144
02 24,-0.026078758063867023
later year,-0.02608842756915668
petronas,-0.026102209832818232
invited submit,-0.026138152627668613
30 07,-0.02615496075617172
dmesg,-0.026161426382599655
rough sets,-0.026175043409502954
maildrop authlib,-0.026180418761353425
start just,-0.026191102974309183
gesendet,-0.026193835925105307
inline filename,-0.02621981587907987
olivier,-0.02622430033243507
heuristics,-0.026224453652344434
tilburg,-0.02624348603237965
happily,-0.02625885971524124
information needed,-0.026268436755586967
academia,-0.026268993712629144
pm line,-0.02627207316749052
information security,-0.026276899730903434
march 23,-0.026279213435468077
models pmml,-0.02630633102422785
accepted papers,-0.026353426604415107
lecturer,-0.02636074326098754
lutil,-0.02636333585311538
dietrich janet,-0.026372180494872898
dubois,-0.026382510737693786
patchlevel,-0.02638364930146074
unrecognized,-0.026409441147326775
08 17,-0.02642855677304959
hierarchical,-0.0264491736440247
sure ll,-0.026457716858532983
gets,-0.026469421495180567
relaxed,-0.026491073344581024
decimal,-0.026554071261358336
ezm,-0.026562861511519095
october 12,-0.026563632064312018
dusemymalloc doptimize,-0.026572348255941836
fernley,-0.026585966744852314
information thanks,-0.026592287688707108
manipulate,-0.026598653749006818
classics url,-0.026604349669349523
30 50,-0.026604663785752606
commit privileges,-0.02662172685826105
silverlight,-0.02663754184771221
july 10,-0.026640370738330605
home theater,-0.026643329442289983
duse64bitint dusemymalloc,-0.026653174496285032
memberships,-0.02666329248891868
lm lcrypt,-0.026664453313136816
chance win,-0.02666733348117729
peter reutemann,-0.026680628474483662
reutemann,-0.026680628474483662
number ezm,-0.026698566030971142
proved reserves,-0.026709795955219665
cwd,-0.026717399722645585
pws,-0.026727527507682165
beginners_,-0.026744212002968754
filename beginners_,-0.026744212002968754
beginners_ number,-0.02674486139209428
std,-0.02674687245307018
monies,-0.02674714087310096
renaming,-0.02674937522394572
time series,-0.026754723394110263
new release,-0.026771227176655067
user experience,-0.026772341825507934
gg,-0.026777172470852238
incorporating,-0.026780368190058502
april 27,-0.026794509259717804
trans,-0.026795484457704764
philosophy,-0.026803695330040983
tuesday january,-0.026809141329618907
price days,-0.02685493623836352
williamson,-0.026863834027665918
wekalist mailing,-0.02688163252073217
parse,-0.026883819527051465
demonstrate,-0.026923731307085207
linear,-0.026924356432418885
european conference,-0.026930795552826382
bothered,-0.02693727140361901
45 year,-0.026938381901202155
treatments,-0.026948746730935558
dcc gcc,-0.02695361629348349
wrote using,-0.026959631259405634
barry warsaw,-0.02696303530022143
johnston,-0.026975983912271295
friday june,-0.026988443669755353
maintenance,-0.02701136984509515
life dear,-0.027044218654472645
dlls,-0.02705032401047695
wang,-0.02705201250099751
lcrypt lutil,-0.027060190265385246
iterator,-0.027060850233653375
pearce,-0.027065656303554307
mounting,-0.02706580015473445
com eprofile,-0.027066177722770486
eprofile 35,-0.027066177722770486
beta cpan,-0.027075581917033544
guest editors,-0.027076309288012402
finite state,-0.027081221965289122
yaman,-0.02709127804357003
acid,-0.027096661231220794
buffer size,-0.027099948904285336
cross posting,-0.027118555601870757
toto,-0.02713336573255062
closely related,-0.027142835371596927
tei,-0.027142988909361173
week issue,-0.02714953832157993
conversational,-0.02715371413467714
45 00,-0.027158275419320227
forward providing,-0.027158632805896185
typemap,-0.027192151202102367
beat,-0.027199759523416737
project status,-0.027208557919054265
year 41,-0.027215146368862637
sub foo,-0.02721534967098783
forward message,-0.02721952469059902
07 05,-0.027234974836983058
12 34,-0.02728291113828106
copy paste,-0.02729051349817926
participation important,-0.0273330023282375
determinism,-0.027336156000793442
visualization,-0.02734457025470003
srp,-0.02735120031329998
depot perl,-0.02736060307476976
14 february,-0.027381424767873638
technion,-0.027388963655927884
injuries,-0.02739211809418313
robert jones,-0.027415105368839447
delivered computer,-0.027426689855182738
share doc,-0.02742832922720583
complications,-0.027431698547500025
pcbuild,-0.02743536880727597
company chairman,-0.02745649743902795
information provided,-0.027460445759397066
error messages,-0.02747678600675558
fabio,-0.02747941860567483
configuring,-0.027493681622083717
guido,-0.027497894412905198
professorial,-0.027501897805812598
10 56,-0.02750217429582515
10 53,-0.027516057891714928
easy_install,-0.027518329700339426
hansen,-0.02752106210446818
infoworld daily,-0.02752589904568136
bots,-0.027526210133034766
pythoncom,-0.027526397385408474
papers accepted,-0.027548482587606317
quad core,-0.027548535270784047
carries,-0.027556155894748347
deadline receipt,-0.027558666584268057
lutil lc,-0.027568273896909724
list message,-0.027568432033914247
delegated,-0.027569524208544142
array,-0.02757471575570108
purdue university,-0.027590893522265642
tainted,-0.027595701788217686
existent,-0.027598827139352456
credit reserve,-0.02760174745718182
tutorials workshops,-0.02760391885788386
pm oxley,-0.027607865691959686
dba,-0.02763201999122213
84,-0.027639419373806685
meeting vince,-0.027639670395328986
px,-0.027643672826772436
poster presentations,-0.02764413613389864
referees,-0.02764798822449468
23 rd,-0.027657963159970572
hour 21,-0.0276610852391524
end month,-0.02766232409042269
terribly,-0.027663685396704964
spike,-0.02769579567918854
peggy,-0.02770213247106316
power gas,-0.027724979970099563
trash,-0.02775211098293003
register,-0.02775796779673181
10 lib,-0.027787504960327506
day 400,-0.02778891543821059
17 pm,-0.02782552880179845
hour 19,-0.02783284724336298
cancellation,-0.02783688833740946
emailing,-0.02785037710395643
headphones,-0.02786539739118701
overlap,-0.02786891393222484
acted,-0.027893324226723522
775,-0.027917643671231746
heath,-0.027918660812320008
gj,-0.02792485539919474
meeting place,-0.027937577407724113
inbound,-0.02793864185413674
new technologies,-0.027971957116761124
number spam,-0.027998643728382025
rural,-0.02801607805424297
08 45,-0.028033731582198913
delete copies,-0.028040544049249404
conference expo,-0.028066901524913444
sp1,-0.028074186350369065
cash deposit,-0.02809401437859002
montanaro,-0.028122357495711278
dumb,-0.028129665094883613
winners,-0.028132297638242664
compile time,-0.028143979368388746
30 000,-0.02814674448852361
11 58,-0.028157108540955593
gx,-0.028184267176033048
perceived,-0.02820225122645482
distribution use,-0.028203353123412905
athlon,-0.028205017433990637
rpm qa,-0.02822572272779922
04 19,-0.0282592998315561
30 11,-0.028263968078813526
watches best,-0.028287354996678046
wholesale energy,-0.028297100954304627
year american,-0.02829722533206403
ian,-0.028313381073112143
newsgroup,-0.028332517709114772
denis,-0.028332859835131924
anders johansson,-0.028349378674687453
sheila glover,-0.028352270406551257
dougherty,-0.028379360021575997
amps,-0.028384825625627965
issues discussed,-0.028390824837672423
questions thanks,-0.028395802748490222
warmest,-0.028398479646265493
logistics thanks,-0.02840031031449108
os stdio,-0.028406161725948557
time talk,-0.028406639376307562
laugh,-0.02840985502382889
benefit world,-0.028410824910710293
proportion,-0.02842940228559401
moan,-0.0284450070156991
paris france,-0.028447780019340025
ei,-0.028450669316278175
skip _______________________________________________,-0.02846030796192357
asked send,-0.02846145140334671
large amounts,-0.028462234785780808
tilburg university,-0.028465007599891286
meet face,-0.028466806419241285
fetchmail,-0.028468774609682432
priority code,-0.028470487397263565
03 17,-0.02850427794172161
02 30,-0.02854279279677847
com webcast,-0.028556628876086763
hall subject,-0.02857533108631299
political asylum,-0.028593418629424796
_______________________________________________ py2exe,-0.028594356618879047
make clear,-0.02861504477618129
university oxford,-0.028620862901987176
achieve goal,-0.028625939333295315
__________________________________________________ yahoo,-0.028627217983595594
puerco,-0.02864155382053419
rio puerco,-0.02864155382053419
duseithreads doptimize,-0.02864399907782942
manchester,-0.028652846174568265
redmond brian,-0.028687049950566566
android,-0.028695636314333663
warsaw wrote,-0.028717827391605687
safety security,-0.028721493089562743
jones robert,-0.028722316233113013
following areas,-0.028730867275748983
rtos,-0.028745032917066305
16 07,-0.028777968118682322
airlines,-0.028786083089410306
eu,-0.028786090899860218
importing,-0.028786972535653148
johansson wrote,-0.028791288140895085
said companies,-0.028801057283466876
2k,-0.02880506714140833
doc postfix,-0.028805636811267
electrical engineering,-0.02883326737103985
soon hear,-0.028839818340673833
url daily,-0.02884700263888466
qa grep,-0.02885767698112774
oss,-0.02888380963953849
year prc,-0.028904506211835494
ssmb,-0.02892143878466623
toshiba,-0.028922287087126033
migrating,-0.028933700969133853
spamassassin number,-0.028933709030427853
noon,-0.02900516761773459
setup py,-0.0290106888849929
somewhat,-0.029022196588142448
flawed,-0.02902599806376498
invoking,-0.029036254755091393
clark,-0.02904085910517899
com ar,-0.02904227924865388
business process,-0.02904322042907199
glory,-0.029051781133114154
triggered,-0.02905387194551228
seeking,-0.029069129402619347
mktemp,-0.02906961872868572
power market,-0.02908970128520271
number home,-0.029147013943294147
symlink,-0.0291642185348897
president,-0.029167257831835533
sent mon,-0.029192855893105166
legitimate,-0.029194929939916413
sandra,-0.029234586454258915
core dump,-0.029240263849197364
00 16,-0.029240627218436448
need look,-0.029254275804493045
theory applications,-0.02927462013117628
sun 17,-0.02932116895215053
feb 11,-0.02934314493019034
let start,-0.029355916492365214
webcast learn,-0.029361645412703377
departamento,-0.029369587387603216
bayesian methods,-0.02938646399856716
r2,-0.029429335021722177
holders,-0.029430896595526713
hardy,-0.029451339620720746
authorisation,-0.029453140555000454
21 pm,-0.029467740103744824
february 08,-0.029476288602284025
ignored,-0.029487956776887404
intsize,-0.029509637331618405
event details,-0.02951335830176211
31 august,-0.029518404898552418
owens,-0.029535168939589844
weka models,-0.029551181625786665
capability,-0.029551337687251208
networking event,-0.02955356898299764
subject networking,-0.02955356898299764
mhi,-0.029562634273949864
319,-0.029564997200994078
objsession,-0.02957195803266359
ontario canada,-0.029573042974618678
norwitz wrote,-0.029586513440777836
patches devel,-0.02962183807146014
organisational,-0.029628244348169727
make arrangements,-0.029636180634158554
black don,-0.029636376825532138
false positive,-0.02965948590595612
computational models,-0.02967811210517194
barbara,-0.02969178407836178
txt load,-0.029692728682987186
meeting discuss,-0.029719613432272567
data structures,-0.029739124630175216
liverpool uk,-0.029740295648973836
thanks dave,-0.02974035811339151
delegation,-0.029774856808140737
01 03,-0.029790974180645736
20 02,-0.02979458339305046
kdd year,-0.029810272767313246
traced,-0.029819730120426664
project update,-0.02984939972385148
knowledgealert,-0.029859289287732453
bitpipe com,-0.029859289287732453
12 million,-0.029885104105950383
smoketime hours,-0.02990702771445462
quarter year,-0.029924954296500314
easy communication,-0.02994423982655497
pig,-0.02994483557546669
lea,-0.02995266480563508
burnt,-0.029966635306683653
desk,-0.02997131119572202
218,-0.029972237389399768
panel discussion,-0.02998450443213162
sight,-0.029994062463366465
edit,-0.03001205926193285
bidding,-0.03003272344403318
researchers interested,-0.03003756362256362
victims,-0.03004934547012409
beagle kerry,-0.030079786166759846
main tmp,-0.030090989429541838
causality,-0.030091675424043337
used claim,-0.030116811397472673
dno_mathoms stdio,-0.030122895072883186
account services,-0.03016105354414331
04 pm,-0.03016793068476232
term deals,-0.03017344139131519
sokolov,-0.03017749234694192
jason sokolov,-0.030193768424586903
recruitment,-0.030200746685684312
17 15,-0.0302290073863991
tests successful,-0.030230228309313316
defragmentation,-0.030238722321026756
deals total,-0.030241261873881452
mar 08,-0.030292423427448135
crude oil,-0.030296967951742946
kingerski,-0.03032369416591568
belong,-0.03034414057189792
brighton,-0.030351418335908587
hunter,-0.030359149042388612
reply reply,-0.03036114818997225
taken,-0.030372469788293298
fluent,-0.030388486643647503
year 32,-0.030408761320590966
jira,-0.03043211250786751
network access,-0.030461166271686733
include limited,-0.03046492791283277
ontological,-0.030504046148404844
issues related,-0.030516445793462122
kone,-0.0305201383836082
cash michelle,-0.030533007344656794
optimum,-0.030562301239051782
decides,-0.03057087793639029
04 20,-0.030580501074218423
summer,-0.03059455500112001
expenditure,-0.0306073189377271
158,-0.0306101587909217
let say,-0.03061229287141789
published searchstorage,-0.030654567178981396
conflicting,-0.03067823504891608
information including,-0.030679839089662375
master netting,-0.030713274315123485
64 414,-0.030719854105092925
help transfer,-0.03073567401322946
accomplished,-0.030743734462653178
sara,-0.030744581407444082
bidder,-0.030744782674306134
deterministic,-0.03075117736741541
koenig wrote,-0.030757658745906715
entry,-0.030764077913617023
nonlinear,-0.03076706728348918
accounting officer,-0.030771669711024456
year hope,-0.030792478675100547
client ll,-0.03080856017670934
types classes,-0.030819016512494777
forbidden,-0.030819780494038305
updatel,-0.030823774091733848
information view,-0.030828866787945202
richard lydecker,-0.03083385044922787
schulz,-0.030840305332779715
recent advances,-0.030891204795608935
commenting,-0.030916222913228666
save 80,-0.03093738682760025
28 00,-0.030939102005496964
intel,-0.03094192051254646
swiss,-0.03094816663698166
18 28,-0.030952672057461036
discardable,-0.03096282052404419
dkim ssp,-0.030971955292981124
op threads,-0.03097377881779069
people need,-0.031016139567020148
restarting,-0.03103871398146122
meredith,-0.031054196805780466
detected load,-0.031057643567836336
michael hutchinson,-0.031071163560233952
free web,-0.031078848011848948
fits,-0.031118332498559137
governments,-0.03112814113051601
order replica,-0.03112869361645887
valueerror,-0.03113203595473572
lib locale,-0.031139450554900635
berney,-0.03114439267056349
specify,-0.031158405054915492
devel smoke,-0.031159464232817027
updatel bloomberg,-0.031167083003111933
verner,-0.031169303263208138
brian ripley,-0.031177816716419955
july 31,-0.03118020231830855
data analysis,-0.031198562035865934
devs,-0.031212920877256262
lit,-0.031235738385477475
upgrades,-0.03124614233519206
avoids,-0.0312757147165275
wraps,-0.031286396076585225
bite,-0.03130740936899614
ve given,-0.03132527750009356
agile,-0.0313403123779353
date 26,-0.0313428264788729
ip addresses,-0.03134402863611214
provide names,-0.03135447781081392
virtualized,-0.03135908672939912
knowledge management,-0.03136666841359166
cera alert,-0.03136743484943867
35 year,-0.031379546653770726
tty,-0.03138331700596655
university michigan,-0.03139263093791365
regarded,-0.03140015860845497
anticipating,-0.031429434740121304
executables,-0.031445450531457995
244,-0.03145015573162798
ceas,-0.03145137590626987
adapt,-0.031459472678059534
kjærsgaard,-0.03145956221946387
verner kjærsgaard,-0.03145956221946387
patch fix,-0.03146221488737711
fellow,-0.031463187264131685
mara,-0.03147380549319641
concurrency,-0.031474080910715886
snail,-0.03149101076629049
tests fail,-0.03149235403045846
tenure track,-0.03150361520777322
outbound,-0.03152111437954645
physical gas,-0.03152959847315406
carr,-0.03153118820195832
18 01,-0.031531451454719146
workbench,-0.031560611527289235
great pleasure,-0.03161215900566268
fm,-0.03161856762621286
com 11,-0.03164331196874914
monthly briefing,-0.03165489400825087
bz,-0.031682768622358366
amsterdam netherlands,-0.03169535851338041
12 54,-0.03169708057377605
walter,-0.03171676318027933
116,-0.03172230380527701
mcconnell,-0.03173587373930491
extender,-0.03173880908001046
04 18,-0.031763641468102066
account total,-0.03177064599529552
12 50,-0.031781974119247484
work fine,-0.03179568423689925
neg,-0.03181876624387346
param,-0.03183566312201952
efficiently,-0.03184123214359808
annual meeting,-0.031849635483886016
steering committee,-0.031860233190398206
tuxonice,-0.031882983942612415
11 08,-0.03190966747188725
tuxonice users,-0.03190982529145183
weka machine,-0.03192442629730898
workbench list,-0.03192546654172761
learning workbench,-0.03192546654172761
172 16,-0.03194131454761672
friday december,-0.03195081371621104
asap,-0.03195099871714347
870,-0.03195408213564745
miriam,-0.03195981118403543
stdio ddebugging,-0.031998604974364936
senior developer,-0.03202587112484634
thanks subject,-0.03204651573641551
monetary,-0.03205187180825726
row,-0.03205562799551593
prescheduled,-0.03206304908454543
pakistan,-0.032076678367512684
year program,-0.03208555587763067
spread option,-0.0321208965948207
allen,-0.03212505388714214
automc,-0.03215906707786157
com vince,-0.03216877956824962
santa cruz,-0.03222287044661972
catholic,-0.03222528660717934
10 patch,-0.03224042622870846
know ve,-0.03225483458884919
lorna brennan,-0.03226517735882179
ipps,-0.032307366771714086
w2,-0.03233736076552651
labelled,-0.03239784841684817
clues,-0.03242837437185508
induced,-0.03245473630954684
web interface,-0.032460392273968866
17 18,-0.032473414187056196
trunk spambayes,-0.03252423654842487
rossum schrieb,-0.03253877207321115
malin,-0.03258009942492015
return self,-0.03258507091723041
optionally,-0.03258667610757938
kismet,-0.03260323418279947
dave delainey,-0.032604803464634124
expo,-0.032619716826705246
customers receive,-0.032625783267656375
committee meeting,-0.03264104240982453
policy terms,-0.03270605584672372
doctor approved,-0.03272379185665329
navigate,-0.03273040411850093
publication date,-0.03274525927742141
rankin wrote,-0.03278715706201698
shell32,-0.03279080398893226
order online,-0.03279258623644922
details feel,-0.032810489339164806
external ip,-0.0328198892041211
informatik,-0.032832356393378594
varchar,-0.03287034320381828
11 49,-0.03287111549313836
hour 20,-0.0328833545883568
insiders,-0.032885857331284615
tuple,-0.03291773985177038
gnupg v2,-0.032924118565250404
trunk masses,-0.03293836594742825
presidency,-0.03294773870186676
searchoracle com,-0.03295503807530912
unicode escapes,-0.032966564465908094
good news,-0.032980080185914834
poster sessions,-0.0329873651816403
fetching,-0.0329889517108997
andre,-0.032992082230606325
discretize,-0.032994110702118544
gibner com,-0.033004964792693006
ldb,-0.033023712497175756
duselargefiles dusemymalloc,-0.033048179342543255
comments let,-0.03304902196196413
new directions,-0.033049507070217685
status meeting,-0.03305602904840498
matlab,-0.033082404859066106
v2 svn0,-0.03308900050009763
svn0 gnu,-0.03308900050009763
svn0,-0.03308900050009763
17 feb,-0.03310071091587517
year meeting,-0.033112977149373224
bradford william,-0.03312303172655703
ready copy,-0.03313070952134592
account money,-0.033132346410864426
src pmc,-0.033137582436696914
bin perl,-0.03314092323290419
doptimize,-0.033162649907739775
discretize filter,-0.03317838509769077
held university,-0.03318465848521669
accepting,-0.03318481924152553
portability,-0.03319688683379395
liquid,-0.03321079556526167
varies,-0.03322841961395292
hub,-0.033235536403092465
section let,-0.03325910528666804
10 36,-0.03326232884012989
cents,-0.033283011276828305
globally,-0.03328767114368818
raid1,-0.03328917680738928
steffes james,-0.03329086582497637
east asia,-0.033325546742624175
compared,-0.033346523848090226
riley nguyen,-0.03336772096228488
taylor lee,-0.03336980039115501
16 nov,-0.033394945018865384
virus spam,-0.03339939595214334
slimming,-0.03340238630499959
family members,-0.03341490061377336
release blocker,-0.033426074844034384
700 000,-0.03343101891414788
fortney,-0.03345161903768766
email message,-0.033466044868522615
sky,-0.033471287031575384
deficit,-0.03348957665077873
reducing dataset,-0.03350109155898884
url publisher,-0.03351620499218049
validation,-0.03352712678674443
var tmp,-0.03356942550942361
final papers,-0.03357174259866002
elect,-0.03357301397583429
neuroscience,-0.03357418356645021
02 txt,-0.03357778862963854
going concern,-0.03358272615886341
161,-0.03359682705339675
marks,-0.03359801197057975
revert,-0.03359950747477774
computer systems,-0.0336171268841331
compiled,-0.03362324360284629
tuesday september,-0.03363565134518215
freiburg,-0.033648854088102004
security url,-0.033670691196810466
hour ancillary,-0.03371534921307859
12 59,-0.03371749504244767
duseithreads duseithreads,-0.033717818744891034
number failures,-0.03372730723881152
encounter,-0.03373255197772377
postpone,-0.03374145005801734
preference given,-0.033741810669633436
offs,-0.03374274239794188
11 31,-0.03374979457768938
31 02,-0.03376619082158309
energy import,-0.03378461870819739
export schedule,-0.03378461870819739
includes new,-0.03381931045366385
eine,-0.03382012551654625
txt discardable,-0.03382596623212922
discardable exclusive,-0.03382596623212922
involvement,-0.033827382584595
containing unicode,-0.03383472667790788
uuseimpsys duselargefiles,-0.033846393921712965
wanted know,-0.03385635298302213
yard,-0.03385650334451836
think way,-0.03387489843869986
parra,-0.03389460250707773
ddebugging perlio,-0.03389783779781526
operations team,-0.033898443390873924
chantal,-0.03390569950655341
strings containing,-0.03390612064147593
displaying strings,-0.03390799051747983
3000 displaying,-0.03390799051747983
news features,-0.033909168885014274
mon 18,-0.033928596319271066
houston based,-0.03392957060588207
extends,-0.03393976647543349
ddebugging debugging,-0.033949249279267575
bitpipe,-0.03395246184305175
keohane,-0.03398806145944931
harry,-0.03400912293491097
rolling,-0.03401437478564412
pure python,-0.03402560874867719
pydoc,-0.03403262987725906
consecutive,-0.03403400395697727
namespace,-0.034062532866524366
ice,-0.034064061237006914
price 12,-0.03407080856438424
grammatical inference,-0.0341025066787059
receiver,-0.034104011095942376
fork mailing,-0.03410547638632643
mms,-0.03410577419314748
nuke,-0.03411053174017306
pricing risk,-0.034114020834681104
houston week,-0.03411402943414066
fingers,-0.03412128077577597
know people,-0.034125368846372635
limited following,-0.03413771982682713
human,-0.034145925089157654
email dr,-0.03415142251640271
calling nerds,-0.0341559944464886
rant calling,-0.0341559944464886
email errors,-0.03416521803221893
josh,-0.034168077803895906
article url,-0.034178840924216164
trunk sandbox,-0.03418030346362519
pinnamaneni krishnarao,-0.03421902996059988
party,-0.03423657860279894
pm respond,-0.034257491723157486
appropriately,-0.03429461812396752
refugees,-0.0343203598473701
quantification,-0.03432413706872815
i386 cpu,-0.03433424697737615
symmetry,-0.034341662942661035
302,-0.034357742521172165
dno_mathoms,-0.03436049220535638
dusemymalloc default,-0.034368458295985616
primary mx,-0.03437167079558371
telephone 713,-0.034404487676971324
265,-0.034407199712348645
lund,-0.03441122203137594
16 30,-0.03441466384308054
formatted according,-0.034427901460247566
numpy,-0.03443728766426417
email sun,-0.0344373600095194
related field,-0.03445591513843338
habits,-0.034480341412773084
kindly ask,-0.03448122838665245
data center,-0.034508866528227274
required approval,-0.03450897058628483
cera knowledge,-0.034526444102150375
0500 aaron,-0.03453987321332696
waha,-0.0345429901452792
prosodic,-0.03455076009229798
58 59,-0.03456188138366645
cia,-0.034578578765324906
8859 format,-0.0345936268166917
substitution,-0.034622821120189586
maintenance thanks,-0.03462414263559887
receiving message,-0.03462493405793463
cera conference,-0.034651456380783104
wekalist digest,-0.034653841910097724
faked,-0.0346580185092329
cro,-0.03466246773914186
estate,-0.03468460899204669
case studies,-0.034690935819239196
fragmentation,-0.034692804326526466
harness lib,-0.03469875257878781
content_filter,-0.03475707605727285
tests awl,-0.03478753765935441
connected,-0.03479870722692734
ron,-0.03481256367063636
information theory,-0.034820773775762905
ceremonies,-0.03482509950237692
molly magee,-0.03485160835040122
pm lavorato,-0.03489307161586217
24 01,-0.03492779270329071
make changes,-0.0349387622175159
oct 01,-0.03494126368281053
supreme court,-0.034974636764735084
spamassassin rules,-0.03499084378366846
checkin,-0.0350042050371703
postgraduate,-0.035026831227876254
weather derivatives,-0.035033852004585184
banker,-0.03506538170472313
ea,-0.0350694056031787
good bad,-0.035069982876074775
fgt,-0.03507077960500387
contact questions,-0.03507524582750091
angry python,-0.035089158352279215
gods angry,-0.035089158352279215
release gods,-0.035089158352279215
arnold john,-0.03509339846856967
pywin32,-0.035095009047836655
subject power,-0.03513370826206248
check_recipient_access,-0.035144985863672505
leppard,-0.03517582741102438
security center,-0.03517592347736447
ppm,-0.035181120828898245
encyclopedia,-0.03518331582277456
fastow,-0.03521238043634204
version 10,-0.035219161264403845
10 50,-0.03522629559673874
programmers,-0.03522703056594688
15 url,-0.035227176499602615
respondents,-0.03524301032005592
print sys,-0.03525765897675454
pm 00,-0.03526137137915203
message intended,-0.0352773177953949
01 28,-0.035279508118536994
duse64bitint duseithreads,-0.035280128464723365
promo,-0.03532933541509498
associating,-0.03533731398059422
415 number,-0.03533907525470431
friday january,-0.03535234509194672
van rossum,-0.03536919513432219
guido van,-0.035370025307085586
morpheme,-0.03540622474686521
authored,-0.035421441260669095
mouss wrote,-0.03546646075472076
grades,-0.03547101014900739
trading origination,-0.03549814042620036
need send,-0.035512831794807104
note following,-0.03552517139802389
jumps,-0.03552868144116338
python exe,-0.0355468779838457
aforementioned,-0.03556094289139622
plea,-0.03557727366536296
wxga,-0.03558241449006908
gandy,-0.03560420772860736
updated version,-0.03564983953778785
june 11,-0.03565610342604684
scientist,-0.035670862673045554
02 13,-0.03567308663025754
results test,-0.035695184579887816
investments,-0.035698165169748365
timeouts,-0.03570020849276495
carriers,-0.035713724379499434
october 10,-0.03573503399139047
offer time,-0.035793701612056666
04 24,-0.03579434068347755
strongly encouraged,-0.035796317020144415
perlio duseithreads,-0.03581750231695374
blackwell,-0.03581959888017169
transferred,-0.035848650646203455
coupon expires,-0.03589472512837419
dummy,-0.03590335686887872
houston energy,-0.03590889294585166
meta,-0.03592754508240492
12 58,-0.035938095492472844
hurting,-0.035952814190446734
coupon code,-0.03596411373518999
settlements,-0.03597023230670699
planning minutes,-0.035975098654612334
imperial college,-0.036001569980971426
message confidential,-0.036006947810837665
year thanks,-0.036019591928894035
aes,-0.03603748202205853
heck,-0.03605018057700482
hopkins,-0.03605775927466946
28 10,-0.036065664414387036
location eb,-0.03607072998963443
29 feb,-0.03607921542132567
spam status,-0.03608755842256397
pm year,-0.03608914596049599
function main,-0.03608929973829062
10 47,-0.03609068357561111
papers workshop,-0.03612268879365999
arrangement,-0.036129326434817415
masses rule,-0.03615362952300743
email date,-0.03615749280406701
marquez,-0.036219734265079934
steven leppard,-0.03623500594799706
local_recipient_maps,-0.0362378679303312
resources corp,-0.036270072846514484
establishing,-0.036273951387482344
wxpython,-0.03628261983171609
dkim signature,-0.03629270534132136
recognizing,-0.03632252065163258
morgan wong,-0.03632608135154847
pm message,-0.036334864352629954
account share,-0.03636064529465506
resulting,-0.03636466506835796
pas,-0.036377925327718136
30 12,-0.03640471508703956
asa,-0.036407450303461826
doptimize os,-0.03640851729651277
new south,-0.036439316628209345
seconds summary,-0.036450802220769137
drinks,-0.03645401394586267
phillip,-0.03647216406202285
active directory,-0.036493732113999734
announce list,-0.036501465783688375
macos,-0.036547517474877576
quantities,-0.03654915054953526
psychologist,-0.03656962896510853
isn really,-0.036590227866874325
probability theory,-0.03660205608933978
planck,-0.03661575325241277
max planck,-0.03661575325241277
lib python2,-0.03662232808499777
inconsistent test,-0.036629167059120483
south wales,-0.036631755631007054
rejects,-0.03663199329836143
generalizations,-0.03664464902825152
telephone numbers,-0.03664953386040764
dup,-0.03665065152823621
ddebugging duse64bitint,-0.036653283919135166
mirror,-0.03667769067538893
fedora announce,-0.03672022030511439
greg whalley,-0.036726089180808635
net ping,-0.03676420958866173
uai mailing,-0.03677747120502537
build tfailed,-0.03678788552112486
meeting tuesday,-0.036792915966587736
06 23,-0.03680931089726125
472,-0.036811932075951306
alaska airlines,-0.03682778050893519
characterized,-0.0368337928617658
127 radish,-0.03684569696622466
deadline submissions,-0.03686604880368091
hollywood,-0.036874768124082705
detected variances,-0.03689630567614378
schedule log,-0.03689630567614378
unhappy,-0.03689931251833812
schwern,-0.03691941370371582
glover,-0.0369273276913463
jealous,-0.03693447347850355
hikes,-0.03694302961512533
literals,-0.03694795894950767
url paper,-0.036948965665701605
informatics,-0.03695535621524752
commit,-0.03701492570096357
austria,-0.037017389367569535
nebraska,-0.03702669356657866
thing want,-0.03702945113919663
friday february,-0.03703290367538904
biomedical,-0.037038568057015366
uk fax,-0.037058230932374786
time life,-0.03707833140099037
654,-0.037081101581849324
determines,-0.03712390850801032
mv,-0.037139992043209176
id auth,-0.03715131358328474
msa spam,-0.037154817592112865
money going,-0.03716599553051865
tests saw,-0.037168578059382756
problem thanks,-0.037185862382296875
subject research,-0.03719529835591805
nodes,-0.037196464981819395
spamassassin version,-0.03719964130039169
555,-0.03721464010687066
50 000,-0.037246714530098236
research activities,-0.03726413764930367
perlio stdio,-0.037292511291309616
report 10,-0.03729409194232629
dperl_old_copy_on_write duseithreads,-0.03730083549476693
double spaced,-0.03730213342616528
11 02,-0.0373410443694568
rules trunk,-0.03734552777970102
uri scheme,-0.037360045009196874
information concerning,-0.03742899846340191
shake,-0.03743300729986243
hugo,-0.037434674559335544
planck institute,-0.037442637858555346
usbfs,-0.03746723139335223
interruptible,-0.03746954892514208
searchoracle,-0.03747212238672381
team lunch,-0.03748217850507091
plain,-0.03749264668212277
inet smtpd,-0.037498827063900994
subject team,-0.03750036149764328
af,-0.037506903553469875
extutils,-0.0375233990329617
spl,-0.03753095381282907
late dr,-0.0375322438087129
takes toll,-0.03753249134258252
lunch planning,-0.037545373443166906
tricky,-0.037568133831875176
101,-0.037583075131599426
number locate,-0.03760051856942636
duse64bitint stdio,-0.03761279976069218
dynaloader,-0.03761392101101656
gotten,-0.03761477209324225
alliance,-0.03762305004239864
quite bit,-0.037628485312277554
saves,-0.037634451886271125
regardless,-0.03770713747450901
10 mm,-0.037707340918203595
bank address,-0.03770882208567423
uid 500,-0.03771264234150848
30 million,-0.037718366400705194
week ago,-0.03772075994623794
hfl,-0.037725284714628535
94,-0.03773913469988098
fuzzy sets,-0.03774981868628848
perlio duse64bitint,-0.03775083138767508
dividends,-0.03775570030641352
diet nutrition,-0.03778034788578674
policies procedures,-0.037826146575416573
holder,-0.037869666245274596
dup failed,-0.037872982750865404
international news,-0.037873480340408106
image processing,-0.037895634941539406
10 05,-0.03791943866718475
15 day,-0.03792224068125197
dinst_top inst_drv,-0.03796385836676247
dinst_top,-0.03796385836676247
doesntexist,-0.03796385836676247
smoke doesntexist,-0.03796385836676247
inst_drv,-0.03796385836676247
inst_drv smoke,-0.03796385836676247
alba,-0.03805695453047931
tte,-0.03806315145302968
considering,-0.03806481544773774
imprecise probability,-0.03808439269120659
pdx subject,-0.03811714208096094
ecole,-0.03812146367497389
completes,-0.038124088411578286
core_server,-0.038124987495654156
postfix master,-0.038185822119388785
posting guidelines,-0.038203394048861
3to2,-0.03820422159410864
shults,-0.03820709546260729
nels,-0.03821499002066966
prevents,-0.03821758848122706
4096,-0.038224048688358075
users list,-0.0382300057656987
mon nov,-0.03824986198015549
zoom,-0.03826046780886598
28 feb,-0.03829117474956924
application performance,-0.0382950689499341
lucent,-0.038308175880785764
monday january,-0.03831508226522079
warwick,-0.038334538405835145
lib test,-0.03834501677578017
underway,-0.038350716154997
replaces,-0.03835250064985359
allocating,-0.03836335600877301
interp,-0.03836647651981224
send ietf,-0.0383699183814993
contents ietf,-0.0383699183814993
van der,-0.03839642949188737
stanley,-0.038409433993586824
archive extract,-0.03841033933679071
papers submitted,-0.038422400877155725
alto,-0.03842241341428248
useithreads,-0.03843265197966192
passwd,-0.038437409485982184
os popen,-0.038444696514972676
october 26,-0.03846078919487536
03 29,-0.03848336530962006
ceraweek,-0.03848485807525626
fran,-0.03850896616009729
libperl,-0.03850978904340863
01_archive,-0.038537143843796216
extract 01_archive,-0.038537143843796216
01_archive extract,-0.038537143843796216
till end,-0.03856579076886496
python2 site,-0.03861219545222037
11 26,-0.03862787269301257
14 15,-0.038629198000960735
io dup,-0.03863213020940861
start process,-0.03865027643285662
11 46,-0.038655203676723975
ips,-0.03866117362839806
discovery development,-0.038682643336539965
cygwin,-0.038689541468507956
subject python,-0.038699464372298265
secure online,-0.03871041744575434
vince stinson,-0.03871788148483476
csfb,-0.03872134054643824
waves,-0.03874249699658357
argued,-0.03875205192834831
oba,-0.03877070631505054
215 836,-0.03877166452202231
drive let,-0.03877498698138037
04 06,-0.038783616531275676
xyplot,-0.038791306763247844
kernel version,-0.038798463799994916
blf,-0.038817326975816344
seekers,-0.03883634027030453
3000 release,-0.038840865165192306
wide,-0.03884387029505991
discuss story,-0.03885043766797938
gucci,-0.038866783666258224
coreui,-0.038870758065175134
home directory,-0.03887721324493743
social,-0.03887830077878414
c3,-0.03889269761375754
cmp,-0.0389036522973623
allowed,-0.038909758777929265
10 number,-0.03896244684675375
gtcs,-0.03896323615107245
leveraging,-0.03897428779282852
use case,-0.03898087104348367
speech processing,-0.039029096690497096
episode,-0.039037327555151734
pipe usr,-0.039037403535244326
just perl,-0.039093850119172685
excuse,-0.039105157611077086
lib extutils,-0.039114938943845205
workshop organizers,-0.03912241855892695
config file,-0.03912982543464835
documents used,-0.039136276933890456
7th,-0.03914495125015842
university pittsburgh,-0.039158943678129006
use contents,-0.039167834002744734
compound,-0.03917068634542751
coreui py,-0.039195477606126204
basil,-0.039213708934106
possible time,-0.039231625988656746
02_cpanplus dist,-0.039232311291193096
571,-0.03923885355858814
highway,-0.039243523116629486
cms,-0.03926380124003054
perceptual,-0.039288870188676925
tournament,-0.03929705843026957
tourist,-0.0393009654835784
cho,-0.039308933908087505
bin laden,-0.03935194240688173
negotiating,-0.03935771263654432
flaky,-0.03936433628644257
i686,-0.03939137983747749
assumptions,-0.03941768769873429
apologies cross,-0.039425331937035034
interchange schedule,-0.03943111876701689
preferred revised,-0.03943111876701689
schedule matches,-0.03943111876701689
assign deal,-0.03943111876701689
revised preferred,-0.03943111876701689
final individual,-0.03943111876701689
individual interchange,-0.03943111876701689
schedule unable,-0.03943111876701689
unable assign,-0.03943111876701689
matches final,-0.03943111876701689
locate preferred,-0.03943111876701689
nicolay,-0.03944607272546523
sa blacklist,-0.039460574082600494
expedite,-0.039465950197130346
october 30,-0.03947659138167145
thats,-0.03949590237671416
trading platform,-0.039516079492461144
intelligent information,-0.03953059283391488
year apologies,-0.039552209113006796
build 02_cpanplus,-0.03955378054489921
subject meeting,-0.03957079855235093
subtests,-0.03959519047867926
attachments strictly,-0.039608715696693074
april 18,-0.03961330600501611
current status,-0.03965696041658153
23 oct,-0.03967790411062426
passed away,-0.03969301336238309
249,-0.039697782569321174
lamp,-0.03970234278978039
hour 24,-0.03970569042012349
power markets,-0.03970595422063657
addressee disseminate,-0.03972574893641585
intending,-0.03972734744169999
631 number,-0.039751843068364184
09 12,-0.03975332942996739
report thanks,-0.039808336362035596
time money,-0.0398188005959073
know got,-0.03982161248362648
guidelines url,-0.039826046959223246
sus,-0.039829801474726666
dkim mailing,-0.03983657002997536
failed expected,-0.03983839877388454
solver,-0.03984469508414012
desc,-0.03984938704847864
master number,-0.039851608405298375
gibson,-0.03985540530674033
soon thanks,-0.039856232755555686
cnet tv,-0.039873203789456246
stefano,-0.03989044248086391
issue ssp,-0.03992343051343096
authninstant,-0.03992769670924322
schedule variance,-0.03994361526069473
fleming,-0.03997974429966389
hoffman,-0.0399820890301907
compat,-0.040009014408070066
perl 10,-0.04001037949670845
deep breath,-0.040036119383497916
pmml,-0.040038452561216194
4040,-0.04003869608367493
url 20,-0.04004203508854832
yast2,-0.040052777998262505
groundbreaking,-0.04009612654347977
section thanks,-0.040110265691782894
learning techniques,-0.04012308106012227
21 million,-0.04012375891167267
use like,-0.04013571602315206
sms,-0.040155634342573486
dans,-0.040168768255913534
february 22,-0.040176101214086414
fantasy,-0.04018684311288249
way just,-0.040198496904410116
tld,-0.04020296042154146
hodges,-0.040204562054740246
facundo,-0.04020894871273292
exotic,-0.04021298769847626
zh,-0.040214693744598115
python trunk,-0.040215538454941656
21 feb,-0.0402164478589732
2to3,-0.040222966030771225
12 53,-0.04024343146834085
noreply,-0.04026729362271939
benchmarks,-0.04026774385147788
lib64 python2,-0.04026775903182291
rickey,-0.0402867917946397
shall glad,-0.04034932576983625
point time,-0.04037478079242172
know things,-0.04038035521989898
cflags,-0.040384684893537935
port number,-0.040390883501003005
workshop held,-0.04039315173175199
csli,-0.04041051091338272
moses,-0.040437810272891624
pls let,-0.04044621923752387
acceptance rejection,-0.04044982929254707
fail ok,-0.040450723900591234
supervised,-0.040484325745787246
scholarship,-0.04049249351759089
12 pages,-0.04049276397503766
status score,-0.04049409153659699
10 38,-0.04051092545312222
157,-0.0405239346392838
university technology,-0.0405359350236522
03 07,-0.04054992943895107
spreading,-0.04055422723943532
ready start,-0.04056698661097891
vanilla,-0.04057167080941666
usr include,-0.04057196215036101
meeting follow,-0.040575940814158454
policy scope,-0.040577299607770574
bologna,-0.04057880856072123
money cash,-0.04059193343788555
40 com,-0.0406095276153723
forster david,-0.04061962177683294
receive response,-0.04062133958259873
thoughts ll,-0.04069825799864664
box number,-0.04071019746305259
mediation,-0.04071543345713671
linux comment,-0.04072870420013947
date 02,-0.04073341693551518
mon mar,-0.040788014879615135
bet,-0.040851805488481205
uname,-0.040858375111893254
imceanotes,-0.04086070313962238
mailto imceanotes,-0.04086070313962238
ends soon,-0.0408656880074943
pygame,-0.040866994707687926
paradigm,-0.04086895862208782
whilst,-0.0409007595869937
april 12,-0.04090736297654582
varying,-0.0409308517858481
cleaning,-0.040937384478329814
roberto,-0.040963632913192785
tokenizer,-0.040997455692880255
subject greetings,-0.04100522363113213
inspire,-0.04100956823352187
gradually,-0.04101792017006205
techrepublic pro,-0.04106231098593709
phone 31,-0.04106522551692642
lynn,-0.04108346644722802
santa barbara,-0.04108550629842647
investment grade,-0.04109193248854202
mary kay,-0.04111937880015769
elsevier,-0.041123123002310816
build lib,-0.041125412376238686
assigning,-0.041137678996240205
south,-0.04114151154300734
granada,-0.041145727529331794
lib file,-0.041163586188045775
regards rajko,-0.04116510170448278
kernel methods,-0.04116645606383948
poorly faked,-0.04116673638415775
mta received,-0.04116673638415775
faked mta,-0.04116673638415775
5817,-0.04116747282877622
bug 5817,-0.04116747282877622
conference artificial,-0.04117307248368301
unsubscribe daily,-0.04117405397915151
mswin32,-0.041180991786932485
searchwinit com,-0.04118659665948766
31 st,-0.0411869729922943
integers,-0.041213356115468676
regcomp,-0.04121337769114806
stderr,-0.04122335388792048
bal,-0.04122580419066678
valuing,-0.041236678733227235
imply,-0.041238243445508305
lib archive,-0.04125299353848518
thanks david,-0.04126883772822381
rajko url,-0.0412734705456394
5817 poorly,-0.04127552942020756
opensuse updater,-0.04127660072794197
32bit,-0.041317246596775575
money world,-0.041327290823267325
ld_library_path,-0.041340623583767215
minutes average,-0.041361297582238984
tentatively,-0.041383576233167324
rtf,-0.04139015624958912
want feel,-0.04141905852841353
02 07,-0.04142123443306301
useperlio,-0.04142363249675881
40,-0.0414449399103238
year notification,-0.04145135357058486
nouns,-0.04145349193438138
sqlobject,-0.041460443060477664
18 feb,-0.041464850479023735
spool postfix,-0.04146636364537735
glance,-0.04147582889189826
health sciences,-0.041519731561520716
governance,-0.04153535798340857
incomplete,-0.04153750551940121
products help,-0.04154235286595443
federal energy,-0.041567995908459096
today read,-0.04158084610771202
auctions,-0.041612519751480545
inria,-0.04161356368226173
chris original,-0.041614295365582595
12 45,-0.041652640623782176
duseithreads duse64bitint,-0.041654641967205454
albany private,-0.041657877995085926
th july,-0.04167400733112291
386,-0.04167925734766782
energy regulatory,-0.04168011525938324
regulatory commission,-0.041684974352616574
mail centre,-0.041698124116837335
postfix users,-0.041721734850063814
csli stanford,-0.04172640374251167
language resources,-0.04175306774992944
12 36,-0.04176335671302359
alt spam,-0.041765447162973375
january 16,-0.04179431903482102
appreciated best,-0.04179623134879126
granada spain,-0.0418138433548077
solves problem,-0.041821296508179874
jeff bone,-0.041823909435357395
hour start,-0.041825519358471404
perlio perlio,-0.04184322277563884
uri schemes,-0.04186484490972217
inefficient,-0.04190683302389272
shore mail,-0.041914411412810826
08 49,-0.04192557928441151
ctypes,-0.0419377608279861
provide feedback,-0.04195492127937616
dust,-0.041979785046671075
convenience appreciate,-0.04198484845450475
coresvr,-0.04199081868547324
email program,-0.04199775058478501
collaborate,-0.042000912036535006
porting,-0.04201121191988248
commercial support,-0.04201262042536003
02 policy,-0.04201401328848456
21 38,-0.04201750815497543
megapixel,-0.042024216441257846
equality,-0.04202889179587928
security issues,-0.04203113941867061
followups,-0.04209046419113532
wolfgang,-0.042099729056774594
mod_perl,-0.04210915595809693
awareness,-0.04211713438995148
versus,-0.042127832345715405
summary fail,-0.04212797576029532
checked avg,-0.04213134248685466
mat,-0.0421493205276598
bone wrote,-0.04219908908075183
essays,-0.04221915244129535
ideally,-0.04222031812480489
help mailing,-0.042235285767479765
best garcia,-0.04225914535646747
official statement,-0.04225931822549466
problem best,-0.04229384973127302
jewelry,-0.04232258216273943
argumentation,-0.0423271097893941
web mining,-0.042333150688354845
finished scan,-0.04234425730212247
ahmad,-0.04234935151174113
02_cpanplus,-0.042382524278201654
x86 cpu,-0.04238798255830697
winxp net,-0.04238801943434902
mswin32 winxp,-0.04238801943434902
relaying,-0.04239135229453271
url net,-0.042423661140549136
detmering,-0.04245674099976602
best way,-0.04246636729780446
dept posted,-0.0424672410482308
good work,-0.04246945422997787
sind,-0.04248154996354881
standardized,-0.04248589993018189
compiles,-0.04249211181132884
market conditions,-0.042501363641701456
net sp2,-0.042502210741798295
like talk,-0.04252605045779329
designated,-0.04253351267062451
site map,-0.04255453028855465
sent help,-0.04255876189765762
com ______________________________________________,-0.04255876189765762
pisa,-0.04256861520490169
entrance,-0.04257520530164664
signed unsigned,-0.04258254599738032
sheri thomas,-0.04260189721273463
startfile,-0.04263084589503824
os startfile,-0.042631012483239764
reply header,-0.04263393134881896
thanks follow,-0.04263618878226111
august 28,-0.04263620898878639
london,-0.04264052176664141
subject delete,-0.042644822765919695
inn,-0.04265264205006115
jae,-0.04268206572823148
header unsubscribe,-0.04270750828665327
viktor disclaimer,-0.04270750828665327
ignore reply,-0.04270750828665327
replies ignored,-0.04270750828665327
disclaimer list,-0.04270750828665327
send worked,-0.04270750828665327
unsubscribe postfix,-0.04270750828665327
followups list,-0.04270750828665327
link response,-0.04270750828665327
follow respond,-0.04270750828665327
delete quickly,-0.04270750828665327
respond worked,-0.04270750828665327
ignored ignore,-0.04270750828665327
list followups,-0.04270750828665327
response solves,-0.04270750828665327
want able,-0.04271258475279311
ecom 40,-0.0427157646710634
dperl_old_copy_on_write,-0.042754377486322076
batista,-0.04275471505714684
productivity,-0.04275978279870445
bin newaliases,-0.04278117391011302
doesn look,-0.042795850911163356
var lib,-0.04282871146037254
tale,-0.042847877751488975
underground,-0.04285215461289914
isaac,-0.04287305770300764
transformation,-0.04291686620426743
silence,-0.04292663322457926
pge mkt,-0.04292703122171191
id pge,-0.04292703122171191
evolutionary computation,-0.04294986511845068
publishes,-0.04296574503149536
brian redmond,-0.04300603461526211
wednesday 07,-0.04301344233880935
libexec,-0.04302020280393332
dialogues,-0.0430535377212364
dfl,-0.043098668942580916
constitution,-0.043129918743414715
pragma,-0.04313153712352424
25 08,-0.04315353989596078
ldl,-0.04317678812273748
foreach,-0.04318556741187276
address given,-0.04319697393209017
learning data,-0.0432139260227182
sys stderr,-0.04321436940025944
copies papers,-0.04322106769642296
simplified,-0.04323225298926048
03 05,-0.04323452881114419
counted,-0.043257191173919116
accflags,-0.04326044893377096
accflags dperl_old_copy_on_write,-0.04326044893377096
v0,-0.04326919864097957
newspapers,-0.043288197491027774
sle,-0.043301417461747045
just tried,-0.04331164574967831
office 713,-0.04335511008375142
university illinois,-0.04335875457830286
substitutions,-0.043370252067060876
02 09,-0.04341070884812479
wrote need,-0.04345251468158506
breakage,-0.04345317363463873
azurix,-0.043464731706033474
implicit,-0.04350374563321769
researching,-0.043504736653463674
occurring,-0.043518157245021456
things need,-0.04351861744337834
quotes,-0.043539870172167
executive director,-0.043556378210344034
becky,-0.04357089415885737
manuscript,-0.043579873084510105
best brands,-0.04359559923608926
rw root,-0.04359875580268335
5293,-0.04360724219833596
processes,-0.04360793148596004
perls,-0.04365330176705634
oriental,-0.043653702132674665
april 23,-0.04365387441655033
peer peer,-0.04368756200648779
discrimination,-0.043693393644520205
theory practice,-0.043711254498837095
libexec postfix,-0.043718997566016035
facundo batista,-0.043736091389534645
energy business,-0.043767620289387535
endeavor,-0.04377684219542067
perl version,-0.04378846972791041
western energy,-0.04379414118954834
attached revised,-0.04380791516250163
1b,-0.04382132501125163
10 000,-0.04384342632381364
kettler,-0.043845613622585246
py year,-0.04385724730824185
12 35,-0.04389757439002363
mark hall,-0.04392069822529961
francois,-0.04394288013200001
squared,-0.04394865115310271
time open,-0.04399603878661463
struct,-0.044009905070873684
abandon,-0.04401582281542918
errno,-0.044037722104910866
education,-0.04404222773650489
unsubscribed,-0.04410262539238781
chips,-0.044110746939723625
killer,-0.04411430597914657
need provide,-0.04412283877175789
cette,-0.04413014630192119
awl,-0.044130607573641914
literal,-0.04413589520173586
48 number,-0.0441508683743497
discount,-0.044155621457555486
posted scuttlemonkey,-0.04418218894577721
scuttlemonkey,-0.04418218894577721
d0 craig,-0.04419448566525747
brackett,-0.044215508159642515
mbr,-0.04421700347164604
tels,-0.04423078624934205
matt kettler,-0.04424235819650988
investigators,-0.044254500690064334
message contains,-0.04428818281037444
cu,-0.044296474952400945
rough,-0.044299932812140876
robots,-0.044312087732047686
universal isa,-0.044334669961576784
including references,-0.044343316866763655
112,-0.044374460560293205
phonetics phonology,-0.044403204786114855
02 23,-0.0444064356508402
duselargefiles,-0.044426019928914
com object,-0.04443042841211917
year enpower,-0.044457876025920315
generating,-0.044462440758225336
fuel oil,-0.044483863668267384
jdd wrote,-0.04448457858067692
university washington,-0.04451754537452314
pro members,-0.04452531412264065
does change,-0.04452687703919415
com soman,-0.044549518107955405
smtpd_banner,-0.04455356655339618
personalization,-0.04455422937088804
funds bank,-0.04458615629444262
govt,-0.04458957262953166
longview,-0.04459607382027047
agent number,-0.04465899949818474
received email,-0.044660564759626126
shape,-0.04466187411422239
send resume,-0.044690588656797016
think better,-0.04469662894516157
dallas,-0.04470241613334135
engineer,-0.04471513914411354
invoke,-0.0447425895710443
renewable,-0.04474280102295599
pc,-0.044764199972529686
declarations,-0.044834294168747305
use http,-0.044842640723217767
tr pro,-0.044845612217790966
ems,-0.04485266715229041
33 year,-0.04486159028168431
pan,-0.0448689141619349
protects,-0.044882346805827436
taylor nguyen,-0.04488639128004009
hjalmarsson,-0.04488713947502094
gunnar hjalmarsson,-0.04488713947502094
yast software,-0.04488876539202614
enforce,-0.04489222535808585
unload,-0.04490161686979429
10 37,-0.04490776345170016
480,-0.04493096798159077
meeting scheduled,-0.044940241953215054
stella,-0.044950539988034055
coordinated,-0.0449539836478788
mistaken,-0.04495891097503217
new uri,-0.04500120392670812
freezes,-0.04500271509094658
searchwinit,-0.04503790720595063
wrote trying,-0.04506625758391626
debbie brackett,-0.04510698286397852
subject workshop,-0.04512214419590671
gaskill,-0.0451482555596722
oriented architecture,-0.04517545795465561
representational,-0.04518092169338323
trojan hupigon,-0.04518224982659596
imposed,-0.045214027387358156
meds dirt,-0.04523951519637823
mini,-0.0452424309268178
workshop recap,-0.045252327436814815
permitting,-0.0452527463471442
list mail,-0.04528704758998695
dirk,-0.04533323959566091
brandon,-0.04538873665619839
university manchester,-0.045404111144885566
smp,-0.045430768990554767
pcre,-0.045435029857258655
price cap,-0.04544976172557681
mw available,-0.04546386540301475
usr libexec,-0.04547651761261251
rw,-0.045498076728359337
variance table,-0.045527877822140364
details hour,-0.045527877822140364
infrastructure,-0.045533651243334874
news alert,-0.045542032318677525
billions dollars,-0.04555234505203493
date sat,-0.04555923600318362
60 days,-0.04557683771075041
wish continue,-0.04558878245379156
power project,-0.045600955626322125
treasure,-0.0456034276470453
17 th,-0.04562417349247002
november 15,-0.04562938520373495
power prices,-0.04563385066537864
43,-0.04566538162526272
look forward,-0.04567611855261915
0100 ist,-0.04568842586485671
number including,-0.04570526710564966
supplies,-0.04570732276349495
mil,-0.04570964429534408
04 10,-0.04571857499221487
interested,-0.0457243683756807
lsa,-0.04573794621915618
withdrawn,-0.04579973614300561
finland,-0.045801668967163964
institute technology,-0.045814224093582975
import sys,-0.045828544163179497
closing,-0.0458368105923805
account number,-0.04585923763115984
banking days,-0.04586278747799696
king college,-0.045871211640869325
preposition,-0.04589741310863389
ext3 check,-0.045899881673676424
19 00,-0.04592066258033151
friday year,-0.0459547929415162
check forced,-0.04597212096245716
forced frustration,-0.045973538271607044
hedden wrote,-0.04598179184548425
logfile,-0.04599080926389829
eases,-0.046005225501437375
university liverpool,-0.046016671377504564
attached project,-0.04602411612254622
________________________________________________________________________,-0.046025019167804694
decision support,-0.046028270056899884
type multipart,-0.04605460981339807
krishnarao,-0.04607856380604008
00 15,-0.04610027845010558
i586,-0.04610143892909773
feb 19,-0.04615678050135183
producer,-0.046185715760106986
norwitz,-0.04621914508998516
following link,-0.04622854374332044
catalyst,-0.04624084937063613
pst number,-0.046248157577207495
fallen,-0.04626614303299494
reform,-0.04628147731283373
freebsd,-0.046281783773519526
research center,-0.04629980981416549
neal norwitz,-0.046300934637950875
wrt,-0.04631681922210172
americas office,-0.04632682363264095
thursday november,-0.04633078426741799
present paper,-0.04635290692698798
09 21,-0.04638969665881834
kern river,-0.04642045087096272
kitchen 713,-0.04642225050794662
maillog,-0.04645706167443322
watches rolex,-0.04648170389076257
common args,-0.046544506000547776
failures common,-0.046544506000547776
spamc,-0.046553732519809196
contention,-0.0465586209642995
schulz wrote,-0.046563743054164955
flowed content,-0.04656550041761712
tests run,-0.04656763924889849
rotate,-0.04658566569638374
tfailed,-0.046593979513642594
learning methods,-0.04660460098651859
maintperl,-0.04661012343625971
supervised learning,-0.04663072462229826
lacima,-0.04663683901784935
functionalities,-0.04665353271387942
annotations,-0.046674340527290976
aaa,-0.046691164213094695
mw peak,-0.04669702105970398
16 40,-0.04670398917715262
lib usr,-0.04670773737419184
4220,-0.046709213903692634
pd,-0.04672629449734014
07 19,-0.04673824577440006
transport_maps hash,-0.04674328200908769
01 01,-0.046772336278931625
13 14,-0.04679068287994424
8562,-0.04680863990903981
713 253,-0.04680934479391736
wrote want,-0.04681207334264707
assistant louise,-0.0468133823820628
hudson,-0.0468216467535531
subjected,-0.0468304042762656
__main__,-0.046841534551252034
number receiving,-0.046846308495569776
expert systems,-0.046851457938650774
timed,-0.04687856813902517
formatted,-0.04690793045645064
opensuse ext3,-0.046912025726414015
8562 fax,-0.04691605184683922
2131 mobile,-0.04691605184683922
646 8562,-0.04691605184683922
chair assistant,-0.04691605184683922
schoppe americas,-0.04691605184683922
253 2131,-0.04691605184683922
853 4220,-0.04691605184683922
jerry hedden,-0.04692837771952575
hedden,-0.04692837771952575
tfailed non,-0.04693376008318551
fpic,-0.04693715500238607
dynamics,-0.04694229595659471
boumans,-0.046966671627105126
jos boumans,-0.046966671627105126
pm original,-0.046988862814038114
incredibly,-0.04699382418776292
indirectly,-0.04711948838322219
tuesday june,-0.04712081954486616
__name__,-0.047144816203288024
university hong,-0.047165664563184766
weren,-0.0471812152583893
free zone,-0.04720070053753751
django,-0.047208817897232774
devil,-0.04723345109238299
consonants,-0.04724545513118014
merge,-0.04724791212659638
devx,-0.047268112250953835
tarragona,-0.047281158806740206
dean,-0.047300623175286334
don time,-0.04732813257467384
cpus,-0.04733570323484328
inactive,-0.04735742830688245
applied patches,-0.047383634202703695
jar,-0.047387020617469154
penalty,-0.04739938714545208
circulation,-0.047408175569643704
shankman jeffrey,-0.04741164642536803
principally,-0.04743904237909157
14 02,-0.047446188985704275
whitespace,-0.04745418042029098
files url,-0.047461610446241934
ohio state,-0.04746169280237485
forwarded kevin,-0.047464129843921884
pinnamaneni,-0.047469405947473224
disseminate distribute,-0.04747333356137352
mar 15,-0.0474736933075381
mx record,-0.04747494643259713
cause problems,-0.047554799034559135
columns,-0.047555777980764116
aliasing,-0.04756138216191661
mbox,-0.04756665055182884
locally applied,-0.04761506503999036
date sun,-0.04764040569593705
13 13,-0.047673718431472965
special issues,-0.047685837046084444
02 21,-0.04769718821194481
states america,-0.047707208312225004
laws,-0.04770901375328844
number configuration,-0.04772045353962808
4220 office,-0.04772641786573545
louise attached,-0.0477447087034921
api,-0.04775148261644499
3d,-0.047771383621101934
high profile,-0.04778099950183578
presume,-0.04780912931348941
john louise,-0.04782791028648705
35 000,-0.047829281057501165
mprime,-0.047865890519693324
information information,-0.04787116764901824
important dates,-0.0479427139271471
open positions,-0.047948264248976684
sao paulo,-0.04799668778176239
fno strict,-0.048020087332956374
strict aliasing,-0.048020087332956374
paris,-0.048038474284547265
peter peter,-0.048052930010145024
status number,-0.04805819608258615
karsten,-0.048059967123698845
hex,-0.04807459775720443
delimiters,-0.048116492390521556
year cambridge,-0.04811828448875073
uuseimpsys dusemymalloc,-0.04812263945947726
file usr,-0.048144755152724567
constrained,-0.04815283559454654
field,-0.04816626899387837
gcc ts,-0.04817551348475558
smokes gcc,-0.04817551348475558
ts maintperl,-0.04817551348475558
maintperl ext,-0.04817551348475558
ext win32core,-0.04817551348475558
sat year,-0.04817572060860503
schedule final,-0.048180763502594294
15 07,-0.048190603276533434
uninitialized,-0.048190684825826155
password account,-0.04819818986163439
25 10,-0.04820689060360608
desert,-0.0482288570239722
bug fix,-0.04827863255261867
address click,-0.04828182901584408
convincing,-0.04830491488166941
dorie,-0.04830695209373805
associates cera,-0.04832374254655277
03 13,-0.04837415402923509
rebecca,-0.048375034945704665
iterables,-0.048394605520292684
peakers,-0.048409279523264716
users want,-0.04841297947183444
works just,-0.04842813555583342
year include,-0.04843849096598867
semantic web,-0.048441105201508884
cte,-0.04844950269123462
47 48,-0.0484690417978999
root year,-0.04848071999037152
built function,-0.048503745728627305
phrase structure,-0.04850866563837555
trac,-0.04851273630649337
pa number,-0.04851468197249061
vickers,-0.04851660357972575
cera confidential,-0.04853773492449048
information cambridge,-0.04853773492449048
convenience let,-0.048550364954814
pdt year,-0.048551370011644675
19 feb,-0.04855541178321392
code base,-0.04857561128003792
rebuild,-0.04858200878091631
imp,-0.04858696709416276
andreas koenig,-0.04859446276246788
heidi,-0.04860826890015393
mcmahon,-0.04862610813187651
running test,-0.04862727724825985
complex systems,-0.04863496029817493
wd,-0.04864047511067415
wednesday july,-0.0486407354302493
privileged unauthorized,-0.04864749204911442
fall year,-0.04865166631146247
90 272,-0.04865252437616046
business partners,-0.048659910231822166
identities,-0.04870297184288147
00 03,-0.0487132717072604
noticeable,-0.04872409575911564
06 14,-0.04874055566967706
default ddebugging,-0.04875237820477984
ganjoo,-0.04875670662441859
prohibited terms,-0.04875874105159508
comments webmaster,-0.04875874105159508
shifting,-0.048773517375856945
beginning year,-0.04879140590921227
rollout,-0.04879564944164047
hello like,-0.04879862159411029
christian _______________________________________________,-0.048816390522035485
karsten bräckelmann,-0.04881989968172438
bräckelmann,-0.04881989968172438
thanks jeff,-0.0488283085654758
trading track,-0.048837933004677245
message contain,-0.048853582901171595
conceived,-0.048860848350058134
com tos,-0.04887524121652989
spam virus,-0.048892327033166726
national institute,-0.0489020247729513
288,-0.048917762005671224
academics,-0.04894315438817519
symposia,-0.0489759152026417
contribute,-0.04899625697502404
com smtp,-0.04899728849872697
dorie hitchcock,-0.04899968091419417
intensity,-0.04900223906490419
veronica,-0.04900257489314013
internal id,-0.049030579229518166
url complete,-0.04905049710692972
url number,-0.04905346314765566
11 37,-0.04905501058480698
method resolution,-0.04906427432158398
customer,-0.04910100598435925
m64,-0.04913037400239019
silva,-0.049132886169038645
backends,-0.04914633609240249
lindsay,-0.04916993560514399
emission,-0.04917318624073195
aliasing pipe,-0.04919295716103272
resist,-0.04921106956478586
enviado,-0.04921469426859688
norton antivirus,-0.04921731397473846
b7,-0.04923185808367411
long run,-0.04927164390063087
widow,-0.04928941493194049
ministries,-0.049293694527237135
smoke report,-0.04929611987250117
automated smoke,-0.04929611987250117
exotica,-0.0493088596997586
shalesh ganjoo,-0.049310287381237466
defence,-0.049312727432254164
java developer,-0.049315486766026435
crucial,-0.04938566476778164
error make,-0.04939293073271417
thursday january,-0.04940293112372888
uninitialized value,-0.04940442274236616
spy number,-0.049411994565250646
bent,-0.04943223006616293
bowl,-0.04943383640501322
configure make,-0.04946559971934518
10 24,-0.04946642185062932
uai cfp,-0.049469228055417494
zero wait,-0.049481913631180346
wait status,-0.049481913631180346
540,-0.0495008820873629
remarked,-0.04950907372842299
logical,-0.04951820332539536
v2,-0.04955240232389878
use uninitialized,-0.049577810450656394
help make,-0.049592887989005185
__class__,-0.049621515295433134
31st,-0.049650773589573725
wrote yes,-0.049682074487403874
non ready,-0.04968731095393163
ready kde4,-0.04968731095393163
11 non,-0.04968731095393163
check_policy_service,-0.04972576937759992
douglas otis,-0.049742014370134736
don need,-0.049750906005757906
smoketime,-0.049757896152542204
comfort,-0.04977056546131279
comparing,-0.049772360840008315
hammer,-0.049784503078608634
mail delivered,-0.049798615114734
email new,-0.04980777577070317
simpson,-0.049815007296256895
lot work,-0.04982714561105441
talks,-0.049837159824955735
cpanplus dist,-0.04984941607406067
plot,-0.04987549442184942
works perfectly,-0.049926869940973256
radish jmason,-0.049935471040123414
year high,-0.04993970873704898
105,-0.049948097478886226
redundancy,-0.04997143005226927
institutes,-0.04997371917496783
iron,-0.04998045489976587
senior director,-0.05000716539866439
intuitive,-0.05002377940929414
build failures,-0.0500372484894177
korea,-0.05003994024437947
0a,-0.050045539024202855
cr,-0.0500735431839339
report failure,-0.05008003922228966
207 783,-0.05011248473640138
ve looked,-0.050119150015042704
company stock,-0.050122039818984034
sending email,-0.05012239529339402
configuration common,-0.05013643103939719
results available,-0.050136708658259074
cleanup number,-0.0501450428190846
washington seattle,-0.05014582384158403
broader,-0.0501591004006392
txt error,-0.050160197944736105
losing,-0.050171448854642094
coffee break,-0.050175604960786165
technology sydney,-0.05018109666729227
thursday july,-0.05019842215899032
user id,-0.05021846727959502
20 16,-0.050229347016527266
drive ll,-0.05023526481801986
test prep,-0.05024452924728027
regexp postfix,-0.05024632393695149
51 year,-0.05025125717975561
settings,-0.05027301841912575
duseithreads stdio,-0.05028051573713505
postfix smtp,-0.05028529975393596
help achieve,-0.05029927994977074
dates paper,-0.05031091860139614
337,-0.05032190982605918
fossum,-0.05034462557547624
failure extended,-0.050347604661972786
harness running,-0.050347604661972786
failure test,-0.050347604661972786
extended report,-0.050347604661972786
failures unknown,-0.050347604661972786
prep number,-0.050347604661972786
unknown configure,-0.050347604661972786
available build,-0.050347604661972786
ok failure,-0.050347604661972786
miniperl make,-0.050347604661972786
urllib,-0.05035646080517783
cnrs,-0.05036049498370764
just read,-0.05037085863423168
receive orders,-0.05037215406625627
things going,-0.050376326630499936
sg,-0.05038531551369103
00 69,-0.050395581236391096
contact business,-0.050401362009480345
packs,-0.05040255085949714
self state,-0.05040563163976396
catherine,-0.05043461841776295
untimely,-0.05048008497630782
version platform,-0.05051643357841639
lib lib,-0.05052043978544806
conference year,-0.05052423180608982
annum,-0.05055528519149781
cpu automated,-0.05055794504226836
lib64,-0.05058336938118507
usa fax,-0.050592391989821045
48 51,-0.05062416342418524
searchnetworking com,-0.050624891953061434
box office,-0.05064192727952797
win32core text,-0.0506549116444851
million year,-0.05066713947651715
tests,-0.05067474094378542
pace,-0.05069416219060219
year extended,-0.05072688890856742
00 rest,-0.05073182330316269
working group,-0.05073534761197324
cloth number,-0.05074416044337833
sender,-0.05076304475297525
trading business,-0.05076880218688238
email number,-0.050771447903631896
wordpress,-0.05077447205200932
papers special,-0.050791550603095516
revise,-0.0507931136643838
severity,-0.05087752130014856
intelligent data,-0.05089445439496722
enclose,-0.050901910965985675
wednesday 13,-0.050902346079999015
brisbane australia,-0.0509053189309372
duserelocatableinc,-0.05094042559650418
29 08,-0.0509484554229745
exposing,-0.05095170040133585
greg freemyer,-0.05095451896060794
freemyer,-0.05095451896060794
university helsinki,-0.05096421324227133
7626,-0.05096981656642974
need add,-0.05097140201211816
status quo,-0.050978025661818575
switches,-0.05101653495332414
com wrote,-0.051042833556305074
osbf,-0.05106006038605253
cambridge university,-0.05113996714255227
center,-0.05117836214127228
19 february,-0.05119066011624959
bnn,-0.05122054505460614
9_git,-0.05125055761928187
9_git number,-0.05125055761928187
recent work,-0.05125124558129215
tuesday october,-0.05129254687013376
helsinki finland,-0.05130726383381387
systematic,-0.0513529771452119
iow,-0.051355279708458136
usr lib64,-0.05135581740301827
just minutes,-0.051375945556985395
enquiries,-0.05141872879147891
franklin,-0.05143529365816835
understands,-0.05145109997854474
calgary,-0.051461143214449966
nowlan,-0.05147732220183148
stu,-0.0514820782775885
reserved longer,-0.051482448829323874
ssp,-0.05148624671666848
organizers,-0.051498731141576805
hashes,-0.05150342550711041
targets,-0.05150424885333086
information confidential,-0.05150735463275001
seasons,-0.051528428229541866
scribner,-0.05154429800925282
shepherd,-0.05154588729927345
waveform,-0.05155406146890943
check_sender_access,-0.05155987333083823
publishing web,-0.05157495891018053
com helo,-0.051576245980825865
superty,-0.051583878056539766
dsl,-0.05159392327663074
wrote 11,-0.05163642061074669
interval,-0.05164688212757695
tester,-0.05167045170732997
portuguese,-0.051683023383295924
democratic party,-0.05170309731196592
reversed,-0.0517375473092127
v1 gnu,-0.051738181483225724
peterson,-0.051761120129229184
searchstorage com,-0.05176562371879212
subject wekalist,-0.05178687078188121
figured,-0.05179530113917982
frameworks,-0.05180646656414518
10 03,-0.05187733194917439
11 36,-0.05188910387960999
clitics,-0.05189046444511127
like url,-0.051906213618523996
users digest,-0.05190999788251628
signal processing,-0.051940619622571634
position available,-0.05194713899293914
bar ilan,-0.05194713980654276
criticism,-0.05195754673293311
02 tie,-0.05198887100307403
os path,-0.05202330258206633
decision analysis,-0.05203290083332183
wider,-0.05205782484852425
someday,-0.05208391534751772
declared,-0.05209637179209314
want update,-0.05211757666198575
trunk website,-0.052119622916878064
core tm,-0.05212260666099588
08 41,-0.05212674890483449
15 op,-0.052135069405654356
understanding,-0.052137935868824516
illinois urbana,-0.05213812165549405
appreciation,-0.05215573710869087
apache2,-0.05215642219665165
mills,-0.05217866191195328
niles,-0.05217991666355491
platform os,-0.052185724620533135
favre,-0.05219885656118098
223,-0.05220384950625605
struck,-0.05220983363782981
world cloth,-0.052290428830698836
northeastern,-0.05230021155447954
2131,-0.05230635288765871
humility,-0.05231077553615533
governor davis,-0.05235971930756817
postdoc position,-0.05239354031898707
speculation,-0.052403338975295234
commercial paper,-0.052414814797224984
09 08,-0.05241783427487748
degli studi,-0.052422802571521404
degli,-0.052422802571521404
triage,-0.052425394835776684
lon vince,-0.05245369851856466
66ghz,-0.05246031528134369
schoolcraft,-0.0524631887779939
__init__ py,-0.05246809263177864
perl6,-0.05248198832138319
monday august,-0.052489012317262454
auto win32core,-0.05251364050817007
exhaustive,-0.052534424632690625
text alias,-0.05254987301747258
3000 text,-0.05254987301747258
alias text,-0.052549922960498034
experts events,-0.05255320466289358
lib perl5,-0.05257815928756302
declaration function,-0.05259064254455417
warning implicit,-0.05259064254455417
petrol,-0.052638754463855936
james scribner,-0.05265116030181392
darrell,-0.052651295748395506
reuters news,-0.05269630581144134
like attend,-0.05271126318052672
email text,-0.05271500189280314
similarities,-0.05274414371665973
04 02,-0.05275749560005582
east coast,-0.0527649782172879
alternatively,-0.05276840424456989
want ask,-0.052774733643548045
charts,-0.05277600313550304
moral,-0.052787926600801796
power supplies,-0.052799900925424297
historica,-0.052799935842014124
themes,-0.052809609067045946
news events,-0.05283814100021675
residents,-0.05283814104991117
year participation,-0.05284902528496263
var spool,-0.052868216183829204
web server,-0.05286950319963893
30 minute,-0.05287131104659125
index html,-0.0528843908911829
vienna,-0.0529140107423623
03 30,-0.05292646079132089
sys stdout,-0.05293539699219235
gupta,-0.05294554404401734
subsystem,-0.052954664234628454
free risk,-0.05298314382044522
february 13,-0.0529867830180397
011,-0.052991351945974687
enjoying,-0.053011187405164494
gnome,-0.053032476080279854
gerard goossen,-0.05306279589998072
goossen,-0.05306279589998072
tiv,-0.0530785726871074
stephan,-0.053087910191003514
sincerely sam,-0.05309887318878902
related topics,-0.05312256602408892
electric power,-0.05312619618018586
error couldn,-0.05314459582808641
reviewed,-0.05314954819194674
recourse,-0.05315376276326432
searchsoftwarequality com,-0.05318490752739428
dist mm,-0.053207456217478626
syria,-0.05321426447798447
tax reserve,-0.05322657118260976
affected,-0.05324259558262965
clam,-0.053270058576350594
view webcast,-0.05330809572423642
auditorium,-0.053310997008982716
react,-0.05334295705112842
confidential information,-0.05334563782071077
million customers,-0.05334613706075447
work thanks,-0.05334677679240994
bag 102,-0.05334820452111733
102 904,-0.05334820452111733
confirming,-0.05335037257256086
sensing,-0.05335584823745312
want want,-0.053370721332538805
panic,-0.05338260645579536
anthony,-0.05339544047445346
know work,-0.053403603036238464
reinforcement learning,-0.05343038266231734
research interests,-0.05343502084205216
bleeding,-0.05346788353822653
arizona state,-0.053494199156990406
adopting,-0.05351293875018028
20_cpanplus dist,-0.05352277941206647
20_cpanplus,-0.05352277941206647
libs,-0.05353677250922877
berkeley ca,-0.053545948895872914
lectures,-0.05355197138423017
587,-0.05356227280724875
ve noticed,-0.05356306990662534
group 713,-0.053589028100994515
enronxgate,-0.05360867445669758
6525,-0.05362308126571317
milter,-0.05363454063157538
elif,-0.053677867455996515
time like,-0.053702056769377955
gas storage,-0.053710636839821906
need foreign,-0.05372325157427461
universiteit,-0.05373591936478472
available demand,-0.05377280833785199
fri 22,-0.0538645824453377
use time,-0.05391241477429981
newsletter issue,-0.05392183469652408
rcs file,-0.05393924035787951
file cvsroot,-0.05393924035787951
c2 r1,-0.05394506212372433
refusal,-0.053964837010195936
abilities,-0.053980140179973025
wrote new,-0.053980416993067
utc rev,-0.053981890861317036
mailer,-0.05401932102644007
examples endpoints,-0.05403434338844624
email addresses,-0.05404043561790796
working fine,-0.05404534976818756
cpanplus 20_cpanplus,-0.0540460899755607
cs_cache,-0.05407008088561344
receive webcast,-0.05409863091463524
politicians,-0.05412881430944891
unsafe,-0.05420902202166713
related products,-0.05421520019488319
oct 14,-0.05422971596062234
experiencing,-0.05424795468916848
lib module,-0.05426382844698424
ajaxworld,-0.054267147683652366
refining,-0.05428381738042453
lodging,-0.054284138388373954
mailserver,-0.05431722616726039
surplus,-0.05431971676568179
buildbot status,-0.054325880957506116
excellence,-0.054349490944147476
email details,-0.05436706946213529
perl5 10,-0.054367720289948594
02 01,-0.05441154272015887
soar,-0.054418885176414473
mua,-0.05441891512728999
phd student,-0.054422416877719836
diff c2,-0.05443388892891874
north carolina,-0.05443726675996412
buy com,-0.05445358763676719
client dispatch,-0.05447176865283889
energy markets,-0.054475777913245045
transition,-0.0545034381491035
details ll,-0.054517709101541946
14k,-0.054529509263264414
973,-0.05453191340695409
geneva switzerland,-0.054553165658509054
guardian fund,-0.054553669170106234
posix,-0.054581995426710155
existing code,-0.054595234637349416
message date,-0.05460846651734389
osman,-0.05462974178329478
know doing,-0.05463298904913999
cash flows,-0.054662913117009805
12 28,-0.054663003330436846
alert february,-0.05471371671254612
total cash,-0.054721944782672644
url active,-0.0547370690969607
dom,-0.05475922620038856
heatsinks,-0.05476508192410484
lending,-0.05476752946958798
gv,-0.05477034507573567
threading,-0.05477447386971546
greetings london,-0.05478141222977319
volatile,-0.05483146599565187
electronic mail,-0.05484800562017994
usr lib,-0.05489376603976677
language culture,-0.05490562204934181
product development,-0.05492678729754154
countries nerd,-0.054942532245368485
ehlo,-0.054958683938522976
year 44,-0.05496775661190131
today active,-0.0549706292473193
voltage current,-0.05500962878858251
worth,-0.05503095151778418
information look,-0.05506164102875346
encode,-0.05506685639508212
smokes,-0.05508812100820742
response time,-0.05509168841344457
brenda,-0.05510124849806161
py rcs,-0.0551062440857663
py retrieving,-0.0551062440857663
auxiliary,-0.05514623136555959
feb 24,-0.055162144057832534
sued,-0.05517618581828728
knows,-0.05518163507833019
iter,-0.05521841861416148
executable,-0.055263991671550536
students researchers,-0.055278326020344416
kmail,-0.05529336721781796
filespec,-0.05532153698616738
00 18,-0.05533773732231489
pm et,-0.05536412476737515
hi,-0.05538461900087226
wrote ok,-0.055391252329917
spam filter,-0.05539188611145018
market share,-0.055394838215281704
sellers,-0.0554018515402309
cnt,-0.05544498067841097
draft proposal,-0.05548266565412309
lives,-0.05548533342671373
211,-0.055496555215658244
gathered,-0.0554995091871907
verbose output,-0.055503090620293204
resolv,-0.05553470697441121
03 01,-0.05554368345593804
assignedto,-0.05555710266159408
feb 18,-0.0555765900215333
escaped,-0.05557862167387751
finishing,-0.055611869015070745
thu feb,-0.05565028068279311
essay,-0.055678363551985965
randall,-0.05570033468589104
did,-0.055704395032486635
nerd dk,-0.05570583833671823
perl developer,-0.0557259787130136
modeling,-0.05574250539478806
relational learning,-0.05574257578703691
tres,-0.055745198429824686
imprecise probabilities,-0.05574943674255609
read image,-0.055752747028528914
personal assistant,-0.05576165962404254
july 14,-0.05576631031989869
gaussian,-0.055778311229881895
quality products,-0.0557901103641289
year camera,-0.055793536627946075
553,-0.05579747102605673
exactly,-0.05581909126656138
commodity logic,-0.055830542361773004
lars,-0.05586006291541574
number address,-0.055860619243823205
resolv conf,-0.05590486186627874
containers,-0.055918496301786136
setserial,-0.055923996217264335
shane,-0.05593819166617229
url summary,-0.0559403667103919
experts techtarget,-0.05594707408305526
searchsecurity com,-0.055955053068297976
o2,-0.055962654592430675
federation,-0.05601882531277281
job alert,-0.056041486692527565
comments ll,-0.056078515777817195
sur,-0.05608080415388839
deck thanks,-0.05608172274369147
postfix server,-0.05608745185440878
score required,-0.05609325835789392
overcome,-0.056104272460088034
shooting,-0.05610819414707161
malicious,-0.0561283498885936
python url,-0.056151574604351495
tuesday morning,-0.05615561540360955
just buy,-0.05616568259178758
message time,-0.056190344085998024
fno,-0.05620189338779331
don hesitate,-0.05620549561524824
bloomberg 10,-0.05621816953761533
ranging,-0.056232707081973136
simpler,-0.056288857645353116
10 31,-0.05630050849507623
energy industry,-0.05630119192607836
importance normal,-0.05630310901119431
randal,-0.056309893256286776
required log,-0.05633502021807625
help protect,-0.05635335998454508
preserving,-0.05636138636012187
09 20,-0.05642387782466625
stayed,-0.05642753459919205
rss feed,-0.05644399852177909
propagation,-0.05644769378537366
rossum,-0.056468330209525915
reese,-0.05647867542197183
email send,-0.05650569254614393
just little,-0.05650832013665855
mobile device,-0.056524188953402915
mm failed,-0.056532440820951345
list like,-0.05654037094384428
reduction,-0.05654905396173227
islands,-0.056554955784211804
kathryn,-0.05656671738060405
katie,-0.05656961442045983
architects,-0.05657330984317475
powerpoint,-0.05657359898177291
appreciated ed,-0.05658005905250437
user password,-0.056590207857150306
01_ipc cmd,-0.05659165741529725
projecting,-0.056591908945124676
blah,-0.056603460252956324
searchstorage,-0.05660641308906735
spam relays,-0.056606553071796226
aisb,-0.056608591938439146
mashups,-0.05663275002662427
00 12,-0.05666883245182507
friday april,-0.05668290792764156
era,-0.05669672367207872
gerard,-0.05672644525224727
cmd 01_ipc,-0.05673117441264322
01_ipc,-0.05673117441264322
vms filespec,-0.05673573072330289
subprocess,-0.05673944254124821
radical,-0.05675510459094367
email messages,-0.056767572075841585
including limited,-0.05678232602181897
longman,-0.05679071641451549
killing,-0.05679983061365007
trading risk,-0.05681412319737699
searchnetworking,-0.05685667035153447
hd dvd,-0.05687214865310978
able work,-0.056874179835332585
organisers,-0.056877027368894835
nigel,-0.056907275530488126
new severity,-0.056913568131976365
product spamassassin,-0.056913568131976365
reportedby,-0.056913568131976365
assignedto email,-0.056913568131976365
reportedby email,-0.056913568131976365
email reportedby,-0.056913568131976365
spring year,-0.05693091191222284
completing,-0.05694579035025464
doctoral consortium,-0.05694880734381136
toutes,-0.05695860601010435
gk,-0.05696206495396176
line file,-0.05696246405690902
athletes,-0.056995873190050436
information retrieval,-0.057021054835203235
splitting,-0.0570328740251242
notify,-0.057040131708155785
trojan spy,-0.05704288018179752
things like,-0.057044553181528214
topics abridged,-0.05704704492337327
numbers easy,-0.057056736929436205
cmd failed,-0.05705753870622288
articulatory,-0.05712732242980622
submit paper,-0.05715758597741589
11 15,-0.05715761191717395
germany,-0.05716353792278627
14 days,-0.05718996698036906
dp,-0.057190020330183534
presidential,-0.05720517976931374
undefined reference,-0.05723369272998862
information extraction,-0.05723778124529109
sells,-0.05725412774919491
current research,-0.0572738809852475
walked,-0.05727957499591255
summarizing,-0.05729437455516779
extra_tokens,-0.057306346374749545
quilkey,-0.05731629612602888
18 07,-0.057317176132249084
opensuse10,-0.057324141815463525
com delete,-0.057324913656489986
assessing,-0.057329174093962945
sent list,-0.05736620665843739
trained,-0.0573753385893322
philipp,-0.0573905408183418
sequence,-0.057391049952646524
foo foo,-0.05739716494197604
make work,-0.05739956049347751
referencing,-0.057418902432545334
tuebingen,-0.057448229689377114
ridiculous,-0.05748491202117297
statement research,-0.05748863845023197
searchsoftwarequality,-0.05750617203871332
pwc,-0.05754091414458695
spam protection,-0.057578632212834505
847,-0.05758235668108981
peer reviewed,-0.05758527147742384
careful,-0.05761201783873554
evolve,-0.057618615249106345
18 february,-0.05764230375998017
bin mailq,-0.05764581818122845
mashup,-0.05766277206570494
ldc,-0.05766841569928985
high tech,-0.05768510333429423
paul quilkey,-0.05770419807559979
18 19,-0.05770954633556354
14 00,-0.05773869511627325
shankman,-0.057802041307275245
work way,-0.05783951308412868
executed,-0.05785440942839887
sverige ab,-0.0578748149232004
jamie lee,-0.05787569821494976
nominal,-0.05789217757759466
notional,-0.05790208298892763
just got,-0.0579405981447917
installers,-0.05795487494095047
mri,-0.057964034736578504
rule qa,-0.057974021348325855
university paris,-0.05799611224600467
running windows,-0.05803222236342489
new web,-0.058041279578524244
task,-0.058047592744482596
andrzej,-0.058056714968172454
provide necessary,-0.05806105838926191
fdntech,-0.05807573364524657
soman fdntech,-0.05807573364524657
fdntech com,-0.05807573364524657
soman,-0.05807573364524657
lm,-0.05810840903697664
leading industry,-0.05810988574582106
mailman com,-0.0581193162315582
harris steven,-0.05812397558801449
deadline april,-0.05812436764732535
implies,-0.058126058586867556
type application,-0.058128140482719956
__future__,-0.05817149825461822
questions need,-0.058183555223645975
number bytes,-0.05819175295874458
rc,-0.05819294070314884
right business,-0.058211791414383915
webcasts contact,-0.05821653632855253
skrev,-0.05824574157443472
02 10,-0.05827383931990156
patti thompson,-0.05827739488333482
doors,-0.05828862452328511
seq,-0.0583127339337567
year sent,-0.05832287333943993
check available,-0.05832488655135685
learning algorithms,-0.05833782277385092
silver,-0.05834435458627133
eol deals,-0.05835327135484512
make right,-0.05836350605599413
bankruptcy,-0.05842360527298668
mathew,-0.05845264317019728
enroll,-0.0584656968631498
increases,-0.058466868988094285
changes left,-0.05846706028125309
erica,-0.05848031403619116
60 00,-0.05848957512517271
914,-0.05849644979150101
left comments,-0.058500526794369734
25 th,-0.058502017506819465
bin sh,-0.05851447797991043
welcomed,-0.05852512966317829
jones news,-0.05852630133053378
905,-0.058535907951739505
decisions leading,-0.058553400244364506
experts vendors,-0.058553400244364506
paypal rights,-0.058567494574002225
order processing,-0.05859856760186109
11 52,-0.058601915665936644
regime,-0.05860869614041719
wrote problem,-0.0586103171561239
inclusive,-0.05864996510724645
informed check,-0.05866826987399593
webcasts informed,-0.05866826987399593
available webcasts,-0.05866826987399593
number newsletter,-0.05866826987399593
vendors view,-0.05866826987399593
webcasts information,-0.05866826987399593
year doctoral,-0.058686860432133
01 25,-0.05872269695247261
tmpfs,-0.05872896409335276
mobi,-0.05874111758080014
permission denied,-0.05875446921597481
quite different,-0.05878146440163893
voltage,-0.05879985236442093
chain,-0.058836174740123995
fragmented,-0.05883994174931158
fled,-0.0588560510777571
passcode,-0.058857439735632344
silicon valley,-0.0588646117501212
transmission assets,-0.0589147017519822
trading support,-0.05892511360815407
py log,-0.058965529318126875
know mail,-0.058990573362806796
ectstsw mkt,-0.058992705120346045
ectstsw,-0.058992705120346045
id ectstsw,-0.058992705120346045
pow,-0.05899347395837878
backend b1,-0.058999566927711036
appeared,-0.059005949373013615
21 st,-0.059077042460495346
ignacio,-0.05907741645602143
backend a1,-0.05907819688095773
make new,-0.05909005765834634
demerphq,-0.05909911246597519
exhausted,-0.05911673574203362
vrije,-0.059166879738920174
desired skills,-0.05916764702770642
business news,-0.05916876920607322
15 16,-0.05919396351096164
feminine,-0.05920648003767984
principled,-0.05922420505590267
maria,-0.05924361956744283
dutch,-0.059251845980269835
year submissions,-0.05925765066242014
work don,-0.05927315026568616
thermal,-0.05930932711413772
coded,-0.05932068645473522
electronic commerce,-0.059334961583719335
chas,-0.05934227885999118
bal month,-0.059352302972182386
shameless,-0.05935640233308645
vrije universiteit,-0.0593784378452387
subroutine,-0.059380855782905126
dvd rw,-0.059390702589897114
jussieu,-0.05940356156186358
sorting,-0.05941032492999323
message come,-0.059417406744823334
isnt,-0.05943815373672637
ce message,-0.059446945812334284
designed,-0.05946842217366684
gecco,-0.059489937110346856
miss year,-0.05950742296266881
press,-0.05952192211565682
penis enlargement,-0.059538376450623105
try run,-0.05954655750150052
cheung,-0.05957404301135819
cornell,-0.05959424476609264
formally,-0.05959669700515578
july 17,-0.05959822576982812
aaai,-0.05960022292911314
update details,-0.059620892590060696
does mean,-0.05962235488260894
workshop papers,-0.05963350127791429
412,-0.05963891751210876
assisted,-0.05970403269961052
warrants,-0.05971739413573282
dept university,-0.05972411297837489
sent thu,-0.05974551924451559
notification acceptance,-0.05975242885713852
founded,-0.059787402402941066
leading online,-0.059789923730530686
status web,-0.059819921398209124
read mail,-0.05987825253959801
1d,-0.05989540511710468
goodman wrote,-0.05989607072602584
minute news,-0.05992226222797719
sic codes,-0.05993886371551983
business cards,-0.05998201442437886
artwork,-0.06000095373142981
harlan,-0.060012182581157175
local cf,-0.060022017975030505
rejection,-0.060032432778094565
learn new,-0.060051150679505456
explore,-0.06006851980970016
op day,-0.06010361143360054
feeding,-0.06011522354211748
02 sc,-0.06017633014584544
sweeney,-0.060189095172051885
webmaster cera,-0.060200402033025485
spaced,-0.060201279118281166
bad idea,-0.060209259838807004
reject_unknown_sender_domain,-0.060213539670895475
02 17,-0.06021788432667553
statistical learning,-0.060231038774069684
popen,-0.060268290083160904
07 01,-0.06028049385330227
stacey white,-0.060285930082640396
review ll,-0.06029696395505344
lohman tk,-0.060337266860629096
markup,-0.06037541597408652
publicity,-0.06039254449929196
30 number,-0.060395855280437706
power does,-0.06041343336064124
pata,-0.060427302750667704
wrote like,-0.06043427075055787
university southern,-0.06046247039845957
pc really,-0.060474986359406235
ot power,-0.060474986359406235
does pc,-0.060474986359406235
really consume,-0.060474986359406235
aims scope,-0.06049491708968461
notions,-0.06050681543445547
number noqueue,-0.06051905337650831
hors,-0.06053017073607981
wednesday september,-0.06054956713835612
year help,-0.060556475178281874
brow,-0.060614872719765275
journal 11,-0.06061897573097812
carnegie mellon,-0.060642773912393526
neccessary,-0.06064444434548161
insist,-0.060644992360309444
03 10,-0.06066096999578682
builders,-0.0606703426212695
scheme,-0.06068090845867887
contact assistance,-0.060685481638476854
exciting new,-0.06073057029023103
131,-0.06073539343341031
time ve,-0.060760655354895145
california state,-0.060772292116865384
science technology,-0.06081469647305023
conflict,-0.06085239986155484
controller,-0.060858576921934984
number perl,-0.060863474902007525
university birmingham,-0.06093229236067901
gas market,-0.0610284253564761
tte py,-0.06103244890064213
defy,-0.061051275264315266
practitioners,-0.06106791720995758
email email,-0.061075392094903605
interoperability,-0.06107907155569044
list archives,-0.06108109444217945
place order,-0.06108833650468673
ext3,-0.061097343510619906
sydney australia,-0.061119615245684385
wed 17,-0.061131514284662763
foss,-0.061145919128198105
needles,-0.061162025833024984
disks,-0.06116233556908381
web developer,-0.061182471399098035
university new,-0.061195414410845646
hickerson,-0.06120580943524615
trying use,-0.061211050293687196
refactoring,-0.06121753148030664
tolling,-0.06122234965451349
pac,-0.0612291028656607
list contact,-0.06123076715736322
year convention,-0.06127286217279665
charset 3d,-0.06128872332140321
perl perl,-0.06129548170128455
personalities,-0.06129801323148623
inventories,-0.06132287482624998
counting,-0.06132554883819067
lx,-0.061325724496914424
visual studio,-0.06132909844467137
works like,-0.06132989783292255
uc berkeley,-0.061351182558133835
format flowed,-0.06139436414836706
exim,-0.06140380734024464
chas owens,-0.061414444979588895
presidents,-0.061430223098732466
631,-0.06143083582783178
config_directory,-0.061483798914769294
vacancy,-0.061501101434186765
ramp,-0.061509927657614955
monday april,-0.061530930924084605
medical treatment,-0.06159192246521078
actors,-0.06160600421098138
argv,-0.06162993694166808
sell securities,-0.061636979164768076
bundled,-0.06165294295061882
number warning,-0.061696561022371116
identify,-0.061698849986936005
bo,-0.06172201724938173
based research,-0.061736121784602215
thanks attending,-0.0617409234486159
10 09,-0.06174733940982546
arg,-0.0617982978305321
reject_non_fqdn_recipient,-0.06180998222159159
aiesec,-0.06181982776870376
final load,-0.061848648023892755
load id,-0.061848648023892755
references slide,-0.061849853690371354
slide deck,-0.061849853690371354
workshop links,-0.061849853690371354
links references,-0.061849853690371354
preserved,-0.06186823225147119
use function,-0.06188048671753493
forum discussion,-0.06190968999631853
time need,-0.06198009394652837
thursday september,-0.0619885450114944
university cyprus,-0.06202789624388325
account valued,-0.062030633438714684
efficient,-0.06203204220601161
backward compatibility,-0.0620333421619297
mistakes,-0.062036752430719926
floors,-0.06204040150389239
perlio ddebugging,-0.0620644711529195
searchmobilecomputing,-0.062072406137669234
killed,-0.06208049261678574
december 15,-0.06208196247758858
gtk,-0.062083598050991874
status new,-0.06220526034310556
comments draft,-0.062228722468428754
relation,-0.062230925755365984
want add,-0.06223187119985932
october 16,-0.062278015273251275
09 28,-0.062279644858168184
20 years,-0.062291073626441755
library congress,-0.062305134537519055
microsoft defy,-0.06231306365472312
defy challenges,-0.06231306365472312
challenges microsoft,-0.06231322935946788
sbin sendmail,-0.06233325177364117
speech synthesis,-0.06239956911747173
gig,-0.06242001934597343
cdt,-0.06242088530273272
announces new,-0.06245915316098031
myhostname,-0.0624599588027149
massachusetts,-0.06246365271408973
20 23,-0.062467331344459184
invested,-0.06248222119469646
hupigon,-0.06250778144047477
523,-0.06253439923191581
topock,-0.06254407667814887
cel,-0.06257116781011984
searchsecurity,-0.06257580828087866
potsdam,-0.0625828643016682
nervous,-0.06259060567486649
toronto,-0.06259976372807181
aware,-0.06260072362003363
julia,-0.06260273554933087
arizona,-0.06265099186303534
23 24,-0.06265916742568424
typology,-0.0626663454237889
smoke number,-0.0626804293237488
cachedir,-0.06268706983539232
cache cachedir,-0.06268706983539232
rocky,-0.06271181296943924
early bird,-0.06272143297203946
rdns helo,-0.06274714225173858
available conference,-0.06275068545949869
commissioners,-0.06275589662239835
gary hickerson,-0.06278338548809267
redmond,-0.06279189660108718
boeing,-0.06281323732502099
emmanuel,-0.06282474661310634
brings,-0.06283346181771243
15 52,-0.06283452193888553
network performance,-0.0628346194533256
spool,-0.06284457014363423
welcomes,-0.06286665721494021
university japan,-0.06287235535590674
hosting,-0.06287816858756412
drive feel,-0.06294165273189516
kicked,-0.06294500127208774
year author,-0.06301688631660175
british,-0.06307010779947857
dual life,-0.0630886236452517
funds transferred,-0.06309159517585237
mod,-0.06309729580201914
following address,-0.06311757337416535
401,-0.06312166606476867
bullets,-0.06316434191340135
asl,-0.06317313162185097
message williams,-0.06320137266847363
pleased offer,-0.06322023054610267
houstonenergy,-0.0632367877982241
going forward,-0.06325242872085983
portland general,-0.06325326014116756
allocate,-0.06329725104638122
ddebugging duseithreads,-0.0633186766885979
provide forum,-0.06333199420225011
williams wrote,-0.06333894564272641
lunches,-0.06334437172266927
ifdef,-0.0633636940861054
year read,-0.0633761933102842
seven days,-0.06338373977982746
equals,-0.06339673662859009
detected email,-0.06340509864580672
17 oct,-0.06341656330143422
capital markets,-0.06343195733369274
workplace,-0.06344380291289416
overwhelming,-0.06344853160187706
21 03,-0.06345698018364125
dont know,-0.06346499675413057
44 207,-0.06351754649879955
annual conference,-0.06352034007566806
gas logistics,-0.06352896692776089
ultra,-0.06357172151736452
friday october,-0.06358053529607618
08 url,-0.06358715879260265
tail number,-0.06363369437833183
restart 500,-0.06363369437833183
tmpfs aicache_nightly,-0.06363369437833183
aicache_nightly,-0.06363369437833183
cachedir tmpfs,-0.06363369437833183
number tail,-0.06363369437833183
00 19,-0.0636389575753196
loss,-0.06364950877624158
noise,-0.06366878500019989
357,-0.06370252671501758
conf pl,-0.06371528115153753
outsourcing,-0.06373530472123834
local lib,-0.06375080165237723
zurich,-0.06377569789869521
email important,-0.06380185872256418
na na,-0.06381479652497755
voices,-0.06385105037255231
computational biology,-0.0639137984073947
bytearray,-0.06394236818949674
amavisd new,-0.06395153172091185
just wanting,-0.06397154587300462
tue nov,-0.06398416594167443
special report,-0.06402822717802606
13 00,-0.06403821146046727
sent thursday,-0.06406245332316461
11 42,-0.06408771161061888
notification date,-0.06411607506543666
talented,-0.06412414465007134
undeclared use,-0.06417639326729316
sensor,-0.06418367598295947
extras,-0.06420253889646575
friends want,-0.06421748110751521
rewriting,-0.0642269283773484
315,-0.0642325687428758
giants,-0.06427699844765661
primitive,-0.06428562956563577
squirrelmail 13,-0.06432148481333254
dist build,-0.06434180289714851
elearning,-0.06435392205446841
dkim digest,-0.06435690328620565
com ident,-0.06437308699715329
secs,-0.06437337684234223
deal entry,-0.06437518409221954
machine translation,-0.06439015551706331
life modules,-0.0644166709324136
justify,-0.06443157304801245
year published,-0.06447333077520827
30 url,-0.0644841808326174
tricks,-0.06448868564051573
excel,-0.06448918124148703
type firm,-0.06448975489516603
emphasized,-0.0645026096261367
price 15,-0.06452447161573431
hungary,-0.06453890954764346
don work,-0.06454589231970376
51,-0.0645877802844112
maximum,-0.0645972350080034
reed,-0.06461375760468667
666,-0.06463433458510891
wed oct,-0.06467906458306633
mynum,-0.06469887146415662
registered linux,-0.06475017359852751
offer acceptance,-0.06475933815638243
19 20,-0.06476861523541676
all_trusted,-0.06481340337956523
does accept,-0.06481674954658229
employee hours,-0.06481810180915601
blows,-0.06485670408079484
garp year,-0.06487033109299606
php line,-0.06494473891767978
00 oxford,-0.06496530274245156
sobre,-0.06501901789600381
cindy,-0.06502159302905598
trojan dropper,-0.06503891988811349
efax,-0.06503900201559586
efax gtk,-0.06504361023970515
forwards,-0.06506820909047405
spf_pass,-0.06506986283211623
operational risk,-0.06507064039178993
prior joining,-0.0650806487402302
12 29,-0.0651002294745146
just thought,-0.0651107827136877
lib ipc,-0.06511994522251068
missing_subject,-0.06513312360312482
module build,-0.06514963116505608
complete story,-0.06516411920367135
t0,-0.06520323104539473
makefile,-0.06523062536875823
involuntary,-0.06523925751234158
zhang,-0.06527462062766577
x11 xgl,-0.06528210846202763
names addresses,-0.06531937711978109
charles university,-0.06532817782363683
scalable,-0.06533205262626822
liquids,-0.06535850761096765
slavic,-0.06537123335890592
grenoble,-0.06537714026830438
taylor wong,-0.06540849937921495
university alberta,-0.06542279871389794
aborted,-0.06542907949799308
painting,-0.06543205646342859
dated,-0.06546399873309292
arranged,-0.06548454649877235
just try,-0.06554032554065524
inspection,-0.06555580615100794
discard,-0.06558720507711258
structuring,-0.06560974939553468
searchexchange com,-0.06561988497034717
don care,-0.06563860807882822
broadband services,-0.06564549433753193
notices,-0.06564707059195843
mx1,-0.06565628144800317
london office,-0.06566315821047362
general purpose,-0.0656662941226984
mail,-0.06567768843249522
information,-0.06572063716241847
noqueue,-0.0657318256670041
ink,-0.06573305647447958
performances,-0.06573475577111931
emerged,-0.06575660433256864
want let,-0.06578309887609032
june 26,-0.0658044811593672
july 19,-0.06580576283160838
make easier,-0.06581964148138346
14 01,-0.06582017987598286
new python,-0.06584542909267904
address rejected,-0.06585070454938684
number auth,-0.06591190022158948
11 feb,-0.065912999113998
pidgin,-0.06599878875697127
fas,-0.06602765564101062
giuseppe,-0.06606033384156566
nightlymc corpus,-0.06607583722806469
dr george,-0.06614325918575666
web applications,-0.06615602810967117
norms,-0.06616892831409348
present work,-0.0661734635755095
64 21,-0.06620527961852886
clearer,-0.06624370205176851
resume doc,-0.06624753447371312
explicitly,-0.06627283566271645
tips,-0.06628080414235797
dev python,-0.06629251703953451
rises,-0.06629608022525127
california los,-0.06632461479429297
krahn,-0.06635018957640541
john krahn,-0.06635018957640541
adopted,-0.06635445699249352
worst case,-0.06635586256967413
worries,-0.06636184340867558
spa,-0.06637278804457361
fishing,-0.06637926779083772
routines,-0.06638784027234107
isn going,-0.0664260128073919
section feel,-0.06646211043721824
conference language,-0.06650292170286654
mirrors,-0.06651932697820123
cedex,-0.06654584569289286
november 13,-0.06655823767004342
stdout,-0.06656597117636333
ticket,-0.06656645034817112
client server,-0.06658559728837973
15 48,-0.06661490178378268
checkins mailing,-0.06662990318499845
maharashtra,-0.06665687708596302
legal entity,-0.0667101489286002
cared business,-0.06671155064805748
global markets,-0.06676084094374456
sage,-0.06679815484184931
individual entity,-0.06681496914537566
ordinary,-0.06681949042366418
bank america,-0.06683129364030929
boston ma,-0.06684284923218636
006,-0.0668457497260148
19 number,-0.0668488450288583
sanchez,-0.0668509290199274
1975,-0.06685390402134489
atom,-0.06687852799763025
15 50,-0.06688828206861086
prague,-0.06689259954753204
disposed,-0.06689709086833022
lib site,-0.06696398066154705
fri 15,-0.06696682638458126
easy reference,-0.06698012030277041
strengths,-0.06701123319836319
contrastive,-0.06702006599726516
intended offer,-0.0670220892576358
mail property,-0.06702415951689024
corp relevant,-0.06702415951689024
property corp,-0.06702415951689024
relevant affiliate,-0.06702415951689024
confirmation sharing,-0.06703393075890228
471,-0.06704433991424748
enl,-0.06705430166242374
noqueue reject,-0.06709023983496254
reject rcpt,-0.06709023983496254
particularly interested,-0.06710571011039088
online ordering,-0.06712747990094031
americas,-0.06715861188968435
confined,-0.06716204472822472
lamb,-0.06717172653956444
use opportunity,-0.06717914999184339
affiliate contain,-0.06718484153609323
evidence binding,-0.06718487852773858
web content,-0.06720104306447099
rajko,-0.06721016701951603
tb,-0.06724666860360945
tuesday 19,-0.06728174231652446
new account,-0.06728232470449738
apply unix,-0.06730573468638593
voters,-0.06730771815948121
write letter,-0.06731182615686992
cape town,-0.06733245357395828
holy,-0.06733850586410864
messaging administration,-0.06734507474856369
create evidence,-0.06735135331769518
phonology morphology,-0.0673554875305833
tie,-0.06736042978691507
press newswires,-0.0673965758644665
foreign company,-0.06740073549579569
local include,-0.06740409505693246
september 13,-0.0674200348010344
shed,-0.06742741433351512
050,-0.0674796660490647
tue feb,-0.06749814095326183
line line,-0.06750320329721662
traces,-0.06750529157969276
enforceable contract,-0.06751907675833821
attachments hereto,-0.06751907675833821
administration com,-0.06751907675833821
reply corp,-0.06751907675833821
binding enforceable,-0.06751907675833821
serves,-0.06759022047591456
component,-0.0676034880885118
opportunity work,-0.06763127972799997
barry pearce,-0.06763366764437173
web information,-0.06765088405505669
lawyer,-0.067658686779775
disagree,-0.06765921304917479
partial,-0.0676791765747924
acceptance create,-0.06768995630059363
relied basis,-0.06769084937479107
recipient party,-0.06769084937479107
dot,-0.06775126006958879
filename,-0.06776156521685814
need work,-0.06776483069528562
sides,-0.06776900267607168
conclusive,-0.06778403391433925
issuance,-0.06779028261264003
catches,-0.06779289881528287
non binding,-0.06782822072780195
estoppel,-0.06786612391413051
contract estoppel,-0.06786612391413051
confirmation quick,-0.06786767874322568
computer society,-0.06792481744807514
share man,-0.0679523808840232
289,-0.06795349400503126
dept computer,-0.0679585194440077
du,-0.06796654605186797
main problem,-0.06797072223008135
qt,-0.06797746251120199
relies,-0.06799824132278923
free url,-0.06801732541103828
mynetworks 127,-0.06807787650291028
risk controls,-0.06809584256581319
accepts,-0.06812504085112156
summer institute,-0.06815392834651818
job description,-0.06817721647013708
specialization,-0.06819058015484125
corp messaging,-0.06822521449464809
party relied,-0.06822611466742823
stern,-0.06823757813094342
beginning,-0.06825443130156994
sdk,-0.06828175930610521
10 08,-0.06830259539891939
concept,-0.06831736458472804
cheryl,-0.06832429073829284
hewitt,-0.06834684349551934
south east,-0.0683485900614636
conference workshops,-0.06834873035689669
throttling,-0.06835776528882676
forward curve,-0.06836746296337484
number rec_put,-0.0683829661976923
type len,-0.06838332396139297
rec_put type,-0.06838332396139297
rec_put,-0.06838332396139297
send following,-0.0683978309678644
contract corp,-0.06841277089274753
corp affiliates,-0.06841277089274753
buffer,-0.06841330562837789
rpi,-0.06841797756037729
roundtable,-0.06841899369995823
executive summary,-0.06842959258255657
56 pm,-0.0684631628426708
distinguished,-0.0684834927847304
information account,-0.0684977718288633
throw,-0.06849782976316582
interpret,-0.06850553217443602
lohman,-0.068506986736233
nb,-0.06851610642562497
exploitation,-0.0685256934565096
comments thanks,-0.06854617532835475
work fast,-0.06855040824584809
msa ip,-0.06858551999021094
schedules awarded,-0.06858916023439168
estoppel thank,-0.06860454623368557
awarded variances,-0.06860972928819536
ancillary schedules,-0.06860972928819536
trading operations,-0.06861678511397092
randall schulz,-0.06863294745314223
225,-0.06864333927463367
deregulation,-0.06865122895331695
fenton,-0.06871417208523935
year 48,-0.06871642533707532
year 14,-0.06872007890845568
45 000,-0.0687304662908397
mailing,-0.06876259921067063
gent,-0.06879893403990703
waterloo,-0.06880131098712233
packing lists,-0.06881501797701046
lists places,-0.06881501797701046
using packing,-0.06881501797701046
necessary information,-0.06883727335912464
psycholinguistic,-0.06884678676069918
trying make,-0.06886466018292478
x11,-0.06887050843085368
13 10,-0.06889740203927228
continue going,-0.06893890777096118
debian gnu,-0.06893975461145715
10 59,-0.0689603758130538
summer year,-0.06897409536867334
ownership,-0.06898800156114086
patch url,-0.06899078130253358
advertisements,-0.068992969079397
steering,-0.06899708058943509
prompts,-0.06900348302030916
qv,-0.069033123125047
03 16,-0.06903807729530392
registration deadline,-0.06906829285577025
mac os,-0.06908346413500625
wholesale retail,-0.06909585019738734
doesn like,-0.06910691534077909
implied,-0.0691486395846307
hans,-0.06918585322414836
affairs,-0.06921993931942771
transmission lines,-0.06922885250583734
pointer,-0.06923248365648138
replaced,-0.06924473746472934
specials,-0.06925039337487142
roadmap,-0.0692844035391862
address send,-0.06929047341564519
21 01,-0.0693123989925093
time time,-0.06936321477080243
information fusion,-0.06938655460123425
aims,-0.06939823572922121
research results,-0.0694137792205955
10 33,-0.06941581483890424
analyzed,-0.06947501235261089
venema wrote,-0.06948870701231226
nominate,-0.06951082946705411
use64bitall,-0.06953853736495814
uselongdouble,-0.06953861720997376
makers,-0.06956635960271708
45pm,-0.06956758786578357
read white,-0.06957430631921824
08 10,-0.06959085844701506
authorized,-0.06959148949622695
begin pgp,-0.06960200169162195
hours week,-0.06961192427442982
sporting,-0.06961269943227386
interchg,-0.0696758581698019
engy type,-0.0696758581698019
interchg id,-0.0696758581698019
tie point,-0.0696758581698019
final sc,-0.0696758581698019
usefulness,-0.0696855751286198
date 29,-0.06969132550888031
11 53,-0.0698077102384258
nw,-0.06981373898679112
failed 10,-0.06983652854925852
just need,-0.06986433633401372
interior,-0.06988019304121583
enrj ciso,-0.06989553371868668
iclp year,-0.06989843654639441
comments pr,-0.06992843577619341
pushed changes,-0.06992843577619341
help analysis,-0.06992843577619341
analysis ve,-0.06992843577619341
pr clarity,-0.06992843577619341
service oriented,-0.06993926814953673
printf,-0.06996077644336408
business opportunities,-0.07003998047634227
refunds,-0.07006220806556536
liability,-0.07006831398901614
hietaniemi wrote,-0.07007064645836501
pitch,-0.07007535837375319
different way,-0.07010348077992577
swing,-0.07012644138010084
apr 29,-0.07014573240176768
powder,-0.07018778229949867
read complete,-0.07024037334683893
chief financial,-0.07024564446150194
tues,-0.07024598835692084
ranking,-0.07026014640724489
dropper,-0.07028533731755462
mood,-0.07029590813814271
operating officer,-0.07033369626725361
tos,-0.0703556727113202
win32core win32core,-0.0703736107363305
19,-0.0703831098701108
bibliography,-0.07040841466498264
riding,-0.07041590396624473
pycon,-0.07042570621492228
relevance,-0.07043229954289314
pretty sure,-0.07043840593929962
init,-0.07044547520114781
language development,-0.07047058562004094
commencement,-0.07047498472954393
alt shift,-0.07048499226460048
word day,-0.07049544225109819
974,-0.0705004688276444
qiryat tiv,-0.07052729100078758
tiv israel,-0.07052729100078758
goodman qiryat,-0.07052729100078758
qiryat,-0.07052729100078758
world applications,-0.07053669273059462
interested contact,-0.07058568182434599
wrote email,-0.07058604573052062
lorna,-0.0705872443521296
sherriff,-0.07062434088185639
long term,-0.07067472642091838
hammond,-0.07070977917403622
pid,-0.07071553518854426
nuestra,-0.07081372534537925
angelides,-0.07081549277927689
gnu linux,-0.07081565013017793
puzzled,-0.07083847498940912
guessed,-0.0708721441192751
ieee computer,-0.07087503416970964
mon feb,-0.0709020329174132
theft,-0.07090431651314429
non standard,-0.07095518852896131
unpublished,-0.07097658146496288
business decisions,-0.07097716549526809
id mime,-0.0709870451590087
615,-0.07099498444343666
january 31,-0.0710081397374134
thoughts let,-0.07108813900666894
read online,-0.07109252146353538
usa phone,-0.07110043810779126
phases,-0.07111767242252713
number year,-0.07115994345988763
mar 18,-0.07116270799490114
guenther,-0.07116778172078901
timetable,-0.07117019487543931
consider following,-0.07117552606945379
belgian,-0.07120441238205628
exceptionally,-0.07121125775524746
function classtree,-0.07121247277088796
best regards,-0.07122403505170276
year desk,-0.07123317712985047
04 04,-0.07123476421266793
informs,-0.07125220128946211
october 22,-0.07125972434022648
carbon,-0.0712684382094773
trojan agent,-0.07126945776954986
wisely,-0.07128687508391593
make miniperl,-0.07128994570021382
unset,-0.07134362236485076
indiana usa,-0.07136348919209286
spatial,-0.07141676468089246
24 pm,-0.0714401551763329
10 28,-0.0714403792476796
clarified,-0.0714516653145933
really don,-0.07146689907497847
untested,-0.07147276106395481
michelle konzack,-0.07148646840924068
konzack,-0.07148646840924068
experiment,-0.07149706870723886
choosing,-0.07153153586914066
patch patch,-0.07156344684443573
database error,-0.07156785587189142
mx host,-0.07160232828401424
rst,-0.07160865513119051
section ll,-0.0716434037778794
literacy,-0.07169691619415222
searchexchange,-0.07175604486990103
renewed,-0.07179287267861503
worked thanks,-0.0718354322689986
benchmark,-0.07186743930959616
bernie,-0.0718940348780229
08 13,-0.07190073974112104
thu nov,-0.07191908912640554
inversion,-0.07192320826300869
combine,-0.07193212197777872
th march,-0.07193825285351427
v1 darwin,-0.07197227032554082
md5,-0.07197773466865251
15 15,-0.0719802730416423
credit derivatives,-0.07198066914529772
need thanks,-0.07199547118209633
microsoft visual,-0.07200714752138639
mail info,-0.0720085147871433
spammers,-0.07205320371967718
pursued,-0.07207864954097722
trade date,-0.07208103298177093
process,-0.07209081390113903
newswires,-0.07210680338576124
arnold,-0.07212003163783721
32,-0.07213153807509025
uri,-0.0721330112560545
samba,-0.07218047275941722
university glasgow,-0.0721891241496943
cal,-0.07219558688614088
fuzzy logic,-0.07220447153542864
10 32,-0.0722154204559288
lessons learned,-0.07221842276459323
anita dupont,-0.0722256819383964
translating,-0.07223879939593826
vat,-0.07224011631798713
thu year,-0.07232002984735009
commonsense,-0.07233610436863665
hog number,-0.07235337255264415
plainfield indiana,-0.07235337255264415
usa hog,-0.07235337255264415
shanahan plainfield,-0.07235337255264415
pebbles,-0.07236977491795123
list replies,-0.07239116565923573
weka,-0.07239175131963019
coupled,-0.07241747361607177
typological,-0.07243520801644304
demanding,-0.07244661544439354
win32core,-0.07245140677385918
0800 pst,-0.07245282978955486
url submission,-0.07245640221356536
time best,-0.07250000530377833
tackle,-0.07250193914099957
hague,-0.07252208915582008
search log,-0.07253230006224963
statistically,-0.07259049601424718
tempfile,-0.07261869485258814
portion,-0.07262394427876331
reserve bank,-0.07264592387191257
independent power,-0.0726528097861689
associate professor,-0.0726651851291948
time hires,-0.07266642299288563
05 05,-0.07270508075854305
hi team,-0.07271277296549633
australian national,-0.07271906122794515
sync steps,-0.07274265496817435
today sync,-0.07274265496817435
team sharing,-0.07274265496817435
notes today,-0.07274265496817435
dirt cheap,-0.07274558122584142
studio year,-0.07277589490615209
questar,-0.07279788718193127
wrote snip,-0.0728036780606115
mjassar cent,-0.07282580354301571
mjassar,-0.07282580354301571
problem solved,-0.0728352960411791
com pebbles,-0.0728686092036344
ernie,-0.07287248474224298
eta,-0.07287394536381227
starter,-0.0729172408933043
liability errors,-0.07297327028933655
12 19,-0.07298961570579497
01 11,-0.07300612923767871
lauren,-0.07303888147529802
egg,-0.07304540727310718
viable,-0.07306819658047979
jamie wong,-0.0731086454423028
user interface,-0.07312952422444516
update bloomberg,-0.07313362281659727
defrag,-0.07313546715166043
meant say,-0.07318783466048896
features,-0.07318878068693198
respond,-0.07319018235977022
__________________________________________________,-0.07322916227942265
failed lib,-0.07327882806422881
year message,-0.07328167939667372
want indicate,-0.07328951382159216
presence,-0.0733021358446874
perfmgmt,-0.07330450439334323
perfmgmt com,-0.07330584306581334
generator,-0.0733094150580475
installer,-0.07331178844487903
sprintf,-0.07332992126770617
university essex,-0.07334762659243675
prevailing,-0.07341228956233936
mail category,-0.07346991014857844
streamline,-0.07349440843314387
dans la,-0.07349475255406246
driver,-0.07350396017013472
encodings,-0.07355306499142945
year ms,-0.07357160944464577
cas,-0.0735832722561859
aided,-0.0736060135111557
johansson,-0.0736608847660054
p5,-0.0736660687968217
subject lab,-0.07367638169837004
fit,-0.07367822560754578
systemic,-0.07371203910917942
sept year,-0.07372767742353716
wrote carlos,-0.07375165099371597
city nj,-0.07376400796339444
bring researchers,-0.07381735206835223
incidental,-0.07382465013661929
whorf,-0.07383083290695654
work work,-0.07385879669772896
available http,-0.07385930160139377
wekalist,-0.07388310713544177
rejecting,-0.07390384580901554
alpha release,-0.07390665546065278
studi,-0.07392738399220919
pm john,-0.07397577204918013
distribute,-0.07398654092204252
s5,-0.07398694222328543
societies,-0.07402336068144214
technology url,-0.07402459736069883
dovecot,-0.07403045978059809
710,-0.07406027818653334
phone interview,-0.07406851735433195
data sets,-0.07408329156918644
piper,-0.07408476658807277
finite,-0.07410047360772189
duse64bitint,-0.07410573188936577
fascinating,-0.07411815856586643
buy cheap,-0.07412099515361747
number _______________________________________________,-0.07412661118499159
sweet,-0.07412861168422497
stockholm sweden,-0.07413790774036426
instant messaging,-0.07413809909985333
netcoonline,-0.0741532227595733
reproduced,-0.07415685919745016
version numbers,-0.07416812043980577
confusing,-0.07419864649467105
contents,-0.0742228311545008
underwriting,-0.07423417480304413
postfix cleanup,-0.07424987070411732
kaminski subject,-0.07426552833652242
jersey city,-0.07427172413540854
apply senior,-0.07427368532927456
overt,-0.07428409788237893
change settings,-0.0743154260691213
cent postfix,-0.07437192161800034
margaret daffin,-0.07440764464353689
brave,-0.07441108347761274
cotonou benin,-0.07442051343222464
wouters,-0.07446724603220843
distro,-0.07447470986685498
ljm,-0.0744808944966015
priority p5,-0.07448784738600646
19 22,-0.07449440971515368
centralized,-0.07451342004659603
dying,-0.07451917276747778
doubling,-0.07454291706219893
october,-0.07458542219422909
molecular,-0.07460034255278133
thomas wouters,-0.07461298337731603
gkh,-0.07462658997091888
involuntary bankruptcy,-0.07464240225506152
13 pm,-0.07464932502934238
mcclellan,-0.07467960384552724
xd,-0.07467989776115959
kn,-0.07468834588670532
assist receiving,-0.0747034434087153
olga,-0.07471212939817047
doesnt,-0.07471416629542832
respected,-0.07471486420074411
kohli development,-0.0747431502556845
impose,-0.07479161090940788
ignorance,-0.07479732144240295
gossett,-0.07482085766311564
employee feedback,-0.07482392929622826
arise result,-0.07482942178623853
vince thank,-0.07483703773292645
programmer,-0.07485659928467628
17 february,-0.07486949641176108
cert,-0.07488623332277335
hdd,-0.07490011103200392
message arise,-0.07496740876970334
recipient authorized,-0.07496983647168352
diseases,-0.07497485308158158
unlawful,-0.0749786081498646
rafael,-0.07498926401266508
prime,-0.07500062997628845
information safe,-0.07503209963223363
basis contract,-0.07504146669945783
exchange ideas,-0.075066875020595
time right,-0.07507134647297539
missing,-0.07509054898141698
updater,-0.07509087980040137
modelling,-0.0751029405068559
shortcut,-0.0751218226718342
stories topic,-0.07519633801707519
undocumented,-0.07521189141287939
eighth,-0.07523282527959703
omissions contents,-0.0752442212125265
usethreads,-0.07528207914629316
splash screen,-0.0753063841415834
solely use,-0.07531982814224258
date year,-0.07532178611649151
fallback,-0.07532283635218004
lc,-0.07533685349671236
clusters,-0.07536605824256434
experienced,-0.0753859672760691
clarity thanks,-0.07541525603796852
unit,-0.0754224213867784
opq,-0.07542390193709689
surrey,-0.07548506237405309
etre,-0.07549730194669535
figuring,-0.07551543927078878
aimed,-0.07560944755836044
dz,-0.07565037363790257
102 65,-0.07565195184731936
46 615,-0.07565195184731936
opq systems,-0.07565195184731936
02 11,-0.07568591728847131
faxes,-0.07570559571718945
non existent,-0.07571016441354272
infrastructures,-0.07571029923069598
workshop website,-0.07572206282858507
10 00,-0.07572996344489688
delivery inbox,-0.07576003250578546
individual named,-0.07582375387294042
glasgow uk,-0.07583487286107787
com cfm,-0.07584306586533347
duplicates,-0.0758494674250227
renamed,-0.07587355228577852
attached latest,-0.07590493686281267
carlos wrote,-0.07590916626084328
know exactly,-0.07592239276606276
beginner,-0.07595835910929288
problem using,-0.07597191115927938
wolf,-0.07600880402244817
uuseimpsys,-0.07601588548583439
duseithreads uuseimpsys,-0.07601588548583439
just make,-0.07604268258298803
xmlrpcplugin,-0.07604766259821946
lvm,-0.07607117717274108
kurila released,-0.0760716878247264
close,-0.07612467935100216
hereto intended,-0.07613820752266467
research position,-0.07615976458023432
detecting,-0.07620060926368076
booking confirmation,-0.07620330209147184
lab booking,-0.07620330209147184
squirrelmail users,-0.0762062950576929
frequency,-0.07622318898265873
dcs,-0.07622462477498658
specifics,-0.07623250679155848
reply thanks,-0.07624960953252222
await urgent,-0.07627129908067165
muller,-0.07627175244048286
seasonal,-0.076306446916337
pm conference,-0.07631019715091894
carrot2,-0.07631314456748428
bring draft,-0.07632250578227107
forwarded mike,-0.07633622521585601
lon subject,-0.0763760754005966
thursday pm,-0.07639032070226724
make lib,-0.0764038801064203
room bring,-0.07642137991258689
draft slides,-0.07642137991258689
hello confirming,-0.07642137991258689
ees subject,-0.07645073406094918
frequent,-0.07645083544322304
science express,-0.07650128406386901
thank sincerely,-0.07650324828796809
purchaser,-0.07650589996140338
xmlrpcplugin py,-0.07654440497231609
bio,-0.07656232959762684
text speech,-0.07657367485076196
desk total,-0.0766031111397364
postfix transport,-0.07661462993119207
restructuring,-0.07661755304336632
chief operating,-0.07665007910842439
code change,-0.07667178423904504
netherlands,-0.07670604924619945
caroline,-0.07672467442440992
marcel,-0.07673318019973116
georgetown,-0.07674034321658621
use individual,-0.0767663893789834
exquisite replica,-0.07678314098315894
booked,-0.07678919604897749
ssp 02,-0.07680699946281583
wrote year,-0.07682900330828649
opensuse ot,-0.07683003247972932
following error,-0.07687285065952248
sql error,-0.07687521086118514
localhost 127,-0.07688079610404255
sat 16,-0.07694846874818101
targeted,-0.07695620706200074
hypertext,-0.07697096537026592
lookups,-0.07700379723438949
senders,-0.07700429608192132
alerts send,-0.07703505788378491
alerts create,-0.07703505788378491
create alerts,-0.07703505788378491
investigation,-0.07707667009478443
thuraisingham,-0.0770937762918367
estimation,-0.07710226181836172
delaney,-0.07710529020584231
software url,-0.07711397315481516
confirmation good,-0.07711531538907379
general sql,-0.07712120989025646
time spent,-0.0771251103353103
url dear,-0.07713632338203559
total deals,-0.07715803091061887
12 oct,-0.07717310986575963
eh,-0.07719420330645606
queensland,-0.07719726334864864
item item,-0.0772271894088597
02 18,-0.07723612972617291
postdoctoral,-0.07724602035411471
monday february,-0.0772792525662374
conditional,-0.07727974025913623
rsa,-0.07728079355520422
rp,-0.07729088540157628
dusethreads,-0.07729344918729038
undisclosed,-0.0773312702551157
dedicated,-0.07733274061664405
comprised,-0.0773414463122481
season year,-0.07739959272261689
intended individual,-0.0774257240398044
accent,-0.07742688518541242
israeli,-0.0774372270496504
email attachments,-0.07745198801296042
available online,-0.0774772785871516
best practices,-0.07748853551159839
information mail,-0.07749146621081164
price caps,-0.07750962537087695
week february,-0.0775205511257735
ww,-0.07754271895020406
jody,-0.07755331373284159
sized,-0.07756682938465218
chanel gucci,-0.07756697162678536
19 pm,-0.07758454648504409
lost destroyed,-0.07760286938168234
entity addressed,-0.07762263424497444
typical,-0.07765491118963502
space,-0.0776565228984736
elements,-0.07768555601126592
confirming meeting,-0.07768905105450424
lowering,-0.07769561807974695
visits,-0.07770726160637768
ges,-0.07775974094523262
feb 23,-0.0777597636869071
reserved techrepublic,-0.07776487841191788
destroyed arrive,-0.07777463669982539
intercepted corrupted,-0.07777463669982539
incomplete contain,-0.07777463669982539
information intercepted,-0.07777463669982539
late incomplete,-0.07777463669982539
corrupted lost,-0.07777463669982539
august 07,-0.07777884476839363
periodic,-0.07781042587173453
classical,-0.07781619550264744
common stock,-0.07782724829747086
subpoena,-0.07782889799426479
tibco,-0.0778724136299606
03 22,-0.07790017431806202
xpress,-0.07791723522621231
modal logic,-0.07791970100356606
recertified,-0.07795518876250837
transmission verification,-0.0779555437408556
viruses sender,-0.0779555437408556
request hard,-0.0779555437408556
bh,-0.07800928258424344
magnitude,-0.07811539110582072
video conference,-0.07812012450073023
copy version,-0.07812681648077592
impression,-0.0781356311608384
cognition,-0.07814280688862249
roll,-0.07816125125221536
388,-0.07816483381711097
ravi thuraisingham,-0.07818575135169599
british columbia,-0.07818781831443637
sat mar,-0.07820439324094464
subject budget,-0.07822712726466945
15 10,-0.07826771938969039
educators,-0.0782709651564231
authenticated,-0.07827404424686096
early registration,-0.07827963470478028
named named,-0.07831057415116341
benji,-0.07833366452240524
according,-0.07836407954026896
gas trading,-0.0783781848616839
00 50,-0.07838473720781199
copyrights,-0.07839105028535633
write code,-0.07839661767051528
dusemymalloc duseithreads,-0.07841237923785067
year issue,-0.07847075669347905
thank participation,-0.07848623359253143
invited,-0.07848749107140399
j2ee,-0.07849087240803211
12 03,-0.07849883470909216
gilbert,-0.07852015097620876
bombs,-0.07853499141239006
onsite yes,-0.07853772256516661
yes description,-0.07853772256516661
pm requested,-0.07853907557493198
huge selection,-0.07853911360007262
moderated,-0.07861285121398645
poker,-0.07862324924595077
long ago,-0.07864062864858212
research papers,-0.07866578094065592
file line,-0.07867742774140729
homedir,-0.07868487908463415
rankin rankin,-0.07868871281806264
04 12,-0.07872933004970097
meeting thursday,-0.07878023286286193
insurance,-0.07878725636943276
peer,-0.07880800354541818
switzerland,-0.07881044233172267
715 9339,-0.07882184224727898
firm pllc,-0.07882184224727898
nacogdoches texas,-0.07882184224727898
9333,-0.07882184224727898
pllc,-0.07882184224727898
510 ochiltree,-0.07882184224727898
facsimile 936,-0.07882184224727898
715 9333,-0.07882184224727898
telephone 936,-0.07882184224727898
ochiltree street,-0.07882184224727898
ochiltree,-0.07882184224727898
pllc 510,-0.07882184224727898
9339 url,-0.07882184224727898
rankin law,-0.07882184224727898
nacogdoches,-0.07882184224727898
9333 facsimile,-0.07882184224727898
street nacogdoches,-0.07882184224727898
9339,-0.07882184224727898
use warnings,-0.07887597263608656
141,-0.07889776445874529
0900,-0.0789128956181688
guided,-0.07891777587696215
slides review,-0.078932321037085
tokenize,-0.07893794009546536
dc apply,-0.07894551991840938
louisiana,-0.0789527509624226
16 oct,-0.07895968686482509
selective,-0.07902398348453181
networks cnet,-0.0790251874206445
carl,-0.07905965119076797
october 17,-0.07912989624961586
interfere,-0.07916969792908643
home bbmass,-0.0792460791569777
introduction,-0.07925780879413506
reyes,-0.07926460714412141
04 07,-0.07927632083919477
vulnerability,-0.07934852787535963
bugfix,-0.07938389150306202
lacking,-0.07944700486096347
jhi,-0.07950494419367843
suspending,-0.07952763329822825
citation,-0.07952902394642007
spam yahoo,-0.07955159689045557
drop,-0.07955296036477348
51 pm,-0.07956537102035999
gulf,-0.07956574102379105
town,-0.0795691446625802
sverige,-0.07958443038862104
264,-0.07960182094723048
ignores,-0.07962305152970602
suse 10,-0.07962939333134954
ve pushed,-0.0796489399710307
14 oct,-0.07968920826920552
attachments contain,-0.0796903450832942
lambda,-0.07973810377945721
cloth 90,-0.07973932634930686
andy armstrong,-0.0797698729734945
light,-0.07980088205957253
commodity trading,-0.079809037381395
standpoint,-0.07981282588623664
provide bank,-0.07983832766537494
university nijmegen,-0.07985894441890827
like able,-0.07987143623562012
proactive,-0.07988940205014133
duodenalswitch,-0.07992996211878148
24 number,-0.07993684768225091
hello just,-0.07993732928746584
continuing,-0.079951701229139
software systems,-0.07996010610231703
tue 16,-0.07996513091897654
817,-0.08002339503652106
hth,-0.08003826705985478
algorithm,-0.0800739253208299
boxes,-0.08007742907718435
date 28,-0.08008888553094946
11 05,-0.08009855165899434
development team,-0.08013842706006144
weeks,-0.08017990188099569
disabling,-0.08018327118799579
xgl,-0.0801944935525303
computer assisted,-0.08021077627641897
balances,-0.08024017148032153
30 30,-0.08024518414965232
delhi,-0.08024691520530229
auth msa,-0.08026494632892624
stakes,-0.08031556159095408
significantly,-0.08033025813522786
days,-0.08034197536254532
14 30,-0.08035035352102135
fraudulent,-0.0803568329104559
date 11,-0.08037191894108339
conversations,-0.08037537500043482
does allow,-0.08040070277822932
needless,-0.08041232350332096
source file,-0.0804205574644896
campaigns,-0.08042359888454738
cullext,-0.08045324972158749
canada cloth,-0.08046110183143129
mail faq,-0.08047206083914986
id password,-0.08055719460667565
12 25,-0.08057488664949289
firmly,-0.08059104754856969
deluxe,-0.08059770500379748
information message,-0.08061220359382426
http benjamins,-0.08063870032185531
digital tv,-0.08066289187535068
year end,-0.08067225464959445
hp,-0.08067957061413288
latin america,-0.08068023412235843
signing,-0.08070122450679919
moorer,-0.08071874621744206
breathing,-0.08073212412069519
jamie nguyen,-0.08073287527595009
assistant,-0.08073671515468656
30 april,-0.0807446342218225
fax 44,-0.08075327952099286
stubs,-0.08076729598600935
sent monday,-0.08081118417589787
detected log,-0.08082122241118829
attitudes,-0.08082480559991999
ninth,-0.08083748231420698
copies message,-0.0808708729480574
registration fee,-0.08087190721355743
glasgow,-0.08089617436737429
near term,-0.0809094409665088
circulated,-0.08091810097195269
11 22,-0.08093260952551914
able attend,-0.0809600352496737
webcast alert,-0.08097441936758437
mysql database,-0.08099830143646305
second quarter,-0.081022484543285
qualification,-0.08105006231924095
integral,-0.08106325293908347
details let,-0.08107021270833903
sergey,-0.08110383152777383
centro,-0.08111828949907837
line number,-0.08112475694762111
energy research,-0.08112911415138008
consensus,-0.08113078166733897
researchers practitioners,-0.08113440758944392
investor relations,-0.08113703186912583
report url,-0.08114569304755735
honored,-0.08115354106534343
suarez wrote,-0.08116647389344653
spotlight,-0.08117087781485505
18 16,-0.0811908709425832
tobacco,-0.08119138930111452
304,-0.08119245264355739
incorporates,-0.08122822076099481
obesity,-0.08125573714754397
mitchell,-0.08126262519092396
cambridge energy,-0.08129746596252725
redhat,-0.08131988963761369
total mwh,-0.0813234580401933
contain viruses,-0.08140008750620176
elaborate,-0.08142813405935212
instability,-0.08143892277989138
50,-0.08146025588234615
ngo,-0.08147734815957111
data frame,-0.08148255652951121
th floor,-0.08149978005433593
single point,-0.08150377344892297
10 35,-0.08152208789069101
lexicon,-0.08153998482323833
ordinator,-0.08154958632919805
usc,-0.08157050711429936
grand total,-0.08157257687354673
60 20,-0.08160450384218795
15 02,-0.08163447571733118
prc process,-0.08165460032967689
receive multiple,-0.08170262425373566
needless say,-0.0817241584936922
term contracts,-0.08173825625605519
unsubscribe change,-0.08175559091983671
right _______________________________________________,-0.0817558477242878
sic,-0.08176151210535752
cynthia,-0.08177124708647968
arrive late,-0.08178535586659187
document let,-0.08178646304763627
john sent,-0.08179607645350559
allegations,-0.08186454311469771
preservation,-0.08188362447023292
occurs,-0.08188536682752456
79,-0.08190812418011928
sharing latest,-0.08192160942049162
latest notes,-0.08192160942049162
flat,-0.08193894985476932
indenting,-0.08199443918592424
number spaces,-0.08199513856036242
beijing,-0.08199964466975057
version subject,-0.08204491760915082
groningen,-0.08206100687031491
chains,-0.08206488228042605
harbour,-0.0821202287239794
plots,-0.08213511698224694
performs,-0.08214684804630527
zefram,-0.08216564048461297
ipc cmd,-0.0821710546382112
year summary,-0.08217257071351708
liabilities,-0.08219636145648923
cuts,-0.0822116448903856
newaliases,-0.08221661871640232
lord thou,-0.08223976738676403
excepting thou,-0.08223976738676403
thou excepting,-0.08223976738676403
indent indent,-0.08223976738676403
spake lord,-0.08223976738676403
spake,-0.08223976738676403
shall number,-0.08223976738676403
shall shalt,-0.08223976738676403
spaces thou,-0.08223976738676403
shalt thou,-0.08223976738676403
thy indenting,-0.08223976738676403
tabs right,-0.08223976738676403
indent number,-0.08223976738676403
thou proceed,-0.08223976738676403
thou indent,-0.08223976738676403
indenting shall,-0.08223976738676403
indent thou,-0.08223976738676403
indent spaces,-0.08223976738676403
proceed tabs,-0.08223976738676403
number thy,-0.08223976738676403
spaces shall,-0.08223976738676403
logic programming,-0.08227577422540171
rpms,-0.08229071103377747
spamd number,-0.0822934953974025
pool,-0.0822953733125252
today headlines,-0.08231995567170192
learners,-0.08234278225983438
commits,-0.08234815795731518
additions,-0.0823942086643124
year including,-0.08248495951361119
best lee,-0.0824860879542339
vice versa,-0.08249267428540331
470,-0.08250632425211886
tastes,-0.08252168302772732
purdue,-0.08259791334175855
reproduction,-0.08265509634787893
uh,-0.08266818895845894
nntp,-0.08268728611059112
driverloader,-0.08269455210028988
realise,-0.08271179076148188
acceptable,-0.08271456993645432
vince just,-0.08273815437696518
attending workshop,-0.08274632045642916
hold,-0.08278053993677661
greenberg,-0.08280511049966754
united kingdom,-0.08280998500215629
wrapper,-0.08286206521225355
10 41,-0.08289637358933542
optimality theory,-0.08292657745816197
kendrick,-0.08293599832738496
ll able,-0.0829813628139513
file python25,-0.08299139884457024
exports,-0.08299873233136273
spamassassin plugin,-0.08301691721101166
url questions,-0.08302204737858698
mail fax,-0.08302851549054634
april 30,-0.08303344778660098
times 11,-0.08303511148590749
icio,-0.08304904754425513
del icio,-0.08304904754425513
ucla,-0.0830677737056845
forwarded vince,-0.08313167051629118
parc,-0.08313518469377419
precisely,-0.08315563319476484
6200,-0.08315570437243626
names,-0.08316937031266275
colloquium,-0.08317141910109202
edelweiss,-0.08317267044311319
deadlines,-0.0831767071278911
xxx xxx,-0.08318195015902619
win32com,-0.08321397868883548
statistical methods,-0.08321544668363383
short position,-0.08322559837180815
0x0,-0.08326729793563295
universit,-0.08328237494649533
prep,-0.08332937448318985
indexes,-0.08333200986524253
america url,-0.08338620610297788
processing systems,-0.08343364430401129
ietf dkim,-0.08343585648846492
forum,-0.08348442076484558
finalized,-0.08348494531146476
konsole,-0.08349885527609123
ms,-0.08352140174357496
vendor,-0.08352333516684536
snow,-0.08352533377243737
posted february,-0.08352984937555134
best thing,-0.0835400587805795
reorg,-0.0835508627103222
cest,-0.08356368821373453
exploratory,-0.08358797861920274
explaining,-0.08359454968535057
09 18,-0.08360193504824112
wrote think,-0.08364637829014282
win32 mailing,-0.08366976502715272
french german,-0.08367845254120859
year papers,-0.08370291816544415
progress user,-0.08378849947980209
11 57,-0.0838012033114786
financial officer,-0.08380777436636346
geneva,-0.08388214648095041
challenges,-0.08388296335527766
legislature,-0.08388539412720653
senior management,-0.08390964107226596
rz,-0.08391277038111394
dial,-0.08393919391691002
friday november,-0.08396272897752208
console,-0.08397353170933859
historical,-0.08398599804116758
46,-0.08401493034238819
research projects,-0.08402386447415605
luis villa,-0.08409051627810389
number ext,-0.08409332945101944
segfault,-0.08409877613313267
salaried,-0.08411126035589864
issue send,-0.0841131149607597
adaptation,-0.08411885601905576
forward meeting,-0.08412031540730457
xml file,-0.08412377205695751
telerate,-0.08412683867968197
technology review,-0.0841500645957701
year 12,-0.084249545470529
postfix configuration,-0.08429415934896507
opensuse 11,-0.08429928627367558
environmental,-0.08433432170946148
draft ietf,-0.08434255475415864
iclp,-0.08436357098604884
basque,-0.08437693343918386
directed,-0.0843829607341329
engy,-0.08438434152776517
depends,-0.08440546448155643
baylor,-0.08441553465681804
transports,-0.08442217582708733
steps attached,-0.08446127632269354
imprecise,-0.0844632262930571
shelf,-0.08448187454052246
load schedule,-0.08448918522154078
exxonmobile,-0.0845001968507241
soul rest,-0.08450751885232843
anu,-0.0845438930008555
patrick shanahan,-0.08454431624170547
onsite united,-0.08454543500196102
year period,-0.08456728680465658
vincent kaminski,-0.08458338756794362
99 weekend,-0.08461419827674176
22 17,-0.08463688085389182
chaos,-0.08465168006722332
ll let,-0.08465524250286574
16 10,-0.08465822531284942
interpreter,-0.08466822853352757
maker,-0.08467227409611214
like meet,-0.08467976303800721
154,-0.08468185887733685
social security,-0.0847244384701285
enjoy,-0.0847265630051027
suit,-0.08479542894941663
18 10,-0.08480703055471396
software development,-0.08481814657179572
allan,-0.0848376762101104
newer,-0.08487015078532224
weights,-0.08489027381161261
focused,-0.08491230774702842
range 10,-0.08497017035187607
estrada,-0.08499539826823803
dynamically,-0.08500384457522178
straps,-0.08501836730433604
vital,-0.0850257228081599
quality rolex,-0.08504490340911848
york,-0.08504663903449457
aristotle,-0.08506914513668638
manifest,-0.08510827382544248
perlman,-0.08511913424214515
weil com,-0.0851246680804445
language learning,-0.08513644610127025
10 years,-0.08515260654005885
retrieving,-0.08516035480738635
newest,-0.08516940499187872
business intelligence,-0.085199812904581
date 31,-0.08520797941183418
avis wrote,-0.08520982668170145
sébastien,-0.08522502452211714
1a4,-0.0852416655491418
screen capture,-0.08525905883541114
nancy,-0.08526310033162375
price 69,-0.08530810132150395
factors,-0.08531708428974757
rabi,-0.08533445602098816
april 15,-0.0853479075324784
enforceable,-0.08535762446919483
seventh,-0.08539504039341686
classtree,-0.08539695080811421
files using,-0.08544744275889123
950,-0.0854602855530759
aalborg,-0.08546697421382778
convenience feel,-0.08547563828060671
ab ca,-0.0855092570337119
willing,-0.08551829381175091
feb 17,-0.08554167556341281
2300,-0.08557537121940471
anu au,-0.08560875843601234
linz,-0.08562727361889191
content filter,-0.08563740432802021
explanations,-0.08565197633377872
period time,-0.08565726326638143
562,-0.08575515920636342
phone numbers,-0.08579788825430519
enrj,-0.08580671209042738
benjamin peterson,-0.08586326876639172
importance high,-0.08587067495147897
user group,-0.08588083991292418
representing,-0.08591848444882638
replicate,-0.08592753595272519
id enrj,-0.08592774374694687
sc id,-0.0859297759481564
trans date,-0.0859297759481564
type trans,-0.0859297759481564
relational data,-0.08593091128470827
389,-0.08593577469526693
549,-0.08596341351969669
laptop,-0.08597324226408869
click sign,-0.08599009473854734
06 12,-0.08600617189134248
honestly,-0.0860149601314475
202,-0.0860234576344265
cuny,-0.08603262280269564
ontologies,-0.08604244043570844
bag number,-0.08605209520574018
noanonymous,-0.08605545788514424
1865,-0.08605552632963213
good job,-0.08608256935762425
deprecation,-0.08609945320467256
ice cream,-0.08611319442912412
laurel,-0.08614223087552812
mail read,-0.0861482992560749
mail subject,-0.08618060427812436
year 37,-0.08622606734514143
uba,-0.08629472888756673
mcdonald,-0.08630695740161215
heuristic,-0.08631243569148699
metaphors,-0.08637480709034422
tries,-0.0863822831100009
accessing,-0.08638433023294281
august,-0.08646667491072065
arena,-0.08654657978678079
inflation,-0.08655276085121517
happy help,-0.08657520281116068
log files,-0.086591299892091
mx opinions,-0.08659273999202073
ot bogus,-0.08659273999202073
ma apply,-0.0866777246667885
avg,-0.08669141171164194
mistake delete,-0.08669222384987028
44 1865,-0.08672161722404133
issler,-0.08672855025707504
seoul,-0.08673018428942396
mynetworks,-0.08677159194827816
classroom,-0.08683240068101812
aperghis,-0.08684685749072503
roger oberholtzer,-0.08686279174687138
oberholtzer,-0.08686279174687138
solmonson,-0.08689782631184206
inputs,-0.08690355398395683
year final,-0.08690579997745784
week thanks,-0.086916961074642
replying,-0.08694831779289247
demo,-0.08698729885833832
patch number,-0.08700329981133287
addr,-0.08700540436664983
escapes,-0.08703513405404625
does like,-0.0870369627005344
games,-0.08705809451454323
1865 number,-0.08707974403330787
restriction,-0.08708141201208458
paulo issler,-0.08709489575201133
tramoni,-0.08710062905363003
aperghis tramoni,-0.08710066643560682
nyse,-0.08710203222766696
servidor,-0.08713261671923515
sorry didn,-0.08715700586564747
debug,-0.08716702363762581
825,-0.08719063257921698
fraser,-0.08720166053178313
convenient,-0.08720502385246141
acceptance,-0.08721107194547714
contact person,-0.08722695925062764
maybe just,-0.08723315105678571
drafting,-0.08725946792096867
scholarships,-0.08727999145437045
bone,-0.08730522691580189
modified trunk,-0.08731886905131543
gtv ii,-0.08732468219795056
designs,-0.0873500281290735
siegel,-0.08735040261445945
finally,-0.08735990530724816
sébastien aperghis,-0.08736170470977209
sing,-0.08736302355491747
achieving,-0.08744043643943747
commodities,-0.08745387212116294
beth perlman,-0.0875465484064839
cpr,-0.08756218277630066
way make,-0.08758366623771542
kaddressbook,-0.08759555184922635
items add,-0.08760568230348276
don miller,-0.0876075109039724
thank help,-0.08762634308891615
postscript,-0.08762800560383725
arab,-0.08764987563085903
presenters,-0.08767884875677315
com request,-0.08769359235977997
milestones,-0.08771994494438091
tag,-0.08772124761097568
click info,-0.08773370546837643
fulfillment,-0.08776764817792289
leopard,-0.08783060253995285
grepping,-0.08783092049107354
did work,-0.08789491415496706
cf file,-0.08790208528613636
germanic,-0.08794416050304056
taking care,-0.08797695398490767
language processing,-0.08800991021313706
plug,-0.08805072061931092
investment banking,-0.0880974322508081
jeff skilling,-0.08809914493206274
importantly,-0.08811825639744263
whalley,-0.08813103130785994
dra,-0.08813943038919135
producers,-0.08815014393908137
dev pep,-0.08816602610825792
open access,-0.08821863105084478
secretly,-0.08822830332181673
url sponsor,-0.08823091142460461
accounted,-0.08823291336842744
timeout,-0.0882532970548252
browse,-0.08826223604875216
working papers,-0.08828893387123254
browser download,-0.08829396042487885
uploading,-0.08832255306396798
naive,-0.0883288958693105
proceedings available,-0.08834678650175033
mail come,-0.08835026452191812
win32com client,-0.08836599590427471
plainfield,-0.08836800584242337
methods,-0.08837483361756508
var limit,-0.08838169546441348
celtic,-0.08839188139273728
coordinating,-0.08840842680791519
py buildbot,-0.08842467221831027
use openoffice,-0.08843582620599374
held conjunction,-0.08844071803942467
email splunk,-0.08844700209836974
grepping log,-0.08844700209836974
splunk grepping,-0.08844700209836974
stop search,-0.08845302791376314
files problems,-0.0884558587605134
occurrence,-0.08846165645319341
huntington,-0.08846787300095518
number txt,-0.08847587596871581
spambayes directory,-0.08849904274830309
application development,-0.08852210032833308
westdesk,-0.08853906611328703
genetics,-0.08854100626624753
packaged,-0.08854502849289661
final schedules,-0.08856601029003353
scheduling iso,-0.08856749894224443
california scheduling,-0.08856786794683333
col,-0.08858254547425386
westdesk california,-0.08859018563436283
iso final,-0.08859018563436283
portland westdesk,-0.08859018563436283
schedules number,-0.08859018563436283
file portland,-0.08859018563436283
04 25,-0.08859310333083355
ajax browser,-0.08860545115400659
problems stop,-0.08860545115400659
splunk url,-0.08860545115400659
copy splunk,-0.08860545115400659
log events,-0.08860545115400659
events configuration,-0.08860545115400659
login,-0.08860723431958198
readme,-0.08861356279583478
qu,-0.08862613928561842
ssl,-0.08867421301439762
access information,-0.08871863509424567
100 free,-0.08874166127928747
stacy,-0.0887649112209206
need quick,-0.0887704576445942
information conference,-0.0887796410384324
thu 15,-0.08880270764810141
02 19,-0.08882607546586083
configurations,-0.08885036589637124
inductive,-0.0889115042225237
database updated,-0.08895578521131738
unix pipe,-0.08899325994085056
variances detected,-0.0890149795997578
introductions,-0.0890340952308213
wishing,-0.08903419599357866
sitecustomize,-0.08905104677357373
notion,-0.08905413232594117
sharad,-0.0890796460875351
mktg,-0.08909829689799587
georg,-0.08910427258869322
catering,-0.08914166441288078
creation,-0.08918458044768755
zipper,-0.08919023141937667
efficient way,-0.08919362193390915
kde3,-0.0892668457345375
02 26,-0.08927973777928377
developments,-0.08929278326651979
experiments,-0.08930256981507369
retaining,-0.0893071083193166
discuss group,-0.08932691374542853
update daily,-0.08933332074820637
philippe bibi,-0.08935174796396984
terms use,-0.08937425868556331
programa,-0.08939321335728091
result mail,-0.08941114319801376
settling,-0.08941510948256638
great idea,-0.08943975832309885
network engineer,-0.08945950440698366
czech republic,-0.0894727914870665
employment salaried,-0.0894972520641675
salaried employee,-0.0894972520641675
explanatory,-0.08950694561222144
anti,-0.08952271967953201
warburg energy,-0.08954572268127918
don black,-0.0895718343951987
million million,-0.08958880658684289
myers,-0.08961797442353538
socket socket,-0.08968685843537517
number spamd,-0.08970274986875441
cvd,-0.08970990974253983
virusdb,-0.08970990974253983
virusdb update,-0.08970990974253983
cvd version,-0.08970990974253983
daily cvd,-0.08970990974253983
clamav virusdb,-0.08970990974253983
0000 daily,-0.08970990974253983
clamav database,-0.08970990974253983
implicit declaration,-0.08971994250193989
originating ip,-0.08975233518151837
melodick,-0.08979105816928536
indexed,-0.0898944155558351
18 th,-0.08992375181214894
suisse,-0.0899408833611669
yanowski,-0.08994796848281028
snapshot,-0.08995218078134949
cyprus,-0.08995226992611123
smtpd_restriction_classes,-0.08995541550437465
11 59,-0.08995862190970982
collateral,-0.08997292509635176
bias,-0.08997294067729021
charging,-0.08997651233271231
monday year,-0.08999320391868956
october 24,-0.08999941557313137
gift box,-0.0900160633714736
wishes,-0.09007745509831713
kd,-0.09010212423813278
colloquial,-0.09010402606813848
sociolinguistic,-0.0901172740483063
lme,-0.09014262011059176
codesite,-0.09017521124662796
codesite discuss,-0.09017595177804257
groups codesite,-0.09017668438128863
wednesday november,-0.09024102538397542
3000 using,-0.0902924384595461
hired,-0.09029431496962542
converted,-0.09032490504659565
arise,-0.09033027100610465
studying,-0.09035240001074102
transaction progress,-0.09036714372218413
keynote,-0.09039560284160617
thunder,-0.09040122482838911
perl hacker,-0.09040200203195267
searchcrm com,-0.0904103297747197
presenter,-0.09044554895067428
fri feb,-0.09049708644040609
todo,-0.0905256647077017
267,-0.0905508889879317
09 05,-0.09055902174216282
questions feel,-0.09056588089979664
freeze,-0.09057987504340036
power contracts,-0.09059522350350763
registers,-0.09063517561485908
privileged material,-0.09065960668438157
ezmlm,-0.09066091311780149
interpreted,-0.09067001549157014
2gb,-0.0906921166062143
genes,-0.09071227237547869
naturally,-0.09071759978833045
ah,-0.09072674396346886
size,-0.09075256828061573
user transaction,-0.09079505772407234
end end,-0.09079556882233973
half year,-0.0908224450715405
days ahead,-0.09086325822914065
02 20,-0.0908697219281272
granted,-0.09088930687012887
maint number,-0.09089614410673265
gas pipeline,-0.09097447847545571
s1 spamd,-0.09105857903683387
subversion,-0.09105932668136392
moan pleasure,-0.0911060755351375
36 pm,-0.0911377770004895
acm,-0.09114079373528296
great time,-0.09115020771116668
joao,-0.09115142659353413
sitecustomize pl,-0.09116071942345332
15 01,-0.09119235996115564
python25 lib,-0.09119579323826106
1982,-0.09123490532049246
interpreting,-0.09126772142460161
soa,-0.09127544639663286
iphone developer,-0.09132500585351
retrieving revision,-0.09132969724904239
hash util,-0.09139952425439292
careers,-0.0914176441910154
getting error,-0.09142562641043937
3a,-0.09143349555997113
final schedule,-0.0914349498967165
treat,-0.09144168610473123
doctoral,-0.09146967358550105
mechanism,-0.09147609241788555
preceded,-0.09148921486065632
ext threads,-0.09152589348510197
february 26,-0.0915978064466646
vitae,-0.0916044855166572
63,-0.09163151003970306
cao,-0.09164329049448586
robust,-0.09164715285360485
30 31,-0.09164928260752682
inserting,-0.09168705943624045
26,-0.09171140629538507
targeted media,-0.09172459544092863
techtarget targeted,-0.09172459544092863
mail mail,-0.09174297675168246
garp,-0.09176568201651387
deliverables,-0.09179090835417505
list list,-0.09179109523138047
chars,-0.0917922569051886
general manager,-0.09179492738068057
currently use,-0.09182186934525899
safari,-0.09184391666006153
click visit,-0.09185644266894932
gregg,-0.09185655602298463
smtpd_client_restrictions,-0.09186729633851172
years later,-0.0918816660274597
ecml pkdd,-0.09189675143276634
eprm,-0.09190959668441435
feb 15,-0.09196648396927214
das,-0.09198672888037446
liverpool,-0.09200241905766621
incremental,-0.09201040552356779
ena ees,-0.09202238113177266
learn ham,-0.09202906495587784
year tutorial,-0.09203663536607905
25 mw,-0.09205632404303099
details trans,-0.0920613038985737
schedule preferred,-0.0920613038985737
downstream,-0.09207242434218084
retire,-0.09213878442998566
new online,-0.09214986209043866
medicare,-0.09215990197482615
power generation,-0.09218917001393218
alpha,-0.0922126975216243
tendency,-0.09221463041031319
pickering,-0.0922187458893934
determining,-0.09222546217686187
3rd,-0.0922256306083437
going work,-0.09224482326940357
problem just,-0.09226033362415391
tcl,-0.09229662686661648
non zero,-0.09230125224272422
combat,-0.09230130490192084
developmental,-0.09233472568054726
extended deadline,-0.09233734708480625
need strong,-0.0923467422475
18 50,-0.09235638703209817
bailey,-0.09239114741839681
transaction immediately,-0.09242641220569181
lacks,-0.09242831311480784
september 12,-0.09243432092555354
pens,-0.0924444329261171
compressor,-0.09246020379542057
widely used,-0.09258189157695845
nov 13,-0.09261862446065633
mnt,-0.09262674685023506
dy,-0.09267249146384678
idp,-0.09267495072842646
scalability,-0.09268743971851763
affiliates intended,-0.09274486795997458
curriculum vitae,-0.09275809016179304
refers,-0.09276222982129209
putchar,-0.09277192678415463
broadcasting,-0.0927888668247336
intl id,-0.09284212148176366
ident envfrom,-0.09284400758625877
envfrom,-0.09284401837936572
envfrom intl,-0.09284401837936572
overloading,-0.09284841929702654
pay rate,-0.09284976728571086
clause,-0.09285646638446125
indent,-0.0928813714627287
amendments,-0.09294564144988608
recommends,-0.09296701472460654
penalties,-0.09298330717791352
email main,-0.09299554500209928
science university,-0.09301165271562084
accidentally,-0.09304801298160498
active topics,-0.09307336592370473
printing,-0.09310263871350782
loria,-0.09310882960170824
backoffice,-0.09311293772864433
wy,-0.0931205664653375
et subject,-0.09313650125685877
0000,-0.09314625456643294
224,-0.09316165389450491
classifier,-0.09320183317517819
carla,-0.09320274415047315
motivation,-0.09324016637992882
specification,-0.09325334923912623
rick delaney,-0.09325898769592572
energy trader,-0.09326296978015135
nov 12,-0.0932713526339714
hitler,-0.09334099295375471
soldiers,-0.09334646861611366
18 21,-0.09334762143962907
frankfurt,-0.0933763009631095
national lottery,-0.09339363214184346
1100,-0.09344259434856837
main char,-0.09348245497252006
char email,-0.09348245497252006
05 01,-0.09349209284824772
mask,-0.09351951956539092
siam,-0.09353832095273265
keyword,-0.09360143338683974
knowledgeable,-0.09361523532644085
advertise contact,-0.09361723358386498
combines,-0.09362025658510094
centos,-0.09362778057577928
june 23,-0.09369321799900386
cheers mark,-0.09372297715004983
24 10,-0.09372553684023996
44 171,-0.09373275407342367
table contents,-0.09378173418841436
extracted,-0.09380607063845778
tree,-0.09384032605940795
montana,-0.09384360031498379
time effort,-0.0938511665423006
past week,-0.09385152398395234
jana,-0.09385974375730682
clutter,-0.09391332129706398
char putchar,-0.09398202121138927
unless specifically,-0.09399630690041103
applying,-0.09400777482942634
caribbean,-0.09413240954883234
sarah,-0.09416288366457749
buy sell,-0.09416807346007756
pop,-0.0942002125390466
meal,-0.09421183874019858
sed,-0.09424261808014557
tips tricks,-0.09424841517678569
ve attached,-0.09428533294666128
strike,-0.09429990968412048
sophie,-0.09430679702796793
viewpoint,-0.09433574163230585
gartner,-0.09433679621903958
websphere,-0.09436279576886765
account click,-0.09439828443362461
msa,-0.09442173670183984
nam,-0.094441231454704
information click,-0.09444385975687766
advance help,-0.09446151829901447
feel sorry,-0.09446939553339868
doesn need,-0.09447843962867983
guenther char,-0.09451550309428672
schemes,-0.09452712149296076
searchsap com,-0.09455061508739579
cheers benjamin,-0.09457003594860257
21 07,-0.09463236289578084
ident,-0.09464119487148542
time thanks,-0.09467557295172749
mail notify,-0.09468054986919865
421,-0.09468300252850069
haas,-0.09470320697129195
ucl,-0.09470427521884929
russell,-0.09473182105193799
pay extra,-0.09473863789617318
marcello,-0.09474246347375764
thematic,-0.09475013700393872
participant,-0.09478002137053272
ve tried,-0.09478040134937067
leff,-0.09479634285554651
relays,-0.09480589320279306
et la,-0.09481864726402174
kernels,-0.09483518983425468
lrwxrwxrwx root,-0.09484644043596979
lrwxrwxrwx,-0.09484676624031142
work properly,-0.09486394812287022
world cup,-0.09487581648181881
expectation,-0.0948853430474629
roots,-0.09490668625959747
eprofile,-0.09491903299140463
grigsby,-0.09507056334368393
broadway,-0.09507927421609827
timeline,-0.0950798177985176
urgent attention,-0.09518862378265942
pa apply,-0.09522861200142421
bailout,-0.09531442465259359
come meet,-0.09535176997627536
houston time,-0.09536273372276523
usenet,-0.09536849792063921
bs,-0.09537555665750634
feb 29,-0.09538837332802735
monday 18,-0.09548077123862501
forrester,-0.09550163624313496
hebrew,-0.09551116883023605
icml,-0.09553161756191188
partnerships,-0.09556504653643702
12 23,-0.09560840457676728
duo,-0.09562370452460288
draw tuesday,-0.09562532001031511
year workshop,-0.09566058455948855
private sector,-0.09568342581204194
dist,-0.09569280272775958
facing,-0.09569823095287008
panel,-0.09570870399611171
july 18,-0.09571083843920077
ham spam,-0.09572233144913059
rb,-0.09576928644884611
releases,-0.09579285872806234
sonic,-0.09590765386371744
cmd,-0.09596407828700822
august 21,-0.09598245419091787
making sure,-0.09598690631172217
comment using,-0.09598851559443318
metal,-0.09600757670591531
automate,-0.09602020765293154
lying,-0.09603140478635659
know don,-0.09603946341881481
rba,-0.09606102714830533
box,-0.09609353494618844
messages authors,-0.09609407314259329
print screen,-0.09611177737599011
hayden,-0.09611880104950694
downloader number,-0.0961369710335331
stock exchange,-0.09616158945212436
workflow,-0.09620473514220114
metro,-0.09621231009630307
using gnupg,-0.09622171315227064
earlier today,-0.096224998610673
martin lin,-0.09622974630178814
interpretations,-0.09624091763460363
complete list,-0.09627198797544853
overflow,-0.09630750953156149
sources report,-0.09632696004672563
11 00,-0.09634305188489409
year office,-0.09637579506127966
paper submission,-0.0963898356049169
framework,-0.09639777521856131
certain,-0.09642776565290123
konqueror,-0.09643622301925195
omissions,-0.09644959369440198
strictly confidential,-0.09645290917359925
callable,-0.0964598154439339
footer,-0.09646017369753238
help,-0.09653175305425699
ve asked,-0.09657290228091853
imho,-0.09658057766655895
kwargs,-0.09665789004238934
flying,-0.09668325002066322
prefix,-0.09673808843317157
revealing,-0.09674490225792721
man bed,-0.09677648789045261
term california,-0.09686271746890007
significance,-0.09687218011211583
pmc,-0.09687853137077997
jarkko hietaniemi,-0.09696758557200054
hietaniemi,-0.09696758557200054
version number,-0.0969859705367312
64bit,-0.0970761175526081
comply,-0.0970961255417559
talk,-0.0970992712334848
author jm,-0.09710581557760341
sevil,-0.09711159181806481
tribunal,-0.09711842268215751
errors omissions,-0.09714823703807611
12 06,-0.09717330232291457
francisco ca,-0.09723169375771908
com au,-0.09724059777397458
20 10,-0.09724507610324076
nope,-0.09726478510382298
auditing,-0.09727171971847938
lou,-0.09727459456388327
department computer,-0.09730774005235801
blackouts,-0.09731359577695455
merchants,-0.09734449268381767
vc,-0.09734471726741008
crossing,-0.09735027602695366
inquire,-0.09738705599796364
browsers,-0.09741905984455407
department foreign,-0.0974235033845416
il,-0.09745732320842328
lack,-0.0974767687209712
code number,-0.09748894313447853
127 number,-0.09748953562183896
wish receive,-0.09749845121439712
conscious,-0.09752001460894681
forward working,-0.09753726295455635
term southwest,-0.09754755035951757
right,-0.09755105113370326
enjoyable,-0.09761289867032093
heating,-0.09772260535742128
visual,-0.09772578278812373
internet service,-0.09774801909470122
college london,-0.09775352845839953
number 14,-0.0977561185562092
make sense,-0.09778402695879712
february 17,-0.09781861325851117
jcc,-0.09782557579522799
deleted ______________________________________________,-0.09785293348736603
sebastian,-0.09786551996720286
need set,-0.09788539343412941
jim fallon,-0.09789080418937215
cocktail,-0.09789721604410326
variance,-0.09790679593009557
searchcrm,-0.09790920318570825
spamassassin users,-0.0979137789692836
march 21,-0.09794027464676908
probably want,-0.09794499482847005
archived,-0.09795595400441996
nlp,-0.09797670896383938
args kwargs,-0.0979933144872931
koenig,-0.09802978816697852
configuration files,-0.09810554745729255
flagged,-0.09811901439325807
packages,-0.09820632717427602
received header,-0.09820823322485275
purchase agreement,-0.0982084358558853
right way,-0.09821968875903178
displaying,-0.09822651237061002
icml year,-0.09826148319995252
ati,-0.09829900676567586
accommodation,-0.09830010624275173
information provide,-0.09830337069302399
flights,-0.09830726161833948
applications using,-0.09834299854237623
figure,-0.09835250696502879
virtual_alias_domains,-0.09838155299692115
roi experts,-0.09841799542636116
techtarget media,-0.09841799542636116
media roi,-0.09841799542636116
mydestination,-0.09843841326565174
jenkins,-0.09846922439730008
ct apply,-0.09849316967022756
didn know,-0.09849358775244713
icann,-0.09854465460157022
distros,-0.09857030701608668
smoke,-0.09857356430084963
oasis,-0.09860216636400675
money intact,-0.09864268868552935
cos,-0.09868372902923189
judged,-0.09869161336735517
investment money,-0.09876335048859745
clustering,-0.09885213395665975
munich,-0.09886450132655421
1976,-0.09887860832892133
week ending,-0.0989495070087273
feb 26,-0.09896508952444785
sent spamassassin,-0.09899055488929713
attach,-0.09900961389235459
farms,-0.09902035529898498
15 18,-0.09902833297068381
distributed,-0.09904762816556181
lvalue,-0.09906003250831515
relay_recipient_maps,-0.09906212551953478
access denied,-0.09908196029761374
discover new,-0.0991184522114437
complements,-0.09913190813688473
358,-0.09913251074987642
view webcasts,-0.09913976447233085
completely satisfied,-0.0991447615481039
daffin,-0.09916219634948747
summer school,-0.09917542015258572
scope,-0.09919642614488378
september 22,-0.09920418273040521
know interested,-0.09921729237763238
87,-0.0992416533182698
nerc,-0.09927968174917468
save big,-0.09928826265356896
1326,-0.0993199614363483
commit number,-0.09940358557359177
spot market,-0.09941469045245496
2a,-0.09942441040014909
drives,-0.09944655591652758
00 mail,-0.09949304846897317
today thanks,-0.09949720714462608
typeerror,-0.09952263928035948
sharing,-0.09954987019542504
r1,-0.09959864391044047
impacts,-0.09960976927369185
version status,-0.09965262613002762
stadium,-0.09967820667346813
yao,-0.09969838866659697
peaceful,-0.09970353710412871
unified communications,-0.09970518546416822
time new,-0.09972230367591207
write email,-0.0997316096133657
routed,-0.09975210617386883
featured white,-0.09976747376874866
federal government,-0.09981287077428748
reconciliation,-0.09982738723164601
stanford ca,-0.09988782369900176
logistics,-0.09988832019003202
october 29,-0.09991042021785337
aaas,-0.0999169096052364
elle,-0.09992533467999164
contract cost,-0.09998007170301
url spamassassin,-0.10000296958888748
regulators,-0.1000137074573313
botnet,-0.10001968411452657
miniperl,-0.10005823630728278
help help,-0.10006620231949799
kaminski 01,-0.10010798589507729
kathleen,-0.10012339485978754
deliveries,-0.10019937689806871
jm new,-0.10020319685733517
hackers,-0.10022455623786335
11 09,-0.1002420786881654
filesystems,-0.10024261273729418
working new,-0.1002430241462501
30 34,-0.10025351924056115
deadline march,-0.10026938590598777
fetch,-0.10032009142136437
warming,-0.10032599141748025
year date,-0.10035620125315504
check items,-0.10036892282369851
mari,-0.10038357576166827
contributors,-0.10042491792272988
sat oct,-0.10044612960860108
url registered,-0.10048407390628905
borne,-0.10051058641749736
synthesis,-0.10055812784268642
modified files,-0.10057070472521062
leslie,-0.1005833108999869
files transmitted,-0.10063565607099924
joe gold,-0.10066014512234377
conference program,-0.1006606319788849
psychic,-0.10069889326949415
reality,-0.10070014209371882
assumption,-0.10071590850103534
ciso,-0.10072878443561073
lng,-0.10073426173432987
17 30,-0.1007829261089738
original spamassassin,-0.10078307914687393
perez,-0.10081214032384841
days receipt,-0.10086970390700585
stops,-0.10091619356221762
s1,-0.10094051106060085
check new,-0.10095339048245039
kde4,-0.1009783945373744
01 10,-0.10098755550767378
list info,-0.10099208479132597
shanahan,-0.10099294209955226
segment,-0.10099645589347309
glenn,-0.10100711164437728
correctness,-0.10103905238112064
37 pm,-0.10105885389849091
kimberly subject,-0.10107241083573967
tough,-0.10108776851440501
sun feb,-0.10108935172721871
abbott,-0.10111238075537841
posters,-0.10111763030156823
ms word,-0.10113370542026533
body_checks,-0.10114473587265362
heroes,-0.10114635346833555
005,-0.10115783746812833
fax 914,-0.10116118926799704
21 200,-0.1011624296499446
way mail,-0.10120796516332335
eps,-0.1012827887317057
estimated,-0.10132234590919194
time onsite,-0.1013370810835402
world new,-0.10133955060549651
delete mail,-0.10137479535408164
database unknown,-0.10137798367722971
html_message,-0.1013855395492706
networked,-0.10141619902244921
matrix,-0.10144006469152127
vx,-0.10145627531754255
foundational,-0.10151451166493797
340,-0.10152656429294496
email receive,-0.10155915694263454
___________________________________________________________,-0.10156036957225273
smtpd_sender_restrictions,-0.10156519901869969
text mining,-0.10159117556064091
river road,-0.10164065344858035
resource eol,-0.10166259918542621
ll probably,-0.10169427770394512
discusses,-0.10170993791722958
future correspondence,-0.10172982486544727
following people,-0.10175621671006077
coordinates,-0.10180239166727878
personal information,-0.10182015637314733
january 15,-0.10182656940972347
check_relay_domains,-0.10187415167997775
hawthorne ny,-0.10188378473143853
walter gruyter,-0.10188396159314607
road number,-0.10188463160275169
info subscribe,-0.10189403954967642
introduces,-0.10190095309968837
brook,-0.10194148402887798
textual,-0.10195476078544946
online manage,-0.10196642581866266
email mouton,-0.10197239846054547
mouton degruyter,-0.10197239846054547
partition table,-0.10197724642116995
hardly,-0.10200378200518817
bankruptcy filing,-0.10205911553294764
var log,-0.10207561681081642
sam,-0.10209907829629844
francesco,-0.10211377934488018
berlin hawthorne,-0.10213381196211489
200 saw,-0.10213381196211489
914 747,-0.10213381196211489
gruyter postfach,-0.10213381196211489
saw river,-0.10213381196211489
1326 email,-0.10213381196211489
351 fax,-0.10213381196211489
number 351,-0.10213381196211489
postfach 30,-0.10213381196211489
germany usa,-0.10213381196211489
gruyter walter,-0.10213381196211489
747 1326,-0.10213381196211489
user account,-0.10213708850848359
mon oct,-0.10214470354144158
invitation,-0.10218767353730801
lowry,-0.10219836700705656
invaded,-0.10227579565453519
dennis,-0.10227699400107247
dispatch,-0.10229728622443042
proceedings workshop,-0.10232616953311406
aquila,-0.10234131848591145
ll look,-0.10235075737835003
armstrong,-0.10237609716281194
tied,-0.1024374604674266
isbn number,-0.10243987058142079
generous,-0.10246355536221485
constraint,-0.10248442575217794
hertzberg,-0.10248617962720637
unsupported,-0.10250250872239748
sophisticated,-0.10254029914544553
degruyter publications,-0.10259152412753922
interview schedule,-0.10263514836447163
ordered world,-0.1026501097317822
http degruyter,-0.1026501097317822
searchsap,-0.10268147160397315
lokay michelle,-0.10268556026837455
traveling,-0.1026935670644652
provision,-0.10269983620374826
xxxx,-0.10270626657379688
lambdas,-0.10275783222665855
amd64,-0.1027814528830815
safe secure,-0.10281566560012369
really like,-0.10282092389422519
perl current,-0.1028287182179988
rendering,-0.10283578858263953
beats,-0.10285345333774033
vt,-0.10285980991571805
advocate,-0.10292312824933299
attachments confidential,-0.1029873627805355
07 02,-0.10300082090057029
cycles,-0.10300508931601463
apologies multiple,-0.10302360864766678
year great,-0.10307037865678408
security approver,-0.10310431906498953
listed security,-0.10310431906498953
consultancy,-0.10310970696856303
sym,-0.10316492026375508
subject new,-0.10317042303156491
19 08,-0.10317397855160661
newman,-0.10318265320095227
pst,-0.10318721062892228
required request,-0.10319326928091381
01 hourahead,-0.10320212933131336
shared storage,-0.1032147205919241
views,-0.10325971300238368
predicting,-0.10329518422978935
going need,-0.10329699155870478
merijn brand,-0.10336998210719078
need able,-0.10340256697534231
immediate family,-0.10341995904241992
approximate,-0.10344288626610214
39 pm,-0.10346387828513223
sager,-0.1034705483013523
verbal,-0.10352855387839029
jean mrha,-0.10354917566259672
contingency,-0.10359963611549045
internet url,-0.10361233256593536
social networking,-0.10361608677467136
intriguing,-0.10365813855640049
bradford,-0.10369625934043561
offline,-0.10369820415707008
police,-0.10370471146356063
confirmation hi,-0.10370531053038806
don want,-0.10374204292740265
benjamins publishing,-0.10374374422659137
nerd,-0.10376459169492824
need support,-0.10378694289049482
birds,-0.1038308785664607
tired spam,-0.10386804984698404
verification required,-0.10388216401089964
apologies receive,-0.10389962825839044
named lambdas,-0.10392556972502844
uiuc,-0.10395336305247434
stake,-0.10396336215621424
005_05,-0.10398898383786186
vu,-0.10400216078085492
856 6525,-0.10402998109892667
socket,-0.10406642265046022
knowledge,-0.10409144841191748
mob,-0.10409319204372541
troubled,-0.10409569382044302
martha,-0.10411158558171281
accurate,-0.10411999029173905
discretion,-0.10414361821361352
jacob,-0.10415771090574706
renew,-0.10416374159217512
fallon,-0.10416489283969327
camera ready,-0.10422807955800316
sitara,-0.10428158232740127
drift,-0.10428805552976825
rarely,-0.10439293437925876
peace keeping,-0.10446978085555454
ib,-0.1044999511909554
consuming,-0.10451013741607444
schneider,-0.10451196812647677
yahoo tired,-0.1045291604080188
email listed,-0.1045674274553922
convertible,-0.10456977010045912
arrives,-0.10458201364496558
syllables,-0.10464227140204212
paper alerts,-0.10465922636313363
law firm,-0.10469251887352571
poorly,-0.10469889764652132
partitions,-0.10470580961243522
sender immediately,-0.10472117049297583
eighty,-0.10472203029358991
ethics,-0.10472532370450505
pdx,-0.10473044480461652
year 01,-0.10475417993923095
single,-0.10478984166066461
asn,-0.1047971176242281
watson kimberly,-0.10481141297390364
unsubscribe white,-0.10482074341008348
alerts unsubscribe,-0.10482074341008348
python2,-0.10482663076382862
character set,-0.10482690373494745
montpellier,-0.10482874574097578
bail,-0.10483292099159794
new life,-0.10484075587263854
set time,-0.10484288499281783
julie,-0.10486969936641731
harvard,-0.10487182612773176
xp vista,-0.10487492257317439
md apply,-0.10492973600154151
eee,-0.10494409193203762
26 00,-0.10496285611979495
justification,-0.10496663315568132
assistance dear,-0.10500540065380783
tammie schoppe,-0.105015249025184
instrumental,-0.10504792454924758
137,-0.10504802019417976
disturbs,-0.10506472904931612
disappear,-0.10509314185697498
pkg,-0.10509319917681205
using ajax,-0.10511642476023748
untimely death,-0.10514479184752325
bogdan,-0.10514611879639174
aids,-0.10515552032923109
approver click,-0.10518171645941196
test results,-0.10520100930184739
fall,-0.105211424035028
rsa sha1,-0.10523252799657787
disadvantage,-0.10531318991017904
assistants,-0.1053941003425803
barrier,-0.10541907559702055
cvs serv,-0.10542081436993923
serv number,-0.10542081436993923
________________________________,-0.1054628058666366
newswire,-0.10546288384650146
susx uk,-0.1054722323724909
cogs susx,-0.1054722323724909
susx,-0.1054722323724909
mseb,-0.10547388047757983
lecturers,-0.10561041225234097
cline,-0.10561049924109406
message author,-0.10562402486462819
supreme,-0.10563146618050352
interchange,-0.10564384113109296
lend,-0.10566620434374492
15th year,-0.1056925130135491
discourage,-0.10571144475638004
11 55,-0.10575208430694608
thesis,-0.10579548617410918
leuven,-0.10581721720110765
berlin new,-0.10583506715270993
news com,-0.1058353841258513
bayes_99,-0.10589321426116077
15 49,-0.10591268844534099
bizarre,-0.10594155258675708
wednesday march,-0.10596909751135551
mean time,-0.10597828490742608
grant,-0.10605030913376678
deployed,-0.10608192162058132
4gb,-0.10611261174686606
solve problems,-0.10612911176448266
pulp,-0.10614895970983665
feldman,-0.10616349897462887
cogs,-0.106170450113849
telephony,-0.10617407355688008
clash,-0.10617907369989908
lodge,-0.10618461001627195
behalf,-0.10624453817102204
flags,-0.10626222767367086
new england,-0.10627201156709586
authors url,-0.10627344441741005
download white,-0.10630122818149124
mrha jean,-0.10633235551186396
long way,-0.10633910726283287
best morgan,-0.10637314721698726
human language,-0.10637421105937904
reorganization,-0.10649839456831789
par,-0.10651668620760861
economic,-0.10656619418038726
satisfactory,-0.10656988411363617
west power,-0.10657965404972768
way thank,-0.10659405096347145
service benjamins,-0.106599054004668
gruyter berlin,-0.10660190990769837
slots,-0.10660335335762314
checking account,-0.10669920337779015
continues,-0.10670310785939369
stages,-0.10670456581047034
teksystems,-0.10675217510856476
messages parsing,-0.10678038183267657
duploelabs,-0.10678888425939823
qw,-0.10680422277881343
launch,-0.10680436632028018
november 21,-0.10682158338405266
supatgiat,-0.1068531034598625
iro,-0.10685401242287146
august 10,-0.10686951819573698
make decision,-0.10689330460869462
kurila,-0.10691722348572485
iowa,-0.10694107682602985
13 16,-0.10694850317084917
time 00,-0.10697540998792285
regards martin,-0.10698155645864296
curriculum,-0.10702680937673067
need discuss,-0.10706146648520092
22 pm,-0.10706852895782658
biotech,-0.10707377540168422
allegheny energy,-0.10708977950017917
hires,-0.10711214224127541
usr bin,-0.10711666781622649
lmtp,-0.10711990363457047
conveyed,-0.10716226129226972
scholars,-0.1072163413065424
author url,-0.10723979415737175
tue oct,-0.1072421396372829
special case,-0.10724540652084796
example com,-0.10726056727465007
rewrite,-0.10730708129205993
segmentation,-0.10731957398121965
smoke 10,-0.10734880838263124
expanded,-0.10737340913831672
mws,-0.10738935229324602
apollo,-0.10738944770381723
knott,-0.10751482612612263
wave,-0.1075229113459736
pressure,-0.1075416664691898
regards brian,-0.10756534564027054
ngpl,-0.10763219841561307
adjacent,-0.10763646621299332
hotmail,-0.10764423902376531
matthias,-0.1076851964128081
elvis,-0.1077219815590963
programming skills,-0.10772482457438938
regards sandeep,-0.10774102282445466
invitations,-0.10780899648139583
jessen wrote,-0.10783961048614372
nijmegen,-0.10785888569685859
paper learn,-0.10786519615975684
past months,-0.10791121657824404
python25,-0.10791354249454091
wednesday october,-0.10792188192672184
08 24,-0.1079332917757765
money website,-0.10793590545648962
avoided,-0.10795341459259225
audrey robertson,-0.10796790632196573
seemingly,-0.10797739545028812
periodically,-0.1079908708170176
46 pm,-0.10801420774534926
sp 15,-0.10803240643600193
alias trojan,-0.10804987965605511
organize,-0.10805103652203164
floating,-0.10805279352618075
documentation review,-0.10806352533731413
subject documentation,-0.10806352533731413
percentage share,-0.10812634035252931
405,-0.10813562381819362
artificial,-0.10815394451816156
mozilla url,-0.10826282984975048
gnupg mozilla,-0.10826521264145966
libraries,-0.10829748145581593
number telephone,-0.10832720062094593
rational,-0.1083956520703776
torrey,-0.10839756557644037
jake,-0.10841127639534805
merijn,-0.1084214929857092
second papers,-0.10845767948705975
fund transfer,-0.10846476023056402
paper url,-0.10847101051301387
phone 64,-0.10847401614185558
checkins spambayes,-0.1084796318914563
03 15,-0.10854318307444105
parsing file,-0.10858342663390008
352,-0.10859225864280604
subs,-0.10866113927817231
assembly,-0.1086695958736501
submit,-0.10870070863719998
dpc,-0.10871807359671704
blank line,-0.10874257955816531
universals,-0.10874601785191472
turning,-0.10876197976875293
mainline,-0.10876377217870516
origins,-0.10879642665731147
foster,-0.10880809351201769
summer internship,-0.10883617982724002
corrupt,-0.10883902788371976
compilation,-0.1088853531955713
travel terms,-0.10890705465488913
spikes,-0.10891154166800765
silent,-0.10891411381821013
hardware software,-0.10898466330568003
morphemes,-0.1089931017180411
discontinued,-0.10903641428861623
hrb number,-0.10903862688802893
hrb,-0.1090405815451589
student,-0.10907557564035773
james knott,-0.10907675747278948
hil,-0.10908502580578701
03 31,-0.1091488961462102
year 42,-0.10915865767756924
inode,-0.10924003008879875
videocast,-0.10924417828449935
ubs warburg,-0.10927019609585482
bob lee,-0.10927088495165148
carnie,-0.109280367206589
5th,-0.10929825358564817
pkdd,-0.1093046462928742
severance,-0.1093175159919093
week science,-0.10935747256220804
sprint,-0.10936781661092743
este mensaje,-0.10942707246374145
laptops,-0.10945509825527346
closing date,-0.10945848598529963
bayes_00,-0.1094774947415673
synchronic,-0.10948565427102236
communication skills,-0.1094930010271727
retained,-0.1095141562061922
collaboration,-0.10955923105532275
musa,-0.10959033738182221
francisco,-0.10961366710502739
34 36,-0.1096691066614456
45 pm,-0.10968455748820835
terms employment,-0.10971399846391111
year job,-0.1097286039601776
url job,-0.10972909608556247
xerox,-0.10972925004270698
promising,-0.1097362070457389
test failures,-0.10974122193866562
aggressively,-0.10989135823317221
july 25,-0.10989409958049906
metadata,-0.10995485644633549
55 pm,-0.10995668080883282
dealt,-0.10996917872221905
itinerary,-0.1100056214805948
precedence,-0.11001055231022225
ut,-0.11001943996033525
destruction,-0.11002557652408454
indoor,-0.11004059115927703
perl jobs,-0.11004229119901249
email posted,-0.11004229119901249
job url,-0.11004229119901249
controls,-0.11004424399689047
february 25,-0.11012072166916685
generated message,-0.1101260443057125
paulo,-0.11013431866781447
regular,-0.110152531654285
04 09,-0.11017053913114569
18th,-0.11019371489852813
supports,-0.1102067070365151
russian,-0.11021111222708588
janet,-0.11022301269561222
thursday october,-0.11023044465807909
subdirectory,-0.11025676604013694
running perl,-0.11028282622118082
ps,-0.11032055462532703
sc8,-0.11033023055506465
url log,-0.11034518538454609
types,-0.11042530223953158
fix problem,-0.11042928831954037
weekends,-0.11043454416877203
heterogeneous,-0.11044091858749418
epmi short,-0.11045286249653778
binding,-0.11047331065115167
dan,-0.11051914651246766
required skills,-0.11052711491403394
arthurandersen,-0.1105316354208904
arthurandersen com,-0.1105316354208904
anthropological,-0.11054490705143215
reject_non_fqdn_sender,-0.11058481178347254
just wondering,-0.11061398819970664
job,-0.11061531787877597
feb 27,-0.11067851084576004
chonawee supatgiat,-0.11074010211035344
gss,-0.1107794428527281
san juan,-0.11078109120370723
credit balance,-0.11080629967994446
0x number,-0.11081618350192535
connecticut,-0.11085347891914937
lovely,-0.11086330030286239
wrote 10,-0.11090860856887577
complexities,-0.11093966441951733
math,-0.11096208392108285
luggage,-0.11096895585274659
unix linux,-0.11098160510525562
modifying,-0.11099995743581795
hamilton,-0.1110080853381531
report directly,-0.11103525713182054
gaining,-0.11104146353873179
year news,-0.11108730649396506
url report,-0.11114192254130505
hour hourahead,-0.11115105686256323
simulations,-0.11119204678773999
212,-0.11120166573491241
mark taylor,-0.11121397267163265
net tmp,-0.11122006231430401
tmp cvs,-0.11122006231430401
update cvsroot,-0.11122006231430401
pr cvs8,-0.11122006231430401
directory sc8,-0.11122006231430401
sc8 pr,-0.11122006231430401
cvs8,-0.11122006231430401
cvs8 sourceforge,-0.11122006231430401
knott wrote,-0.11122060154621459
horton,-0.11122995762249663
mumbai,-0.11123195500450352
deng,-0.11123296205133569
19 95,-0.1112648996340377
pop3,-0.11128420538173683
language policy,-0.11129802321456099
street suite,-0.11131665446482898
guidance,-0.11132825542535087
sources,-0.11132910419218472
02 22,-0.11133570061413532
28 02,-0.11137699077149936
epmi long,-0.11137940037944527
tables,-0.11141158734435508
send secure,-0.1114502852823793
entities,-0.11151235708640025
vision,-0.11151734438222985
release,-0.11158948245325144
want people,-0.11161208276228571
hel,-0.1116173000962078
20 minutes,-0.11164121942314044
earlier year,-0.11165519637776912
dev mailing,-0.1116596131273264
26 pm,-0.11166472732980073
sig,-0.1116914031067512
permit_mynetworks permit_sasl_authenticated,-0.11170518629887803
17 01,-0.11172125420878289
03 04,-0.11181668780445006
level,-0.11190915428889701
suddenly,-0.11193930082304478
minority,-0.11194910909784019
spreads,-0.11195017218432088
verizon net,-0.11198829615426345
generators,-0.11200479719913727
just use,-0.11207431976656228
successful candidate,-0.1120824517496871
prototypes,-0.11209257145742456
411,-0.11215255313127966
ports,-0.11216602916668528
going try,-0.11218258094739487
excepting,-0.1122034826015243
dennis lee,-0.11220711734572118
pull,-0.11221245421684402
computer vision,-0.11221964764582047
arora,-0.11223697424702683
year 54,-0.11225392090626601
thank send,-0.11225466390963029
familiarity,-0.11235536051402828
client appreciate,-0.11239145684395718
university albany,-0.11241793358687453
humor,-0.11244739980335686
361,-0.11250965651318277
10 22,-0.11251611501151156
usability,-0.112537123806394
backslash,-0.11253969854541081
unclear,-0.11254180249786501
just plain,-0.11256507345108525
jafry rahil,-0.11258777467241143
ave suite,-0.11261842315803643
privilege,-0.11283712270997083
doyle,-0.11283737385318304
admit,-0.11283965537798787
scary,-0.11284841903225212
greg piper,-0.11286812018852195
data mining,-0.11288676757279188
batteries,-0.1129016367319262
contact thanks,-0.1129208747455422
hardcopy,-0.1129572895960613
stdio,-0.11296711179570083
email contains,-0.11297739006023076
mpc,-0.11300900088079123
protein,-0.11310864356571056
assess,-0.11311604902173256
jesus,-0.11313460123363518
fair,-0.11313734031723155
11 23,-0.11314975975023486
pattern recognition,-0.11316158913641168
yields,-0.1132506378905144
number 0800,-0.11328262652757333
colleen,-0.11329554967791264
intra,-0.11338402065105468
syllable,-0.11340391916395845
responded,-0.11340472066025845
feb 14,-0.11342750769357184
incidentally,-0.11345647796650146
gareth,-0.11355993961393766
maura edelweiss,-0.11359993572834085
malformed,-0.11360253822937896
eds,-0.11364732204138595
wiki page,-0.11367746036018903
voting mailing,-0.11375854006207693
_______________________________________________ voting,-0.11375854006207693
months ago,-0.11376940280692459
thanks vince,-0.11379382707943625
35pm,-0.11380476147663682
elizabeth,-0.11381631483902137
xen,-0.11384189115284557
convenience ll,-0.11386156627004403
5800,-0.11386753996474801
lib auto,-0.11388693743201879
followers,-0.11391141401367594
northwestern,-0.11397248690658568
thou,-0.11397603854009485
outlook year,-0.11397713189637702
sane,-0.11401360419465154
cnet news,-0.11403749640197931
deborah,-0.11406272605197328
mainframe,-0.11407784263210646
hmmm,-0.1140786594271232
juice,-0.11408869052479265
today save,-0.11410440583684237
people don,-0.11411792213686768
conference registration,-0.11411855191781874
lenos,-0.11412056005610001
high performance,-0.11425549540076997
don problem,-0.11426202979245725
convey,-0.11428672912048617
smtpd_recipient_restrictions permit_mynetworks,-0.11430043896166797
qs,-0.11432705002763714
feed,-0.11432832993976975
dual core,-0.11433547255987575
develop new,-0.11438286110632392
number fail,-0.11440430475103595
parts,-0.11441056909440621
year contact,-0.11442791278841276
received mail,-0.11445110731830545
february 18,-0.11446620711627038
timelines,-0.11452218046461661
fyi original,-0.11455876315175112
lowered,-0.11457453441776913
nightly,-0.11459461648887455
lexicography,-0.11459943925252186
120,-0.11461489574432597
equivalents,-0.11464704419793592
information new,-0.11468086578803652
gfs,-0.11468883863213533
opportunity,-0.11473802869268446
institutions,-0.11477719660699819
restoring,-0.11479371319580332
stdio perlio,-0.1148169700938883
wanda,-0.11486012950367736
stability,-0.1148890983141717
signatures,-0.1149072865589983
september 15,-0.11491943807067301
scm,-0.11494959960022394
ll work,-0.11499715655566596
immediately notify,-0.11502328520556818
km nw,-0.11503070822174649
john arnold,-0.11507781696730654
franz,-0.11516663305581122
regency,-0.11521656906921134
differentials,-0.11522383786397404
autolearn,-0.11522490669985457
thanks zhiyong,-0.11522624682290733
attacks,-0.11525787914302726
year pp,-0.11529228445806468
simple way,-0.11529938465080675
airports,-0.11531988259922463
budgets,-0.115336449271338
april 13,-0.11533949165724053
inode number,-0.11534109406384466
like discuss,-0.1153622019568926
bbb,-0.11538627976571722
worthwhile,-0.11540492836834088
531,-0.11542506627586285
12 noon,-0.11545106754120049
wrote don,-0.11545615742334282
virus outgoing,-0.11548022181010364
reviewers,-0.11550878411113916
operation,-0.11552739767261835
cogsci ed,-0.1155310961683127
sys syslog,-0.1155408176492288
reconsider,-0.11554839830839003
believes,-0.1155696438711505
hyatt regency,-0.1155699162844403
mounts,-0.11559031386495304
oscar,-0.11559784014197902
oxford university,-0.11561188685333669
fyi forwarded,-0.11562288086010795
ulster,-0.11564422294448981
outlines,-0.1156958887722705
url got,-0.1157022087477226
comfortable,-0.11574777505634913
conservation,-0.11579843476061255
mann,-0.11584008500534805
nicely,-0.11591744872401817
disabilities,-0.11592501711386446
consistently,-0.11593134528152516
require,-0.11593335138341486
collaborative,-0.11596718454118209
slideshow viewer,-0.11597582331229768
combinations,-0.11598156017099139
special offers,-0.11599100322997985
home spring,-0.1160742779529115
sys media,-0.11612855726218493
slashdot,-0.11615881396955212
check server,-0.11616065365595167
forest products,-0.11625856443922843
run test,-0.11627154301018208
obtained,-0.11628917175724418
annuity,-0.11630541693832107
esther,-0.11636453455053572
breath fresh,-0.11637062271768207
fri mar,-0.11637176255040328
apr,-0.11637255744530599
contributor,-0.11637347854322573
overhead,-0.11638674467613638
specially,-0.1164017402937729
august 24,-0.11645606913716766
date 25,-0.11648203238437177
confuse,-0.11650676778580087
theories,-0.11651842709760465
agents,-0.11652337157870715
mf,-0.11656143579532928
zadeh,-0.11660844535003945
url end,-0.11664478981915254
prepare,-0.11669504357203915
wrote just,-0.11671046920590294
fax 27,-0.11673599216209948
signature rsa,-0.11675143830074469
40 years,-0.11676527785375217
album,-0.11678335109546142
non text,-0.11682686152842356
business plan,-0.11684980433254703
point right,-0.11686188739853277
05 02,-0.11686652366252123
273,-0.11686704288962642
qmail,-0.11689846068860298
norma villarreal,-0.11691199261292262
urged,-0.11700397149605452
email newsletter,-0.11704638698318066
cell 713,-0.11707858990951327
lib mail,-0.11710149357698905
gear,-0.11711610741781833
tuesday year,-0.11713758983427258
court tue,-0.11714592632301084
tue 35pm,-0.11714592632301084
tue 45pm,-0.11714592632301084
tue 00pm,-0.11714592632301084
tue 10pm,-0.11714592632301084
tue 20pm,-0.11714592632301084
tue 55pm,-0.11714592632301084
url university,-0.11717722937688284
editors choice,-0.11719328383961146
sts,-0.11719389388882226
commercial mail,-0.11722102328153594
african,-0.117249699091494
seminars,-0.1172565711219852
edt,-0.11727620751593967
sections,-0.11727724176700226
crashes,-0.1173935510130385
amarok,-0.11740137560194994
notation,-0.11741634712870139
html format,-0.11744559991085367
13 20,-0.11744824550889613
home phone,-0.11748131505462267
baughman,-0.1174834423611342
focusing,-0.11751617508590946
optimality,-0.11751994223657315
international journal,-0.11755739805775028
barriers,-0.11758547822370048
web application,-0.11761616495202418
20th,-0.11764459312270079
brand wrote,-0.11767232317514754
consolidated,-0.11770843107224187
time sensitive,-0.11774518178662194
november 20,-0.11774779699456649
reviewer,-0.11781811868977926
src,-0.11784331516931096
merged,-0.11784652208360583
investigating,-0.11790499499864734
kimberly,-0.11790724861169097
stack,-0.11795382859345993
today topics,-0.11799457095729231
digest today,-0.11799457095729231
know going,-0.11800838349506851
notable,-0.11802690073321442
prosody,-0.11806181036386723
27 year,-0.11812451751225747
signal,-0.1181716430422205
admins,-0.11820776784024871
new products,-0.11821442581073348
targeting,-0.11824633637215594
basil chupin,-0.11825129289400026
chupin,-0.11825129289400026
electronic form,-0.11830177262811052
resolution,-0.11831374863173426
sk,-0.11833518550486218
rdns_none,-0.11842016640348943
greylisting,-0.11842459681500049
terminated employees,-0.11844637311734592
technological,-0.11844746401124735
graduate students,-0.1185061026955129
democratic,-0.11851759588827053
secure digital,-0.11855758461687013
licenses,-0.11857192049786186
def __init__,-0.11859323254323004
sincerely alex,-0.11862459262345096
email don,-0.11864436439564024
date mon,-0.11865468564344632
11 pm,-0.11866436860350844
data error,-0.11869708816899462
best nguyen,-0.11870763964525313
speech recognition,-0.11871941002620624
variances,-0.1187400879332854
year 05,-0.11878025847446065
outputs,-0.11879067620265184
openbsd,-0.1188212964407876
terror,-0.11883565554350538
receive emails,-0.1188645650552249
watts,-0.11887902350180993
badly,-0.11889538542490295
year url,-0.11891043778772763
attached copy,-0.11891516570926303
raises,-0.11894946806355983
affirmative,-0.11897718290085138
th september,-0.11900049382826344
buildbot slave,-0.11900566094680604
independently,-0.11901675784350163
962,-0.11902990992397289
29 00,-0.11903330597172823
10 25,-0.11904039456874095
jones company,-0.11905339727610735
high volume,-0.1190634450908969
celebration,-0.1190869018417555
washington post,-0.1190944875099877
vanessa,-0.11911019670130664
road,-0.11912582189468059
send money,-0.11913085127083023
year budget,-0.1191777016967761
ve seen,-0.11919271247958839
takes,-0.11919432286090863
dabhol power,-0.11920319331414933
searched,-0.11920737601122551
college,-0.11927171895844314
000 mw,-0.11930953445914162
internally,-0.11932080464517789
logitech,-0.11935966841619913
new revision,-0.11936753903408187
10 month,-0.11936802055280085
excludes,-0.11939106346268091
just click,-0.11943081543978087
felix miata,-0.1194832429613145
miata,-0.1194832429613145
opted,-0.1194886540829202
intellectual,-0.11949383640851956
know thoughts,-0.11949409107765255
bids,-0.11950700578317222
number spamassassin,-0.11952176399670493
flowing,-0.11952317337269729
fax email,-0.11955749939265986
netting,-0.11955950174094272
causal,-0.11969264566147486
publisher,-0.11971525002810098
knowledge discovery,-0.11971949472879295
intersection,-0.11973067025940692
zimin lu,-0.11980824535295569
trunk build,-0.11980937511109373
common,-0.11982643315773855
rudi,-0.11984114141349904
respond email,-0.11985901604124485
trojan downloader,-0.11988278627526686
fixing,-0.11988684226973342
916,-0.11990413104549158
rahil jafry,-0.11999627427175043
chupin wrote,-0.12001897504280815
friday july,-0.120043607539438
188,-0.1200613410900312
spot,-0.12006900141436899
cleaner,-0.12008632876920368
february 12,-0.12011475099512108
0h,-0.12012448907953158
conference room,-0.12016106102002143
bbc,-0.12019709197048914
preferred schedule,-0.12020487776840622
year 51,-0.1202365274727675
protecting,-0.12024062301239195
comments feel,-0.12025579235475099
aires,-0.12029477806835412
emailed,-0.1203395601249189
recherche,-0.1203518884934026
11 14,-0.1203787949882963
ferc order,-0.12041298875275144
dear colleague,-0.1204440704915248
lydecker,-0.12045922392782023
bm,-0.12048408569429811
losses,-0.12053398089265943
body help,-0.12055584241798867
remembering,-0.12056578675166206
implication,-0.12056854941600693
suarez,-0.12059683376353866
inserted,-0.12062871585419603
zip file,-0.120680509313521
nominee,-0.12068929505194995
north american,-0.12069298653935398
bt,-0.12073465368336378
kristin,-0.12080354133113404
watched,-0.12083168791326693
longest,-0.12084680617118045
thanking,-0.12090083125348897
expires soon,-0.12094276335076669
think problem,-0.12096269945694578
anonymous,-0.12097049453134623
replacing,-0.12099273589502617
audits,-0.12107179392839255
_____________________________________________________________________ unsubscribe,-0.1210934562745343
reserved _____________________________________________________________________,-0.1210934562745343
isps,-0.12111189378631362
manfred,-0.12119437752714138
formed,-0.1212610598604281
matrices,-0.12129693690867438
url microsoft,-0.12129993804505945
approver,-0.12131475878309672
clarifying,-0.12133921855602545
ecml,-0.12134515587883561
sydney,-0.12145159635519068
feb 28,-0.1214624809660182
637,-0.12148611230999296
determination,-0.12151274445448487
investigates,-0.12153724910803672
icons,-0.12155283263715037
portions message,-0.12156973777443363
subject hello,-0.1215805590134001
upper,-0.12158728526538398
lost,-0.12161198031557181
garland,-0.121721241401579
updating,-0.12177512808552853
haven seen,-0.12179939852960812
march 16,-0.12180279398277777
enymex,-0.12182113899881061
tue 30pm,-0.12186597647833108
chapters,-0.12186754051964108
download url,-0.12195366126665974
reuters,-0.12197447916503965
gems,-0.12199019228742337
5290,-0.1220633187589601
elaine,-0.12209666174000046
consonant,-0.12212482985906087
use new,-0.1221294287953199
available review,-0.12214314122318544
threshold,-0.12216765260112586
nj apply,-0.12217899979524133
board directors,-0.1222171393113554
baby,-0.12222395102028386
05 pm,-0.12222919553159496
local bin,-0.12223255566660955
text portions,-0.12229806445066067
outline,-0.12232784433320425
grounds,-0.1223447449197079
mike lon,-0.12234481791256557
mailing lists,-0.12234899675352218
diabetes,-0.12239618034368584
cunningham,-0.12240322431123836
suspect,-0.12240631167685952
review meeting,-0.12241114290676794
merrill,-0.12242400427596462
latte,-0.12247730581148464
knowledge engineering,-0.12251270864945506
american association,-0.12251562993064624
com 127,-0.12252222199465183
14 number,-0.12252262759771074
march 10,-0.12257175192539556
recommended,-0.12258463753207899
110,-0.12258974479240227
gibner,-0.12266307172547825
attempted,-0.12266826726809539
randomly selected,-0.12269180973099485
anthrax,-0.12273026423093797
problem don,-0.12275674416034815
defines,-0.12279172607765886
possible soon,-0.1228937151204235
duchovni,-0.12292070219418524
victor duchovni,-0.12292070219418524
albrecht,-0.12294349265312315
wed year,-0.12300854726049401
nvidia drivers,-0.12302124765351806
daniel,-0.12302216141550376
hit reply,-0.12302834638366177
terrie,-0.12303370626776737
supplements,-0.12303483054936526
upstream,-0.12303734918091107
multiple copies,-0.12311002820619225
723,-0.12312672912863097
working hard,-0.12313929741538052
12 18,-0.12314223052319918
isa,-0.12315055426964805
mar 21,-0.12317747665389081
phone 713,-0.12319732471168797
dusemymalloc,-0.12324437211332398
rug,-0.12325762287603101
defined,-0.12329030665256972
postfach,-0.12333914470776319
grammars,-0.12335445848358295
oleg,-0.12337792418441634
477,-0.12342073937856697
schoppe,-0.12346708772941051
complaints,-0.12349333324869048
hoping,-0.12354156419169025
houston chronicle,-0.12354603523458486
tue 26,-0.12361641586633333
attached draft,-0.12369057120964225
johan,-0.12372484353540153
50 50,-0.12373260594666012
animals,-0.12373467008429943
arrangements,-0.1238055187066764
public utilities,-0.12382968176827376
receives,-0.12388458377967418
stinson gibner,-0.12392101630922579
iah,-0.12393713201231424
30 01,-0.1239422679526891
username password,-0.12396240696292957
obesity surgery,-0.12396537193409958
duodenal,-0.12396951258110195
duodenal switch,-0.12396951258110195
object oriented,-0.12403935205094177
08 03,-0.12405061653067577
seriously,-0.12417090936671882
survives,-0.12418808027429724
cindy olson,-0.12429166683219788
palo alto,-0.12431717463070233
subject quarterly,-0.12432438898901552
quarterly roadmap,-0.12432438898901552
50 pm,-0.12432669779292255
new book,-0.12435955555050286
warned,-0.12438995733564581
absolute,-0.12439097350027718
search,-0.12440908903659549
00 11,-0.12444788207200438
media group,-0.12445573347164564
wikipedia,-0.12451949294291567
messages 1a,-0.12452741529946501
surgery support,-0.12453171211087957
switch obesity,-0.12453171211087957
12 95,-0.12456295677545166
financial instruments,-0.12462033164883439
closed database,-0.12464855517158503
20 12,-0.12469988026384807
density,-0.12475566354770162
mozilla,-0.12477826246068337
wrote hello,-0.12478465871845205
perform operation,-0.12481616510484926
ubsw com,-0.12497320227001987
transport,-0.12498122458767683
data perform,-0.12498417084586694
error dbcaps,-0.12498417084586694
operation closed,-0.12498417084586694
institution,-0.12503163525751176
retrieval,-0.12505857221564012
gp,-0.12509497699911434
psycholinguistics,-0.1251076227348735
upward,-0.1251201199959057
sdw,-0.1251383024296627
reject_unauth_destination,-0.12514868428813003
henry,-0.12516827511904424
dynamic,-0.12518071861367738
resistant,-0.12520998123277047
mx records,-0.12521921727939003
end week,-0.12524819863613565
arbitrary,-0.12527136908217334
gid,-0.12530936831531853
puget,-0.1253138046580265
relay_domains,-0.1253165069029235
jacobs,-0.1253235484404763
second language,-0.12533095358963903
word order,-0.12534237282569902
642,-0.12536925124896187
historically,-0.12538998000579174
umontreal ca,-0.12539557902635554
umontreal,-0.12539557902635554
christi,-0.1254297390294409
destroy message,-0.12548689636248578
handle,-0.1255101624026853
greek,-0.12554689943030664
priv,-0.12555781407580946
refresh,-0.12556181497851823
february 21,-0.1255675315761397
021,-0.12557945446024213
term northwest,-0.12560592429054251
denied,-0.12561225965585326
farmer,-0.12564138495238975
similarly,-0.1256595089601463
following list,-0.12567219718074357
privacy legal,-0.1256864894611806
1600,-0.12570130233806678
genie,-0.1257128731416987
allocator,-0.12571406640071353
alumni,-0.12572462755045005
forcing,-0.12572656197584023
potentially,-0.12576777472263903
browse hundreds,-0.12578463067359805
san antonio,-0.1258695269740051
wrote does,-0.1258955495890519
endpoint,-0.12593678054876098
mainly,-0.12600790807721465
scoop,-0.12606129113525658
kind regards,-0.12607192679649304
think best,-0.12610019603050424
815,-0.12610449906577226
check tasks,-0.1261077628528738
rooms,-0.12612527219619707
29 95,-0.12612748757700845
papers author,-0.12614800717663496
phil,-0.12615452150927992
shortcuts,-0.12617749298293535
ietf mailing,-0.12618017674906928
webinar,-0.12618038152928412
kulkis wrote,-0.12618811567356447
receipt point,-0.12623516401200288
226,-0.12624606045826503
bulgarian,-0.12626252796659615
international symposium,-0.126293552985693
pittsburgh pa,-0.12630102686636166
lane,-0.12631691059816458
texas austin,-0.12635972566798093
dunno,-0.12638691029962942
honey,-0.12639611129925332
think important,-0.12642145412159075
mirant,-0.1264352471026274
morris,-0.12645728184903066
private mail,-0.12649111793016146
software engineer,-0.1264963251454294
wellhead,-0.12650664966311295
08 06,-0.12651215003634964
cookies,-0.12651764339522048
_______________________________________________ ietf,-0.1265682106472232
smaller,-0.12662994521898938
university north,-0.12663434792931727
email administrator,-0.1266642136728969
713 856,-0.1266735243324277
url photo,-0.1266837576150985
satellite,-0.12670593000268807
transparency,-0.12670744808829057
lib cpanplus,-0.12670753028793957
library browse,-0.12670785060852466
author keyword,-0.12670785060852466
keyword topics,-0.12670785060852466
root root,-0.12678029614068131
threatened,-0.12679807641189392
wednesday august,-0.12686876968089153
rogers,-0.12687574218146905
artificial intelligence,-0.12688586733975807
layouts,-0.12688604355534805
rdns,-0.12690698681233353
milnthorp,-0.12691389072966297
failover,-0.1269819957467579
replace,-0.12700586771276876
clinton,-0.12700828630365096
schedule details,-0.12702561933903045
total cost,-0.12705832914738519
downtime,-0.12708763468024073
eco,-0.12708928585636858
year 34,-0.12710597878996768
smb,-0.12711309385296848
topics visit,-0.1271172299217273
means,-0.12713175058756532
backed,-0.12720823939715056
frequently,-0.127209015098505
url make,-0.12721065863920336
rob,-0.1272347321915759
chosen,-0.1273305956893456
reuse,-0.1273582325375561
theirs,-0.12739088472959578
internet communications,-0.12740462943495737
timing,-0.12741455070022042
joseph,-0.1274346433608372
del,-0.12745959688716724
po box,-0.1274953107925534
related financial,-0.12751911716515926
backdoor,-0.12766904527806336
football,-0.12767863972181462
int 46,-0.12769793993548353
eremenko,-0.1277153350359156
alexey eremenko,-0.1277153350359156
interviewers,-0.127724527453481
venema,-0.12773180679341906
dimensional,-0.12776596459961287
sunday march,-0.1278604602092711
depend,-0.12786293435556173
cheese,-0.12788185296648674
official,-0.12798049165206155
conflicts,-0.1279930371464442
asian,-0.12800873902756757
ramböll,-0.1280898889741455
earlier week,-0.12813689550595245
log message,-0.1281941523303276
u8,-0.1282010994951902
completion,-0.12822109866219128
wietse venema,-0.12823394215944953
file read,-0.12833562034165158
crimes,-0.12833597438992872
mkt type,-0.1283384568841798
type final,-0.1283384568841798
trans type,-0.1283384568841798
feature selection,-0.12833888687698058
december 31,-0.12838923577324723
file directory,-0.1284428355668124
trek,-0.12845700207861357
order save,-0.12851709251016455
randomly,-0.1285497493651007
id number,-0.12860810927808913
litigation,-0.1286537441008936
majors,-0.12865929527058112
new results,-0.1286687532190428
spam filtering,-0.12868360619837327
55,-0.1286940453812005
msn com,-0.12871666967802675
influential,-0.12873449561777098
march 19,-0.12874775048653805
policy server,-0.12877274276460365
time come,-0.1288055370554115
does include,-0.12881169092465347
36 year,-0.1288168448714176
change address,-0.12883586932185848
499,-0.12887986427681758
26 feb,-0.12889255487659187
sm,-0.12889520614123695
aime,-0.12894240036392138
year 39,-0.128942774072333
intervals,-0.1289934765665387
ny apply,-0.12904725024040498
number berlin,-0.1290536948721515
hiding,-0.12906491622015764
communications company,-0.1290663675328477
leonard,-0.12913220012743865
time,-0.1291546982369512
specs,-0.12915831823378246
mouss,-0.1291667317114918
gamma,-0.12916734423245185
wanted,-0.12916858366519482
lori,-0.1291977701202522
survey,-0.12923282388642052
drake,-0.1292946834461716
company number,-0.12934247591013182
imaging,-0.12937589548702633
machine learning,-0.12937863946052883
replay,-0.1293860548310483
ashley,-0.12939198216302106
compatible,-0.12943199123668378
contrary,-0.12944077273890342
meeting held,-0.12953936545779518
austin tx,-0.12954786631393217
plain charset,-0.12959774399586868
hayes,-0.12964090699231082
completeness,-0.12964337640486912
ecai,-0.12970622282050384
submissions email,-0.12971208327637856
email additional,-0.12975126450984845
best jeff,-0.12976699617989712
right hand,-0.12977330621762975
events company,-0.12978818157840374
com new,-0.12988238144030786
doesn appear,-0.1299447845553668
com received,-0.13000205688797614
id date,-0.13006669061867038
continue receive,-0.13011037372618137
october 25,-0.1301293066610381
iirc,-0.130189426223017
year send,-0.13025476310964124
need access,-0.13028547323557635
challenged,-0.13029929361964834
carter,-0.13030646732751508
ursula,-0.1303442879423972
30 08,-0.13034696414920655
url today,-0.13035607932970994
born,-0.13039092752510859
alto ca,-0.13042890270885182
smtp,-0.13044028601849025
minister,-0.1304424007417474
shirley 5290,-0.13044383480924324
overly,-0.13046772438760118
linux unix,-0.13047704565514526
null,-0.13049231037221395
bank deposit,-0.1305486938643307
license key,-0.13058692461863494
subsequent,-0.13059238836972184
intro,-0.13062336528699464
54 pm,-0.130634409450017
like help,-0.13067502828157268
kdd,-0.13071185114493203
marketing midwest,-0.13071185627939783
5426,-0.13071185627939783
lex carroll,-0.13071185627939783
853 5426,-0.13071185627939783
practical,-0.1307158254699781
02 15,-0.13083236754877506
located,-0.13083317573892833
private firm,-0.13083421166247666
31 pm,-0.1308546600238397
spamhaus server,-0.13088100153535911
cmu,-0.13089188130051502
irc,-0.13091546229302567
year 57,-0.13095109821641937
summer intern,-0.1309521807482255
georgeanne,-0.13095733084712974
jarkko,-0.13101737886293088
50 year,-0.13105421763287886
able locate,-0.13106865322795708
tuning,-0.13107750061581447
open mailbox,-0.13108005931381572
clauses,-0.13113418872053947
dependency,-0.13114887408840548
tasks add,-0.13120612737311374
charles,-0.13122350638380575
build nightlymc,-0.13129836271070866
nightlymc,-0.13129836271070866
url download,-0.1313001601181488
30 tue,-0.13130925278493655
20 th,-0.13131621996074458
ieee,-0.13131779091408274
man woman,-0.13133857024737894
feedback friday,-0.13134553389201167
university pennsylvania,-0.13135469445694176
just did,-0.13135941836328954
email replying,-0.1313634417370339
great day,-0.13136771101707495
attaching draft,-0.13140044725759376
andrews,-0.13142509487355908
list submissions,-0.1314412826888473
chunks,-0.13145367873844793
appreciated finalize,-0.1314643236482201
friday appreciated,-0.1314643236482201
proposal feedback,-0.1314643236482201
finalize client,-0.1314643236482201
person managing,-0.13146928090808743
processed contact,-0.13148623592874198
year 31,-0.13149437743423356
service provider,-0.13149639157702767
wagner,-0.13153090582686272
53 pm,-0.13154563334727548
eating,-0.1315610853588094
web visit,-0.13162327166957752
unsubscribe world,-0.13162327166957752
ui,-0.1316576379723129
foreign exchange,-0.1316612562482238
forthcoming,-0.1316737668177066
postal,-0.13168965582143402
edit subject,-0.13171350995682793
specific contents,-0.13171569823741883
managing list,-0.13171569823741883
replying edit,-0.13171569823741883
reach person,-0.13171569823741883
line specific,-0.13171569823741883
mon year,-0.1317173711270432
real thing,-0.1317461692813887
david rankin,-0.13176880911402675
shortly,-0.1317782189414835
integrate,-0.13180650895243995
1700,-0.1318585178799342
contents message,-0.13193201822441475
smtpd number,-0.1319507081877096
examples new,-0.1319728323525453
thierry,-0.13199979438123768
soc,-0.13206574181491795
thanks steve,-0.13206898546414786
obj,-0.13208258858324226
national university,-0.1320983528936319
zhiyong,-0.13210809467864573
sb 78,-0.13211059502483535
defaults,-0.13212770458430437
constructing,-0.13214273294668286
cd dvd,-0.13215628615722172
new endpoints,-0.13217197654639096
limits,-0.13220734904415068
14 nov,-0.13222210723947883
06 00,-0.13222296346259405
forward mail,-0.1322701683837193
cogsci,-0.13227432777823572
compelling,-0.1323194433043695
mandarin,-0.1323281574077245
560,-0.132380185727225
postfix smtpd,-0.13241189362073674
branded,-0.13242064416551183
enovate,-0.13242557970703894
02 08,-0.132431034254257
regards dermott,-0.13245620836053976
oil prices,-0.13249117233342195
iraqi,-0.13249375885154463
hang,-0.13249788947011837
best wong,-0.13254473651130913
dk,-0.13257711462631003
uc,-0.13261224113983758
pilot,-0.1326281355088261
live,-0.13266537066427056
debra,-0.1327820710545912
thai,-0.13282544311922964
homepage url,-0.13283173600185924
io open,-0.1328429062880619
formatting,-0.13288863473838847
collectively,-0.13290487770250778
rly,-0.13293815545847554
early week,-0.13295149558208835
new mail,-0.13295931090824362
renewal,-0.1330316802539728
media events,-0.1330488394755969
site packages,-0.13305127796932414
web address,-0.1330895688083176
terminated,-0.13314180783208726
representation,-0.13314532492807582
hoc,-0.13315248209667227
century,-0.13315749125559628
11 45,-0.1331665032422633
company techtarget,-0.13318202868095153
urls,-0.13325046957525266
actual,-0.13326275920325253
summarize,-0.1332656732386007
heavily,-0.13327703531965893
management services,-0.13330597403807953
relied,-0.13333042522484467
warburg,-0.1333611584428846
push,-0.13338529999422055
roughly,-0.13340052332728863
near future,-0.13343097628651326
936 715,-0.1334569799675212
benjamin,-0.13346642129011038
recognized,-0.13350155463487803
ubsw,-0.1335559059945147
opensuse 10,-0.13356228520003807
encoding,-0.13357466739623444
white list,-0.13364120316128147
important role,-0.13364153429561718
striking,-0.13387296690432263
45 minutes,-0.13388043307911576
450,-0.13388906332700856
url message,-0.13398601179295969
effective way,-0.13406002637407022
piece,-0.13411276035822917
kysa,-0.13416814791990367
oregon,-0.13420581662962955
19 50,-0.13422325694604847
vancouver,-0.1342498814525556
sandbox,-0.13426880532487973
gmail,-0.13427236009428742
republicans,-0.13431929388102587
12 38,-0.1343210743833943
documenting,-0.1343648556670089
hass,-0.1344097651530442
mmap,-0.13455188316016437
messages topic,-0.13462558091676388
alport,-0.13463145762728718
scholar,-0.13463151835593454
want thank,-0.13463911184758595
23 01,-0.13469598475653097
copyright year,-0.13475643640856502
tales,-0.13483243810555035
bj,-0.13489734725286343
attendees,-0.13491914368665295
langue,-0.13494086622896515
scripting,-0.1349655592570326
mix,-0.13498159554172603
nearby,-0.13500465790813448
paradox,-0.1350278341576525
language language,-0.13503125751274236
participated,-0.13507760547939693
graphical models,-0.13510087761813253
domainkey,-0.13514108643060974
successes,-0.13519577623501844
implementations,-0.13525002204180514
year ago,-0.13534555341542046
precision,-0.13539425213707879
expecting,-0.13539479793814269
bases,-0.1354301853310262
alarm,-0.1354340987330221
domainkey signature,-0.13545428010960195
financial times,-0.13546909928531092
derivative,-0.13549346840054585
tells,-0.13550117573097015
monitoring,-0.13553241476853248
skipping,-0.13554432048055337
strikes,-0.1356543746601172
new role,-0.1357615103985865
shell,-0.1357712367463663
conference web,-0.13577264662909336
new topic,-0.13585790083464191
new power,-0.13588187135600402
747,-0.13595779460434168
ase,-0.1360142340266247
undoubtedly,-0.13610344078098166
sr,-0.13610484407277684
federal credit,-0.13617968727130533
newsletter newsletter,-0.13623100401604296
really,-0.1362349222057101
000 number,-0.13626647953213095
particles,-0.13627576894664703
hardin,-0.13629462097886777
help dear,-0.136300148738671
stakeholders,-0.1363034618371218
wine,-0.1363387135918671
click read,-0.13639952536753078
fourth quarter,-0.13647829066309922
track,-0.13648693368643697
robbery,-0.1364909211071098
nerds,-0.1365229684462632
baskets,-0.13654527629138705
sessions,-0.13657868529219216
february year,-0.13658752921573358
karla,-0.13665849798050103
enabled,-0.13672067926455223
stochastic,-0.1367733490879907
john lavorato,-0.13684659298532972
divine,-0.13690370122550494
burning,-0.1369075026935924
pastebin,-0.13693201994367563
centers,-0.13700462032178598
canonical,-0.1370693782722322
better understanding,-0.13707077771609955
ages,-0.13708468981639296
doesn know,-0.13715476153076972
multi threaded,-0.1371628460424001
list new,-0.13717877217671992
reiterate,-0.1371935813307308
url important,-0.13721116698364014
puerto,-0.13729644542649944
error error,-0.13730908168200032
new ticket,-0.1373380610618957
line future,-0.13734527484343717
bates,-0.1373582291743856
personally,-0.13737201979857983
division,-0.13738920419783737
recommendation,-0.13740281121555795
merrill lynch,-0.1374142363495963
makes,-0.1374416735307165
story,-0.13744663590683479
ebcdic,-0.13746118577953037
account bank,-0.13747113587243592
include string,-0.13750297819626178
credit exposure,-0.137545800964647
widespread,-0.13756733357987339
url ___________________________________________________________________,-0.13759447520079549
opensuse opensuse,-0.13761848637658974
ticket created,-0.1376578440825119
string perl,-0.13766159033448486
07 pm,-0.13767358118839731
procurement,-0.13767736842072448
university california,-0.13767905518519902
free contact,-0.13768388464988005
executive committee,-0.13769861379102144
accept liability,-0.13772607998787545
request information,-0.13772747076419675
accident,-0.13777961400816616
193,-0.13778031875162514
unless,-0.13781210553228324
correspondence issue,-0.1378213039613935
merriam,-0.13782646967442183
santos,-0.13790316118591409
complain,-0.1379143640002619
synthetic,-0.13792192615060547
repeat,-0.13794619901147515
feel like,-0.13794867704379474
phishing rb,-0.13800304406148264
verbs,-0.13802645823229384
256,-0.13804012583441805
wed 14,-0.13804362241918167
192 68,-0.1380708147098638
68 60,-0.1380708147098638
cookbook,-0.1381050996668865
569,-0.1381439937077487
ebcdic platform,-0.13814859842199217
unstable culprit,-0.13824339429926144
window,-0.1382595843192861
booth,-0.13827317464884378
pir,-0.13830453162439058
datetime,-0.13830587949677212
sheila walton,-0.13832522724714078
verbally,-0.138330511312809
new guinea,-0.1383325014606841
diff,-0.1383377107708389
think ve,-0.13834007986987917
procmail,-0.13834520463725522
boom,-0.1383472573066752
thou shalt,-0.13842330685141055
concise,-0.13843779992140273
nips year,-0.13845681368075233
native speaker,-0.13849722352198032
web post,-0.1385874916409195
expenditures,-0.13861121539078086
meeting today,-0.13876698551716046
coding,-0.13880790584835534
leases,-0.13880816915662017
email phishing,-0.13882552159354344
workshop proposals,-0.13883854446098368
20 01,-0.13884624322791314
chun bing,-0.13885716848079846
elicitation,-0.13885778154281656
happy announce,-0.13886317352177688
frank,-0.13888595673442233
la,-0.13889611915155559
cfp,-0.13892388915814063
cooperative,-0.1389460806157126
patch update,-0.13906268945702094
openness,-0.13906985828067714
deploying,-0.13907476872550334
regards ben,-0.1390808990119279
march 12,-0.13913326680422203
comparisons,-0.13917071932845346
energy derivatives,-0.13917898806578707
bike,-0.1391889563697332
anand,-0.13921482518506317
arabic,-0.13923392175520355
shalt indent,-0.13924403028080526
lookup,-0.13925680899246054
new white,-0.13949694936939838
princeton,-0.13950178483125902
reply group,-0.13951215750493484
generation investments,-0.13955632834768128
diamond,-0.13972851964384608
hour ahead,-0.13977511775648285
systems administrator,-0.13979139356456444
logging,-0.13984453325593138
management committee,-0.1398969679174259
mydomain com,-0.13994227087383865
email reach,-0.1399691740840012
retrieved,-0.14003687840930515
log messages,-0.1400585220813911
threads shared,-0.14012752455357344
office maintenance,-0.14012808821793885
undergo,-0.14014886912756752
1400 smith,-0.1401856305336104
hourly,-0.1401883252718539
year 25,-0.1401941884804744
affiliation,-0.14020979319584992
steel,-0.14021054696482277
free service,-0.14023398062464484
29 pm,-0.14028588570013495
online watch,-0.14028879205798644
deadline submission,-0.1403364771239502
enpower,-0.14035526332559642
industrial markets,-0.14037379383048665
prepared,-0.14040566633970222
sais,-0.14042042826224016
indiana university,-0.1404250587362942
throughput,-0.14048436301578376
24th,-0.14053065032700224
leaves,-0.14054420158868258
uribl_jp_surbl,-0.14062640656262146
hc,-0.14063662522806128
stephen williams,-0.14064607734936307
acquisition,-0.14065771538858327
subscribe list,-0.14067253533003896
readable,-0.14068009245444438
republican,-0.14069458281218647
rock,-0.1407053269512331
opensuse unstable,-0.14073524656489558
virtualbox,-0.14075226888367712
fuels,-0.14083138143708424
loving,-0.14083571621699353
adjusted,-0.14083584034551003
peaking,-0.1408477558300736
appeals,-0.140856565021324
dell laptops,-0.1408674531209121
_______________________________________________ spambayes,-0.14087133185706244
february 15,-0.14087215039325315
egm,-0.140987841029412
140,-0.14099594451663022
tex,-0.14102815225387857
pleased,-0.1410305283146943
caps_ratio,-0.14103444020261235
interactions,-0.1410374573337784
sponsor,-0.14105726869743224
dialog,-0.14110339536154384
constant,-0.14114975055134024
nick,-0.1411616980498651
development development,-0.14117170166042037
minutes time,-0.14118372040917254
strings,-0.14119880223645218
crawler,-0.14125634209065202
conference held,-0.14137036795151267
ubswenergy com,-0.1413773161622952
business applications,-0.14137882605735402
authoritative,-0.1413874702072805
dll,-0.1414033307307179
correspondent,-0.1414446807555324
priorities,-0.1414449001616133
born new,-0.14145597101742166
existing,-0.1415522917810363
___________________________________________________________________ newsletter,-0.14160035157197862
consulate,-0.14163332812448598
zen spamhaus,-0.14166609488217097
legal department,-0.14167032797628523
hundreds white,-0.1417409998088554
authorized receive,-0.14174385845314863
rick causey,-0.1418841152450706
sean,-0.14188786283925947
nvidia,-0.14192795541880224
latest release,-0.14193755390024293
hassle,-0.14198416153211252
psychology,-0.14201458714736434
like work,-0.14203710490772598
________________________________ email,-0.14204333160385266
controllers,-0.1420844025565278
middle market,-0.14208687909819684
blu,-0.14217111936265645
pgp key,-0.14223858802179787
acrobat,-0.14226885067814174
transit,-0.1423255068343077
file home,-0.14238120218837594
lot people,-0.14238212574088296
ballot,-0.1424007343267209
terry,-0.14240614810849914
explored,-0.14244384731318496
skipped,-0.14246632125492173
typo,-0.14252672621378362
executes,-0.14254707172907
cloth,-0.14255951992950186
pronounced,-0.14262940354291415
derivation,-0.14269795755481668
citing,-0.1427286352943342
microsoft exchange,-0.1427325124259986
influenced,-0.14273621114404023
pulp paper,-0.14275328797711875
subject fwd,-0.14279487126645093
promoted,-0.14281824227279855
group send,-0.14282023943693423
textbook,-0.14283143182859018
necessary make,-0.1428937688862931
protocols,-0.14291438887098423
theoretically,-0.14304771893004006
lay,-0.1430856300636437
permit_sasl_authenticated,-0.14310846181713718
unsubscribe subject,-0.1431125200836213
beth,-0.14321074644936144
tuition,-0.1432425115185074
day,-0.14324951008470135
wmi wmi,-0.14324981511475707
object,-0.1432790011257341
cooler,-0.14332495846079313
rafael garcia,-0.1433314943848323
garcia suarez,-0.1433314943848323
pm email,-0.14335959903666967
joins,-0.1433781421054956
flock,-0.14340541850308233
destroy,-0.14342318806159257
comments questions,-0.143424118305899
ecai 98,-0.14351845021703516
24 year,-0.14352375971571965
like hear,-0.14354983400592627
heatsink,-0.14356440723993305
data unknown,-0.14361261125094085
independent,-0.14366242348338468
fare,-0.14367204572435655
unfortunately,-0.14368359414772572
117,-0.14369524428641467
sql,-0.14373035669141127
ots,-0.14380166086028962
certificate,-0.1438027631916609
determine,-0.14381636433881273
gregor,-0.1438192069435893
maint,-0.1438896521875052
draft press,-0.14390596473464481
23 pm,-0.1439728889292971
expressing,-0.14399396165846862
best place,-0.1440051348089129
continue work,-0.14401061395714077
landau,-0.14401641309944752
john benjamins,-0.14405859022366138
privileged,-0.14408363540948252
tamarchenko,-0.1440859492847999
reminder training,-0.1440860726822141
materials shared,-0.1440860726822141
session tomorrow,-0.1440860726822141
tomorrow materials,-0.1440860726822141
01 energy,-0.1441099958927197
refs,-0.14412327021898283
worked fine,-0.14412608742264146
year houston,-0.14414671676889002
broadcast,-0.14414840155321526
redundant,-0.14421012582335058
parquet,-0.14421531172097576
pma,-0.14423407218458134
dow,-0.14423604784489738
mayor,-0.14427208439714667
fox,-0.14429693103749183
htm,-0.14431766146323724
amounts,-0.14438615806737837
unacceptable,-0.14439710047250198
rubin,-0.14443213443297923
tends,-0.1444875741367383
remember time,-0.14448809817045932
solaris,-0.14450676359886597
blu ray,-0.14454592842891528
saas,-0.14457946584369133
year 36,-0.14458243928720815
00 pm,-0.14464528911240615
eber,-0.14473904760601708
advertise privacy,-0.1447565313591959
new users,-0.1447753793855185
proposing,-0.144783510866194
sheri,-0.14490903472302427
wscc,-0.1449268684636684
bryson,-0.14494841049642798
intercultural,-0.14496722660930134
year michael,-0.14504665588736795
forgotten,-0.14510885839878057
198,-0.14511947984353035
secure error,-0.14514202016300373
228,-0.14518413454986515
experimental,-0.14519566149204324
30 netball,-0.14521964738516854
168,-0.14524852402897134
exists,-0.1452596718533995
lance cunningham,-0.14531350937501616
adresse,-0.14532121861629355
miguel,-0.14533860039917668
talked,-0.14534098625636968
signs,-0.14534520680647797
845,-0.14534950606515884
capacities,-0.14535078043019925
command line,-0.14535748457985537
77,-0.14535878340729738
calendars,-0.1454086415363911
make difference,-0.14541571599921715
171,-0.14541629490530886
8th,-0.14544271196501035
prepayment,-0.14547826006858758
25 01,-0.14552542150981568
killen,-0.14552897515625038
tba,-0.1455633445040748
713 646,-0.14556909567468618
23 00,-0.1456301859300832
th annual,-0.14565648023445238
willing pay,-0.1456583705320107
web site,-0.14581961776102845
wesley,-0.14582708622245688
rails,-0.1458905365776246
cleaned,-0.14591667624200827
compiler,-0.1459413060990622
november year,-0.14598175524111043
detection,-0.14599878046772377
gary,-0.14600607169856994
subset,-0.14600618360784864
code switching,-0.14603704809341503
shown,-0.14605239408666404
hog,-0.14605835271488868
stwbom,-0.1460730438979369
calculated,-0.14612242963948655
10 40,-0.14613851558908292
juerd,-0.14614498964893066
following code,-0.14617004727703284
people,-0.1462129411779601
consult,-0.146332521262739
june 16,-0.1463488307366283
charged,-0.1463715459764832
0x,-0.1464649713488413
localhost localdomain,-0.1465105297691778
1989,-0.1465267147110393
madison,-0.14654107081293907
welsh,-0.14655489909169855
barry,-0.1465586477585616
luke,-0.14656747260366101
tokyo,-0.14658769006066133
419,-0.14663693816458467
chair,-0.14670361275942867
techmentor,-0.1467152244410652
ruled,-0.14674422929022846
solves,-0.14679490646201565
differently,-0.14680329650558005
obligations,-0.14680893321577337
ddebugging,-0.14680936269286987
like subscribe,-0.1468662001602971
anne,-0.14690033122539597
jury,-0.14703289872692027
1h 24r,-0.14705895878859965
11 07,-0.14706521178732124
templates,-0.14708051958220647
alternative,-0.14711989220879237
advocates,-0.14716814080089854
traded,-0.1472260720477364
differences,-0.14732917847829766
waters,-0.14735156505588556
explained,-0.14737703158190169
1234,-0.14739756725271416
number 11,-0.14746071335849928
trying figure,-0.14746281529788083
vladimir,-0.14747131877762137
october 31,-0.14747380959845469
bridgeline,-0.1476034379115963
shore,-0.14761269859496498
dec_osf,-0.14761437697710703
hours time,-0.14769348335937904
causey,-0.1477095786130865
648,-0.14773273108323753
429,-0.14773754180089022
email mailing,-0.14773937015401523
usa email,-0.14783125318302068
tar,-0.14785073982790728
x86_64,-0.14785956882827583
mothers,-0.14792749507174213
lu,-0.14794329504979345
brother,-0.14807559943157272
koepke,-0.1480892739026396
100 00,-0.14814541287595445
wed feb,-0.14819506353748574
hedge,-0.14822712760402623
showing,-0.14823801614696838
cite,-0.14827501273789745
sorts,-0.14829199387821976
puede,-0.14832795304803326
42 pm,-0.14835394713085023
gas electricity,-0.14836965311338243
00 houston,-0.14837869787516714
brett,-0.14841466607489737
voice,-0.14843616374833496
library today,-0.14848636983674854
master agreement,-0.14849634121492564
08 11,-0.14852146637681085
network world,-0.14854613446678283
mack,-0.14856890150772886
number germany,-0.14858370492713133
cambridge ma,-0.14861215707767986
monthly,-0.14866373772410355
compatibility,-0.14877436928948246
embed,-0.14877547815350456
relayed,-0.14879699563573812
immediately mail,-0.1488152566513231
exported,-0.14886357221328833
sync,-0.14891526382229556
false positives,-0.1489677919422708
rutgers,-0.14900333608824892
pics,-0.14900533057920123
rebate buy,-0.14900957021999622
1105,-0.14902406398444978
url details,-0.14903290450209078
tuned,-0.14907825150865237
24r 24,-0.14910274014406047
thanks rich,-0.1491545966735425
cvsroot,-0.14919906013828646
garcia,-0.14926371923113824
hello trying,-0.14926376112475886
hedges,-0.1492990850485655
hangs,-0.14930319754551458
half hour,-0.1493058706549914
world leading,-0.14932473137702615
robustness,-0.14935385388809497
403,-0.14936032289393475
768,-0.1493640357087892
sybase,-0.1493836863738916
year 46,-0.1493906275811494
rezic,-0.14946041192172208
slaven rezic,-0.14946041192172208
association advancement,-0.1494954012770106
faq advertise,-0.14951024450291128
public relations,-0.14954718418419422
university texas,-0.14956843691809973
sutton,-0.14961034310840327
561,-0.14967220807239753
parliament,-0.14974571326188701
splunk,-0.149753935544445
adequate,-0.14977311912835287
odd,-0.14982310572331167
rode,-0.1498524275920551
walker,-0.14987883005082134
gwyn koepke,-0.149955730379147
como,-0.1500244330980568
includes,-0.15004668308166208
bologna italy,-0.1500563869145077
208,-0.1500596593507918
vps,-0.15008620766312608
open file,-0.15009316033342462
12 40,-0.15012555419846824
cleanup,-0.150131682613423
gas prices,-0.15015786872803025
stan goodman,-0.15017622347052698
iso,-0.15020641379109587
like change,-0.15026077285680564
prizes,-0.15027475886806463
21,-0.15029368359466785
large volume,-0.15033585578895015
59 number,-0.1503426929129299
00 00,-0.15035583825986276
2k 24,-0.15036438825337742
1h 2k,-0.15036438825337742
save 60,-0.15038025265822377
804,-0.1503996615395003
router,-0.15044653572957023
transparent,-0.15050701674708938
35 00,-0.15052169384791186
spokeswoman,-0.15064731796757153
churchill,-0.15066022542494042
cvsroot spambayes,-0.15067803039512973
19 01,-0.1506976626138952
40 pm,-0.15070610355250044
graduate school,-0.15071812886409514
robertson,-0.1507962901202354
people use,-0.15083416506969058
pgp,-0.15087961166333227
comme,-0.15089670586435314
special session,-0.15094633779373504
provisions,-0.15096947918670062
killen faith,-0.15097290687662251
n_urgency,-0.15098632954090976
aj,-0.15099874190521648
passed,-0.1510044937964285
mathematical,-0.1510304350839514
applicability,-0.15112633740476245
lie,-0.15114782018090886
billion,-0.15116632559690704
doesn really,-0.15118924073472087
listening,-0.151205121218671
converter,-0.1512177071750425
performance review,-0.15123266723228984
similarity,-0.15124162011969638
quick reminder,-0.15124351227148058
periods,-0.15127198301870118
organising committee,-0.15127715361400965
poses,-0.15140235405761643
gas fired,-0.1514112544251066
mental,-0.15146807286760244
nabble com,-0.1514971929789849
archive nabble,-0.1514983788316263
message context,-0.1514983788316263
subject office,-0.1515040897058614
telecommunications,-0.15156797580078438
automatically,-0.15157697790487212
com alert,-0.1515950193602636
solar,-0.15163105741512664
context url,-0.15163876488696423
just,-0.15165446919645847
installs,-0.15166428692289943
charset utf,-0.1516760581379922
com price,-0.15168048965013742
compares,-0.15172417010180708
list archive,-0.15179000698895143
cognitive science,-0.15181156051469955
localdomain,-0.15183678662971306
webcast available,-0.15184869963949985
pad,-0.15191656199736336
demonstrations,-0.15192069720978835
seats,-0.15198110833873194
endian,-0.15200979024871475
principal,-0.1520681509181418
fwiw,-0.15211777558999595
send copies,-0.15212943128695117
aviation,-0.15214349034485172
ronald,-0.15214725622425115
dolores,-0.15220956217308082
energy trading,-0.15222612758449483
impressed,-0.15229200062398252
petition,-0.1523065897575973
gtc,-0.15242338764781263
elra,-0.15245152568225104
organising,-0.15257928724720168
protocol,-0.1526206903424393
contest,-0.15262487130564167
email box,-0.15265820546050063
34 pm,-0.15266114365259292
thx,-0.15266813209543223
indo european,-0.1526721065218586
wix,-0.1526843843008726
fp,-0.15270101629447694
devel mailing,-0.15271674458845275
encryption,-0.15273043661820948
279,-0.15274871147765925
spontaneous,-0.1527797838574531
year special,-0.15278103543779847
255 255,-0.15278690306843828
buttons,-0.1528229497795225
faith subject,-0.1528325333182715
humanities,-0.15283803288906528
crystal reports,-0.15291238550261207
rt,-0.1529176303614393
data protection,-0.15298568971004645
power plants,-0.15299049558834094
19 10,-0.15301672299570704
decided,-0.1530410498335979
home,-0.1530586519384462
iva,-0.15309748778181562
scotland,-0.15313215366612706
location united,-0.15313396924977987
keyboard layout,-0.15314462248247748
delivery software,-0.1531693492987553
creating,-0.1532302503184831
folk,-0.15323818258823674
url received,-0.1533555208759637
31 march,-0.15337188337772478
utterance,-0.15341791892317955
link browser,-0.1534250354437184
number 713,-0.15344778432736922
year time,-0.15345268512382246
specifies,-0.15346637433672577
gm,-0.1534810579805016
ensure delivery,-0.15350893165652668
slope,-0.15351069532896278
number people,-0.15353661383898046
web development,-0.15354277188881893
nicholas,-0.15365941277971135
rochester,-0.15371424908312278
gc,-0.1537228809227742
revisited,-0.15372938616745127
cosmic,-0.15373766894399934
20pm,-0.15386786214991607
handles,-0.15386801859054142
conor,-0.15402706670744895
dhar,-0.1540511240512375
shelly,-0.15405365591580392
logged,-0.1540678989417054
binary,-0.15419565327671433
dm,-0.15424708490722056
win32api,-0.15426271056819726
research area,-0.15435327125070608
colm,-0.15436134651611313
heat,-0.15438075279463942
list address,-0.1544010699131034
samer,-0.15441946421287694
april 24,-0.15449569141697628
subtle,-0.15450554317811724
const,-0.15452119454104457
christopher,-0.1545904359934047
modified spamassassin,-0.15460773474323883
stage,-0.15462348947160703
57 pm,-0.15463342237177746
09 414,-0.15463918255144415
24r,-0.1546444609900671
thing,-0.15469139632232928
olsen,-0.15469833121384263
russ,-0.15470487431258662
obtaining,-0.15475340289712178
address,-0.15475793529837845
year 28,-0.15478367293932563
duration,-0.1547852799260025
adhere,-0.15483660736953103
immunity,-0.15484335709958189
30 days,-0.15487924303252304
hall fame,-0.15491248923794082
optimizing,-0.15494132586445333
unsubscribe requests,-0.15496066164158248
newsletters unsubscribe,-0.1550004699886173
financial institutions,-0.1550072986978487
soas,-0.15502272233705489
thompson,-0.15504851359372837
secret service,-0.1550535901066798
ids,-0.15507408322009547
hostname,-0.15509024333120877
encoded,-0.15509389186343722
194,-0.1550980468630105
pownceapi group,-0.15510052153687404
groups pownceapi,-0.15510052153687404
discourses,-0.15510160763714098
lucas,-0.1551304689638551
email address,-0.15515374016081485
essex uk,-0.15522190514202533
probabilistic,-0.15522886802160743
regards paul,-0.15527843958795637
fax 713,-0.15529860774343507
apply network,-0.15531526258980932
want start,-0.15532804890709384
runner,-0.15536803176606176
authors,-0.15541055756279054
story url,-0.15542235464954046
aig,-0.15542611296632058
ruling,-0.15552298978700588
shut,-0.15561227547169312
dorothy,-0.1556575638072613
charlene,-0.15569859677281958
following email,-0.15574613711545185
horses,-0.15583640164678045
oct year,-0.15584642186327582
platform,-0.1558476909030226
really nice,-0.15587019752730277
information sign,-0.15587370664866781
rac,-0.15594739222432183
note receive,-0.15595402015618717
essentials,-0.1559895020947168
lawsuits,-0.15600082660474748
confidential intended,-0.15605399139589185
baxter,-0.15611990972384207
updates new,-0.1561261071061543
310,-0.15613468935173697
stays,-0.15614872894220364
actively,-0.15619320787611332
uva,-0.15623296185108965
clarification,-0.15626805747423506
732,-0.1562700610434255
repo,-0.15631941884671416
paola,-0.15634299720564535
bergen,-0.15635079675495261
error free,-0.15637480929437314
expiration date,-0.15638199274048087
caching,-0.15640136424286752
googled,-0.15645157438871105
54,-0.15651058530680476
ack,-0.15651499996699197
svn commit,-0.15659636414513337
construction,-0.15663709948793925
benjamins com,-0.1566475135580342
triples,-0.15670403735391822
wednesday february,-0.15670494680837407
contact,-0.1567204379956251
608,-0.15684959374135474
post list,-0.15686652645006507
yum,-0.1568871436444767
jokes,-0.15691997226013696
10 15,-0.15695838658616112
year dow,-0.15696554104674762
phase ii,-0.1569783003007897
feb 20,-0.1569956562762775
apr 26,-0.1570211290285916
unknown database,-0.15713692881649363
database alias,-0.15713692881649363
alias dbcaps,-0.15713692881649363
10 16,-0.15717342502882833
computation,-0.1571922490327324
details transaction,-0.15724915280915355
year need,-0.15727591074726385
make better,-0.15734303453849882
transcription,-0.15738723237257266
virgo,-0.15741438584709752
slowdown,-0.15741989572906684
agreements,-0.15742739274529902
jay webb,-0.15742954954977123
resignation,-0.1575072167698537
luck,-0.15753488300043714
coalition,-0.15755015387992732
coin,-0.15755505399909653
digit,-0.1575621194207895
dependencies,-0.15756627188549113
dropped,-0.15759030361207246
ll try,-0.15760444593596643
requests 24,-0.1576493859617959
networks,-0.1576649589525329
mike roberts,-0.1576824717583
postmap,-0.15774632943081607
kernel,-0.15775551965078488
wrote hi,-0.15779924356440928
amitava dhar,-0.1578397545993011
advancement,-0.15793847643907696
shame,-0.1579933849960591
overloaded,-0.1580388480373754
march 14,-0.15806827250627617
derived,-0.15816070294492884
moore,-0.15817121764167302
patti,-0.15819403947690824
49 pm,-0.15821330506665046
21 00,-0.1582185663793253
reject_unauth_pipelining,-0.15823263926463388
bowie,-0.15824173863217506
previous years,-0.15825348944776735
governor,-0.15832483896551547
yn,-0.15835637337529315
knocked,-0.15837489929610565
hi trying,-0.15847524381623698
ronald born,-0.15848893353782345
know ll,-0.15851460223958294
email personal,-0.15854576194216968
august 31,-0.15855313925648637
receive email,-0.1585755108344735
vmail,-0.158592119400104
000 dth,-0.15865332134002394
participate,-0.15866131786027693
transmission guaranteed,-0.15867724333586714
hybrid,-0.15868453899642956
banned,-0.15874376035105314
neutral,-0.1587618373008682
landed,-0.15877585770501587
room,-0.1587923316366242
message error,-0.15880343520957535
year deadline,-0.15881908621297236
player,-0.15882485659184878
email note,-0.1588261817247768
boots,-0.1588433331277861
demonstration,-0.15886083740703702
make make,-0.15888328268641555
routledge,-0.15895518058098174
tls,-0.15896229637408302
arrange,-0.1589897199843388
bf,-0.15900598968730534
99 rebate,-0.15903715064929144
192 168,-0.15905567523190214
delivers,-0.15915508468844908
exceptions,-0.15917179161132608
assign,-0.15919326194648828
income tax,-0.15925198470595084
gmt year,-0.15926459598549264
gonzalez,-0.15928740206885897
email want,-0.1592909985808755
th june,-0.15934323120477434
great way,-0.15938049390879436
number dec,-0.15942617977056264
click email,-0.15943124174548584
answers,-0.15943804930335873
complexity,-0.1596415539463533
end note,-0.1597128329061213
note convenience,-0.1597128329061213
trunk lib,-0.1597429393126073
windows linux,-0.1598641246285585
0001,-0.15986659347005344
perl5,-0.1600762776334454
playing,-0.16010899431660872
08 05,-0.1601167492568633
phd,-0.1601614671809074
ensure,-0.16028049120409713
bin,-0.16031282212469428
auckland new,-0.1603396949431925
mark palmer,-0.16034789650433187
postdrop,-0.16046623605156113
10pm,-0.1604676133476046
program files,-0.16047067783975175
misunderstood,-0.16049626795690594
graph,-0.16050573715354702
labour,-0.160506835484435
http cera,-0.16051167964944696
additionally,-0.16056804183602763
number phone,-0.16057999317734678
yrs,-0.16061317114470305
digest vol,-0.16064508902273947
sorted,-0.16069572237799531
closely,-0.1607043963925645
root,-0.16071797305879812
border,-0.16074737867948377
mx,-0.16083810237477617
project manager,-0.1608707298897289
final version,-0.16091950947391498
restarted,-0.16096302263883092
showers,-0.16102517377782194
scaling,-0.16115133612462942
1a,-0.16115431774272668
older version,-0.16115629571455778
settings remove,-0.16118526330579264
ph 64,-0.16118722581677655
mystery,-0.1611994498424242
universidad nacional,-0.16125685584863547
rdf,-0.1612647730463561
dep,-0.1612665200744586
sold,-0.1613038275856852
isp,-0.16144040758839098
remember,-0.16148029171206257
communications visit,-0.16148999467266176
demonstrates,-0.1615171001689411
confused,-0.16152766541546296
bryce,-0.16153234901647204
arch,-0.1615644290745249
raise,-0.16157316098620936
tuesday july,-0.16157654894029158
speak,-0.16157926639257544
additional commands,-0.1616250897434861
rebels,-0.16165308946833049
338,-0.1616581589683221
2pm,-0.1616636246753085
leon,-0.16168642357801924
tentative,-0.1617173727230748
june 19,-0.16173610120603005
shirt,-0.1618195622386708
commands mail,-0.16183663286487895
enables,-0.16183839790844864
email _______________________________________________,-0.16195394354190454
12 year,-0.1619672616971535
chanel,-0.1620377086369819
gui,-0.16205081630404183
relocation,-0.16208896228381908
kyle,-0.16209888232738506
fh,-0.16212835195662972
steps,-0.16223759375448063
merely,-0.1622665843897174
page http,-0.162298663145594
dos,-0.16231184709808869
nasdaq,-0.16231632622427755
hits,-0.16232181472632135
august year,-0.16241121910798753
rest,-0.16242243376505794
openings,-0.16242334727604135
noted,-0.1624388824272044
duseithreads,-0.1624542098258493
seperate,-0.1625268536038088
change email,-0.16253929233846978
temp,-0.1625592261202216
booting,-0.16256494067677588
static,-0.16257564356080045
letter triples,-0.1625870081816644
body odd,-0.1625870081816644
odd letter,-0.1625870081816644
postal address,-0.16262493938002054
inherently,-0.1626296865689426
booking,-0.16265417574606789
baking,-0.1627006929959461
3g,-0.16274545768421708
uva nl,-0.16275774448035574
adobe acrobat,-0.16277925356816833
staff meeting,-0.16277951052444614
usr share,-0.16278957276220624
bleadperl breaks,-0.16285706837659994
breaks cpan,-0.16285706837659994
february 29,-0.1628610928854713
postdoc,-0.16297942996445555
conveniently,-0.1631033237655257
ramona,-0.163104619500752
iris,-0.163136318353526
49,-0.1631540814495485
tcp,-0.16316930409863253
list just,-0.16317760140108298
01 pm,-0.1631813528394757
plugins extra,-0.16318622919371156
defense,-0.1632208699860367
prepaid,-0.16333446304486968
ssn,-0.16333762464145132
changed added,-0.16333772997611676
dixieland,-0.16339353657296443
leverage,-0.16340716822559548
centered,-0.16344088875104426
ahead market,-0.16345183962763885
sound,-0.1635393868702845
warns,-0.1635670589868907
senate,-0.1635804022514323
view privacy,-0.1635829309047781
endif,-0.16363738274423273
mounted,-0.16365378626669663
weekly newsletter,-0.16369254214078147
man page,-0.16372821789818484
rest world,-0.16377749130137303
fetish,-0.1638874030943305
wisdom,-0.16391437056118185
iris mack,-0.16398720749484175
information risk,-0.16402067870626724
interaction,-0.16403636547200223
posed,-0.16406434617816382
webpage,-0.16408132623373722
startup,-0.16410791922083356
sasl,-0.16410974150412827
quote,-0.16411905927800113
16 pm,-0.16416642872143997
child language,-0.16417173574403493
positives,-0.1642189577414549
scroll,-0.16424079308857348
additional comments,-0.16425754916289573
norway,-0.16427278677314242
crystal,-0.16443178823776483
bust,-0.16459206272328541
wi fi,-0.16459539464336537
marginal,-0.16462406504931482
weiss,-0.16467781454644656
best sam,-0.1647298691563431
foreign language,-0.16474457742137968
july 11,-0.16475725334901495
weber,-0.1647945445601141
11 20,-0.16481321767692286
ip,-0.16484733972833182
month end,-0.16486574316206826
bot,-0.16490294699563318
structures,-0.16492597356126482
hash postfix,-0.1649356065981511
self args,-0.16495282540635553
layers,-0.1650197671753997
creek,-0.16513972485366574
ilog,-0.165160254497366
format url,-0.16517103703303798
acer,-0.1651855886885352
unable,-0.16522051145902544
gutsy,-0.165264785121566
client,-0.16534280250882533
information business,-0.1653545980709731
number non,-0.16540573426718908
outcome,-0.1654195325153924
c2,-0.16542229847270254
plants,-0.1654590654719961
recruiting,-0.16551538001886748
avoiding,-0.16553072412828684
expects,-0.16553723292187875
rec,-0.16554238368742827
npl,-0.1656545319433433
clitic,-0.16572579689552075
mixture,-0.16578810242372644
navigation,-0.16582418002333074
purely,-0.1658917215514106
occur,-0.16592474076393546
url spam,-0.16593333565146492
matches,-0.16598210416768983
does require,-0.1660331445274906
fidelity,-0.1660548204963207
topics including,-0.16614325555043988
feature,-0.16617381606457468
editorial,-0.16619964500753748
cups,-0.166320603191786
circle,-0.16634555978943305
update louise,-0.16634639454633002
904,-0.16648024559924948
service company,-0.16655372730802315
hit,-0.1666225740468676
bureau,-0.1666562175697457
substr,-0.16667390026094886
large number,-0.16671181842836177
pragmatic,-0.16671406907450398
gtv,-0.1667336334547117
regularly,-0.1667381923934618
donations,-0.16674666137947608
magazine,-0.16676230667981104
211 11,-0.16676864117066997
140 211,-0.16676917594321652
planned,-0.1667914675396665
16 00,-0.1668191639197197
subsidiary,-0.1668994593636976
available web,-0.16690858277771237
bonds,-0.1669555715868447
extremely,-0.16699112471725555
north shore,-0.16700479737087234
hood,-0.16700588345550724
nng,-0.1670195765860543
endpoints,-0.16701961079026606
container,-0.16706402109534574
great deal,-0.16710977464210697
shared drive,-0.1671392498006479
hanover,-0.1671938736028507
incl,-0.16744518164464847
xmlrpclib,-0.1674522328095483
true false,-0.1674757807060895
described section,-0.16754530793512862
deprecated,-0.16755083067413085
anders,-0.16758932526766573
documentation examples,-0.16769376343277556
ravi,-0.16773144764017445
crenshaw,-0.16773580111839498
idg,-0.1677409014919918
revised documentation,-0.1677648723850307
sharing revised,-0.1677648723850307
endpoints described,-0.1677648723850307
lyn,-0.16776504585004037
configuration file,-0.1677776546745205
designation,-0.1678225018588459
neat,-0.16782376562412613
annual report,-0.1679899967144141
likelihood,-0.168003392600706
associate program,-0.16805666520521448
esl,-0.16806007829581263
factual,-0.16813531182245953
saved,-0.16813546701729706
monday march,-0.16818773002492426
message subscribed,-0.16821652111120744
twice,-0.16822406350216018
use following,-0.1683222961621568
wires,-0.1683806107208564
paramount,-0.16846722190994004
communication,-0.16857131170598694
cell phones,-0.1685742134644624
dermott bolger,-0.16862778018526547
bolger,-0.16862778018526547
caring,-0.16864554725484496
served,-0.16868888460688355
compact,-0.16869173556785894
natural language,-0.16870421373440767
flowers,-0.1687465322079524
adjustment,-0.16874702416309983
failed test,-0.16876261467553139
offices,-0.16879810793620711
attaching,-0.16879986993363463
maura,-0.16880572682331393
metrics,-0.16888308088813794
does apply,-0.16889143038816176
john subject,-0.1689960867366267
lavorato john,-0.16900771538672799
1980,-0.16908140589657444
sally beck,-0.1690815562657419
append,-0.16908256787241902
barrel,-0.16912655353644357
462,-0.1691604810834475
ipc,-0.16918720396158857
reportedly,-0.16924823181160015
kay,-0.1692736914124313
sorry,-0.16927945944629919
0500 est,-0.16929010915257758
feb 13,-0.16936865737011841
bilingualism,-0.1693783275884677
iscsi,-0.16938428788525875
version deleted,-0.16941112508819925
alternative html,-0.16941112508819925
deduction,-0.16942696688674547
indiana,-0.169498327845999
pipes,-0.16954848172831594
high speed,-0.16958574477463614
222,-0.16968632939078088
defining,-0.169696375081366
shirley crenshaw,-0.16971528204685504
lifecycle,-0.16971883646304817
02 pm,-0.1697463831128728
money account,-0.16975470711759036
crm114,-0.16978123481031138
rara,-0.16991246219625208
rara avis,-0.16991246219625208
fence,-0.1699312426512215
1h 25h,-0.16997134498321506
mason wrote,-0.16997495547540778
dogs,-0.1700152549107032
send copy,-0.17018543346947826
173,-0.170218144381391
ibuyit,-0.17026634169918217
solved,-0.17031823050226363
domestic,-0.17032518110920286
privileged confidential,-0.17032704375003088
monday october,-0.17035721272740983
check list,-0.17041409139594874
nelson,-0.17046026333582748
url hi,-0.1704663040595995
16 20,-0.17048271317584202
mouton gruyter,-0.1705315349729717
time confirmation,-0.1705349679837849
cnet communications,-0.17054258350100826
cnet manage,-0.17054258350100826
remove cnet,-0.17054258350100826
audrey,-0.17063012012447362
movements,-0.1706509441709112
additional mailings,-0.17066897235619252
mailings time,-0.17066897235619252
hours process,-0.17066897235619252
note unsubscribe,-0.17066897235619252
fx,-0.17067921063517827
marc,-0.1706990693456411
know contact,-0.17083109175176603
virtual_alias_maps,-0.17083396012852878
eval,-0.17084686700905408
time look,-0.17085708990627552
monday july,-0.17086453794994205
markers,-0.17089369264023727
successfully processed,-0.17093547908213022
request successfully,-0.17093547908213022
july 24,-0.1709759064090683
associated press,-0.17099986831751812
transwestern pipeline,-0.17100745253346367
owe,-0.17100907848605637
pavilion,-0.17107721982785384
degruyter,-0.1711205999738268
copying,-0.1711706376885242
year title,-0.17122383218221107
marilyn,-0.17122928669129045
dissertations,-0.17125140523338003
gray,-0.17125907217666544
48 pm,-0.17132568293704284
targeted web,-0.17135975306047235
combo,-0.17142647380734358
crm,-0.1714428341123777
ints,-0.17150694097043478
golf,-0.1715261939793283
shalt,-0.17157212087871276
gpl,-0.17162248873611044
receivable,-0.17162907530123528
report abuse,-0.1716603657182701
hell,-0.1717064077451035
site techtarget,-0.1717070619908563
currently available,-0.17177700131969892
ad hoc,-0.17178731545327935
ve changed,-0.17182935870485058
mile,-0.17190678456812644
cached,-0.17191065513686
officers,-0.1719611736340955
delivering,-0.17198673974355144
vars,-0.17199996776803078
temperature,-0.17200967194933509
presented,-0.1721634194869199
multipart,-0.17227502013447424
cultures,-0.17229539422504556
little bit,-0.1723634151759318
number account,-0.17238621648242183
coordinate,-0.1724528781858527
rohit,-0.17247226048054037
726,-0.17249511865952488
czech,-0.17259266698134673
digital media,-0.1726063073601415
change mail,-0.1727518774445678
15 th,-0.1727586073825997
slight,-0.17277005045207927
cons,-0.17277502089734362
activity,-0.1728061404769644
moves,-0.1728102528227991
trevor,-0.17288005213301555
receive information,-0.1728972684767932
active learning,-0.17296306160382108
false,-0.17296349311231976
nasty,-0.1730034509374034
opens,-0.17313542593647935
vault,-0.17316507269065992
figures,-0.17318750671186114
196,-0.17325334696254224
97 data,-0.17330162179488684
dbcaps,-0.17330162179488684
dbcaps 97,-0.17330162179488684
26 01,-0.1733568275760605
clearing,-0.17339608610021712
3000 mailing,-0.17346228890251933
delay,-0.1734840372319472
email request,-0.1735393085017836
manage newsletters,-0.1735442358002878
use code,-0.17355823395553094
14 14,-0.17355835114989646
kindly notify,-0.17358157544795394
need,-0.17362038728661558
html,-0.17369673681849693
sven,-0.1738471808245119
correspond,-0.17393947972049356
non commercial,-0.17396667613364847
deffner,-0.17397522867495963
wrote ve,-0.17399056049036543
message mail,-0.17402507247893886
bank account,-0.17404521680641186
added virus,-0.17404765469093494
1984,-0.17406636543969442
simplify,-0.1740715460151646
legislation,-0.17418277858417447
fitzpatrick,-0.17424165844775685
optimization,-0.1742421281647564
kari,-0.17424295324368957
checkins,-0.1743267013739268
sites newsletters,-0.1743803604153003
jensen,-0.17446059579467488
ics,-0.17448610296632472
store url,-0.17474209608235391
techtarget offers,-0.1748462847774695
conferences enterprise,-0.1748462847774695
professionals copyright,-0.1748462847774695
offers magazines,-0.1748462847774695
magazines web,-0.1748462847774695
newsletters webcasts,-0.1748462847774695
webcasts conferences,-0.1748462847774695
pv,-0.17485966474148154
december 17,-0.17487202224345302
services 117,-0.17494411754119082
27 00,-0.17500100269888846
suits,-0.17502965618809063
unable open,-0.17505058023877876
apis,-0.1750807123556611
800 needham,-0.17521843301322573
ronan,-0.1752723925841244
quad,-0.17529993470864808
beware,-0.17533482219020802
idiot,-0.17535486616914053
nearest,-0.17542149418075775
trent,-0.1754224115036837
relational,-0.17542751747269425
agree,-0.1754498770303509
daemon,-0.17546995823396205
sugar,-0.17550854578857253
julian,-0.17551505277347526
nathan,-0.17553890572599198
spambayes checkins,-0.17557693905498253
43 pm,-0.17563486020320213
1h 24,-0.1756472017538506
180,-0.1756664908507265
real world,-0.17573596326037902
circular,-0.175739528469822
bbc bleadperl,-0.17582498933115162
symes,-0.17582574611970891
integer,-0.17592050518368577
intermediate,-0.175963545578929
fawcett,-0.17601171469212645
jerusalem,-0.17608118803048378
visit center,-0.1760979825190041
sons,-0.1761264229036454
10 13,-0.17626526990149327
bayes db,-0.17627076028854402
dow jones,-0.17634265780064773
prefer receive,-0.1763668759823875
purposes construed,-0.17637876500801375
ubswarburg,-0.17638007977948805
ubswarburg com,-0.17638067770007831
organizational changes,-0.17638886040161392
year 00,-0.1764059743600896
sent request,-0.17643845099774744
ok_locales,-0.17643967532504418
18 00,-0.17646258178049706
roof,-0.1764790131504308
construed,-0.1764816868292182
advances,-0.17663553011636005
goals,-0.17670321842663478
recipe,-0.1767291516064157
com targeted,-0.17674882074810924
securities related,-0.176797273717129
construed solicitation,-0.176797273717129
provided informational,-0.176797273717129
bert,-0.1768147203368551
kaminski com,-0.17683140418508567
14 99,-0.1768675290315885
pdf file,-0.17688615423293347
connections,-0.176957530332848
mail spamassassin,-0.1769612706118523
apartment,-0.17698509632704876
voluntary,-0.17702677750805956
jerry,-0.17707485037255424
mar,-0.17709766596163892
failing,-0.17709807277637957
large,-0.17713480910955295
union,-0.1772050140631211
john email,-0.17720668063212341
personal opinion,-0.17720974306389914
omitted,-0.17723435741685256
observation,-0.17735224270450428
dig,-0.17739501698086116
proceeds,-0.17739859789231407
exploit,-0.17740086134807428
briefly,-0.17743849246693133
pep,-0.17747138892947759
explores,-0.1775378309046616
stuff,-0.1775684555662473
questioned,-0.17761859279599124
11 80,-0.1776418919881722
http ubswarburg,-0.17766134182539803
austin,-0.17767956101714022
families,-0.17769586188347306
bc,-0.17770578591832187
preferences,-0.17779048827234836
holding,-0.17779493539443178
email like,-0.17780906908555255
possible necessary,-0.17783282472600268
draft best,-0.17787857026448362
outages,-0.17788612494833936
star,-0.17791466240286477
feedback draft,-0.1779188520632329
outlined,-0.17792364330655258
strategic,-0.1779608843347427
chuck,-0.1779776109997958
file contains,-0.1780081565283394
opening,-0.17802620801199073
capsules,-0.17811017761207082
comments email,-0.17811601029825974
breakdown,-0.17815073594585146
catch,-0.17817264712106945
08 year,-0.17822491258922277
ask,-0.17822599890792643
1300,-0.1782263829997499
global risk,-0.17832588589358542
kansas,-0.17835798217305504
year 45,-0.17835991224112635
definitive,-0.17839726547783694
perspectives,-0.17840950482520737
dwr,-0.1784166447173229
cedar,-0.1784391742069007
date 14,-0.17845198881617147
enterprise professionals,-0.17845692034942467
horrible,-0.17848050049114308
bitdefender submission,-0.1784828071300899
temps,-0.17850246197463543
removable,-0.17850256696718758
time url,-0.17855272384950507
help way,-0.1787933799994988
verbose,-0.1788010848603086
res,-0.17880291224304987
new members,-0.17880958234824237
february 11,-0.1788297654581198
liz,-0.17884216785951942
integrated,-0.1788580286287223
locations,-0.17889131797449687
camp,-0.17889133256406958
info date,-0.1788913671477725
assignment,-0.17889461428134673
783,-0.17890968582628586
slash,-0.17897957996131053
techtarget rights,-0.179144493618143
year techtarget,-0.179144493618143
puc,-0.17919164884564534
trojan,-0.17923154268437522
ll send,-0.17928239183075811
task force,-0.17928520461460587
reply sender,-0.17931779689521704
virus alias,-0.17935960229033682
parties,-0.17937838319355415
adds,-0.17939398396216755
measured,-0.17941094892372964
couple weeks,-0.17941486117136932
maintained,-0.1794367366583284
friends family,-0.1794378410790123
insufficient,-0.1794479815523873
state university,-0.17947171898132194
like email,-0.1794719730906989
extending,-0.1794811133936018
later,-0.17952611672105384
apache address,-0.17954931226853613
alert spamassassin,-0.17954931226853613
nagios notification,-0.17954931226853613
address 140,-0.17954931226853613
asf nagios,-0.17954931226853613
notification type,-0.17954931226853613
authorities,-0.1796460415623457
hdtv,-0.17965879807921556
num,-0.17966862591154614
good idea,-0.17968924789056703
journals,-0.17969914241303306
oslo,-0.17970553210473172
dissemination,-0.17970557980833576
javascript,-0.17972005836600455
copy email,-0.1797524872471383
breaks,-0.17975258160820173
consume,-0.17981783459413586
hacked,-0.1798210377731492
tune,-0.17982549425904812
begin,-0.1798437913757536
11 01,-0.17987996471919432
borrowed,-0.1798961519217968
definitely,-0.1799343471121105
oz,-0.17995247263499758
east power,-0.1799910163013461
separately,-0.18003465845167224
nice,-0.1800384375270637
defragging possible,-0.18006062256771865
opensuse defragging,-0.18006062256771865
creativity,-0.1801162970392075
com phone,-0.1801325037011131
president ceo,-0.18016647790344095
bitdefender,-0.18016813499382414
luce,-0.18017428629537047
ethnic,-0.1801825641295875
class,-0.18019083317081314
time think,-0.18025823784931078
new url,-0.18030569886732578
smith barney,-0.18036001017340145
iii,-0.18036665681137756
materials,-0.1803872501510224
295,-0.18049164353259664
146,-0.18051243912228032
origin,-0.18055241810541195
new tools,-0.18064977181415595
job title,-0.18066262818752782
familiar,-0.18068660105838721
thinkpad,-0.18069463519311477
subject welcome,-0.18077714455528351
washington,-0.18077867725393126
essentially,-0.1807885627093376
fig,-0.18080885425579343
recent years,-0.18088913054382788
interfaces,-0.18093792558773097
year questions,-0.18093820843364514
oup usa,-0.18095897384372736
soup,-0.18100285525480322
raptor,-0.1810175629471531
35 pm,-0.18112256370897326
345,-0.18112343962330943
board,-0.1811573299437594
overall,-0.18116836724225654
september 20,-0.18120496318028165
rico,-0.18125210985283113
maintainers,-0.1812652042528235
narrative,-0.18126688661322551
159,-0.18129138940557413
25 pm,-0.1813082654220853
permission,-0.18133262135379608
january year,-0.1813747911869449
reflecting,-0.1813773920464053
avi,-0.1815032852893963
dans le,-0.18151263328782394
hm,-0.18153219944640794
correlation,-0.1815526414469848
examines,-0.18161102498343185
spencer,-0.18162312101209516
ntl digital,-0.18164539493458418
parade,-0.1817041326611653
kulkis,-0.1817467647310262
louder,-0.18176840144308373
amsterdam,-0.1817779032788599
hard drives,-0.18180879841068076
power company,-0.18180931478967094
help appreciated,-0.1818249870035517
county,-0.18183162447978454
aaron kulkis,-0.1818947600842023
thread safe,-0.18193500722779213
url list,-0.18193683134423505
contained email,-0.18197090189348952
new releases,-0.18200762947130797
luis,-0.1821357686671417
classification,-0.18215250804056934
icaps,-0.1821617335865484
highlighted,-0.1821650507052233
30am,-0.1821835890057129
vegas,-0.18222676167531832
year 56,-0.18227491669928705
filesystem,-0.18227949093530127
news delivered,-0.1822979238344681
abridged,-0.1822990615465602
source,-0.18243859345854335
migrated,-0.18246295345231967
email changed,-0.18254139617286402
free trial,-0.18255756132979256
west african,-0.18257726176729025
focus,-0.18259217528426414
harvey,-0.1826919328755709
trading activity,-0.18274142337651145
reception,-0.18274924870586046
subscribe rss,-0.1827569030921609
3pm,-0.1827756404760318
lisp,-0.18284048844409434
kh,-0.1828481411840071
indexing,-0.18290351580369216
20 cera,-0.1829146377639622
http 20,-0.1829146377639622
email subscribe,-0.1829257823248359
blead,-0.1829384590380516
throwing fatal,-0.18294778809827544
signaling,-0.182973240098165
qa,-0.18298150140003364
discussing,-0.18299037321794065
court,-0.18299217062953377
52 pm,-0.1830101365935249
tuesday november,-0.1831382193004701
nagios,-0.18336643027757252
congratulating,-0.183484252723598
needham,-0.18350033599870672
04 05,-0.1835213549057387
obvious,-0.18357299437239058
needham ma,-0.18363953070974076
117 kendrick,-0.18363953070974076
eventually,-0.18364512735934552
screenshot,-0.18364985238444417
08 08,-0.1836718609726985
44,-0.18367747786814206
incompatible,-0.18369321087999277
kendrick street,-0.18377521518668047
parallel,-0.1837934348860674
bind,-0.1838908527647196
year 20,-0.183915179642
et al,-0.18393693231005254
extn,-0.18397805094699957
winxp,-0.18398157049862354
canada corp,-0.1840048768717193
center mail,-0.18401383877792163
stamp,-0.1840592052352794
transmission,-0.18417612279349696
ccs,-0.18433983949238708
payable,-0.1843787737613299
com email,-0.18439389144051407
appreciate feedback,-0.1843971327409323
stored,-0.1843984024247322
atm,-0.1844533862982425
product service,-0.18449090049193223
genre,-0.1844939588881006
reflect,-0.18449797349373942
accommodate,-0.18450133188292464
tradition,-0.18450139037127286
cnr,-0.18451320101208554
pubs,-0.18453122055539886
overdue,-0.18453130930810016
feb 22,-0.1845747094777978
norwegian,-0.18464076647622787
defragging,-0.18466141134317435
notepad,-0.1846720075529695
blame,-0.18468530490013027
238,-0.18469517770654106
hypermedia,-0.18479425475064765
29 99,-0.18485090680871916
864,-0.18486196646701258
guide,-0.18489595229698746
sat,-0.1849540147083919
current situation,-0.1849864679827675
file fetch,-0.1849960978305609
meeting year,-0.18501549624078648
privately,-0.18502942800887856
consulting services,-0.1850930742519608
parsed,-0.18511535389481149
efficiency,-0.18512283932860735
dollars know,-0.1852079221229656
nl,-0.18520973831614218
kaplan,-0.18522370572690436
essential,-0.1852936973431769
troubleshooting,-0.18534059430895927
403 974,-0.1853652145895488
rpg,-0.1854172824462121
envision,-0.18543261274108705
mcloughlin,-0.18544051594021854
nepco,-0.18549357944955813
year note,-0.18553686487380905
yep,-0.1855418151006075
minimalist,-0.18555895717277776
782,-0.18557851684464785
acpi,-0.1856638743328435
adventure,-0.185736154906978
know timing,-0.18584483927928871
liquidity,-0.18592006561154353
timing works,-0.185940038401067
destination,-0.18600933012138451
psu,-0.18601947632620508
bounded,-0.18604704055827567
mail send,-0.18604890736078566
campbell,-0.18611055311906793
09 pm,-0.18613146218174562
25h 24,-0.18616521936420646
25h,-0.18616521936420646
puerto rico,-0.18637536009040306
26 year,-0.18641173873668032
ordered,-0.18642653904320194
pause,-0.18644188849348747
153,-0.1864828159449521
rows,-0.18648665045389648
best possible,-0.18650568896380917
url regards,-0.18651014097898966
optional,-0.18651201083765062
error expected,-0.1865636260531409
vs,-0.18657736052958082
000 usd,-0.18666837558687374
met,-0.1867253966850573
email notifications,-0.18673902717448768
pci,-0.18682099952366116
cooking,-0.18687115117610853
privileges,-0.1869645254125177
79 99,-0.1870542530495991
11 19,-0.1871127063522648
picked,-0.18711866741711483
15 nov,-0.1871708748374407
characteristics,-0.18727701086031243
subject classroom,-0.18729061155193297
classroom logistics,-0.18729061155193297
mojave,-0.1872951775044471
think good,-0.18729610478834868
findings,-0.18733538033362343
onboarding,-0.1873715045070065
onboarding checklist,-0.1873715045070065
subject onboarding,-0.1873715045070065
zealand 64,-0.18739416836974837
cv,-0.18746478658754248
splash,-0.1874934218940397
constitutes,-0.187549946312991
bank transfer,-0.18756142001533976
0177,-0.18759610097315776
parkway,-0.18763576935310652
business school,-0.18765689590548693
permit_mynetworks,-0.18781237194398692
year 17,-0.18786103961279188
timothy murphy,-0.18787849324278083
collected,-0.18788075083810934
sullivan,-0.1878828811772992
dump,-0.18788926212940546
communicated,-0.1879447614824934
storm,-0.18798868975462227
private confidential,-0.18810631141830553
leslie reeves,-0.18811064150810364
rocky road,-0.18826956614547272
echo echo,-0.18826982392941088
pts,-0.18828844503726355
overload,-0.18832038844041848
july year,-0.18833416108085227
imo,-0.1884314942344632
laboratories,-0.18845910205827254
modality,-0.1885265339071474
email friend,-0.18853461003018765
speed,-0.18860835115623695
3000,-0.18862912928311087
bank accounts,-0.188642110478791
apps,-0.18865710630909707
look like,-0.18866841197486178
reconstruction,-0.18867556289151755
berkeley,-0.18868024905782566
morphology,-0.18874171097941522
regression,-0.18876127639292226
implementing,-0.1888105083604667
cart,-0.18881926398755983
steps echo,-0.18885926385295249
slope steps,-0.18885926385295249
echo louder,-0.18885926385295249
heading mountain,-0.18885926385295249
road heading,-0.18885926385295249
mountain slope,-0.18885926385295249
nesa hea,-0.18889621581289037
higher,-0.1889327602063638
control,-0.18902978319567254
george bush,-0.1890491211178252
resistance,-0.18906558837152213
department university,-0.18916484854115176
deadly,-0.18922660264013663
reasonably,-0.18932260663844186
17th,-0.18932924217924965
icaps year,-0.18934471178754855
graham,-0.1894413094109596
distribution,-0.18945015739425286
24 th,-0.18961190646348033
30 day,-0.1897429258275443
ruleset,-0.18987297006621776
bare,-0.18994614877391952
brothers,-0.18994702571449057
ask help,-0.18996772209383522
message kindly,-0.18997972542021713
log paypal,-0.18998851401318428
17 year,-0.19006060519429957
application,-0.19024369969256688
places,-0.19028997958985894
email best,-0.1903110512811548
leipzig,-0.19034437717949446
polytechnic,-0.19045592131587089
administration,-0.19046216548508335
private bag,-0.190550426136968
clayton vernon,-0.190571300886826
variation,-0.1905908076268089
28 pm,-0.1906188014944216
time getting,-0.19070107044002915
culture committee,-0.19072573417940067
analytic,-0.19079243787736547
year university,-0.19079361188090124
end convenience,-0.19081343149973842
possibly,-0.19084196201957054
aged,-0.1908615933940435
facts,-0.19091374927765697
reserved cnet,-0.19091459298282898
business units,-0.19091759240893474
march 18,-0.1909339868069365
canada,-0.19095167765711055
com dear,-0.19107625940961132
checked,-0.1911267838646026
02 hourahead,-0.1912101260818998
online update,-0.19122098535858204
alternate,-0.19127648915616835
semantic,-0.19141291682506842
bars,-0.1914574387181223
tutoring,-0.19147487333409863
management operations,-0.19157864136861735
nabble,-0.19164624120583645
macdonald,-0.1916762334906308
attached list,-0.1916979452472885
essex,-0.1917000961361673
reliability,-0.19178396196962405
daddy,-0.1918333879953685
autoload,-0.19187432704096916
editor,-0.19188368473559955
summer interns,-0.19189686020973432
albuquerque,-0.19192447652463673
threaded,-0.19199224925713304
distribution list,-0.19205883103488203
antispam,-0.1920761328247267
asp,-0.19215376458915645
23,-0.19215489238564984
year 43,-0.19217187550585152
91,-0.192175709775858
trade,-0.19219156216319203
512,-0.19220608303814635
deb,-0.1922439635630211
mensaje,-0.1922461160667041
just reminder,-0.19226004457334422
272,-0.19226987172235466
3735,-0.19230919627726245
traditionally,-0.19232086977606336
policies,-0.19240290666138343
cron,-0.19248447538191832
views opinions,-0.1925017806976735
rated,-0.19251961287435645
__init__ self,-0.19256204246096267
detected trojan,-0.1926003133588485
award winning,-0.19268884985406198
projects,-0.1927080523359649
treasurer,-0.19275347278363447
calger 503,-0.19278068549905103
464 3735,-0.19278068549905103
widgets,-0.1927828991051018
information dear,-0.19281210899491505
oup,-0.19288888104495863
hi thanks,-0.1928915945194851
past,-0.19293037928487938
03 year,-0.19297973279292907
plays,-0.19314658827990724
inception,-0.19323075550470273
grep,-0.19334395948108127
best taylor,-0.19341225351516003
lloyd,-0.1934591084721561
kelly,-0.1934724790551209
training session,-0.19348311638016685
fedora,-0.1935992351692499
tom halliburton,-0.19360790587866958
performers,-0.19377008026872108
don worry,-0.19382377165380957
year 29,-0.19382860993564208
telecharge,-0.19384831091665172
telecharge com,-0.19384831091665172
somebody,-0.19385845313434813
crypto,-0.19387570331371431
attached updated,-0.19387866591606168
v1,-0.19390026663789717
recession,-0.1939079290276575
classics,-0.1939141806015043
tax,-0.19392537212244923
traceback recent,-0.19395618001106738
subject body,-0.19403440862342258
bayesian network,-0.19403667536068742
does appear,-0.19417215344645622
cards,-0.19420816829035437
saml dev,-0.19421846236465862
misc,-0.19422959000989576
lorraine,-0.19423689306047207
webster,-0.19430696100905842
wants,-0.19430763356158473
madness,-0.19432237875186645
email id,-0.1943344930654183
deliver whitelist,-0.19433701014274762
fatal error,-0.1943748389091518
opportunities,-0.19438781523821616
adsl,-0.1944022518752427
taking place,-0.19447886162660286
neal,-0.1944899627139049
central,-0.1945099087437131
make test,-0.1945252007039331
sp2,-0.19455639182407053
sen,-0.19455791201325723
want talk,-0.1946595521865236
patients,-0.1946968633929311
intuitions,-0.19470085137256357
simplicity,-0.19471445705916063
following page,-0.19476498405649148
radeon,-0.1948987278902991
use dissemination,-0.19490778417055638
attr,-0.1949360377446458
information let,-0.19497751050659148
depending,-0.1950141330378456
bond,-0.19508237547045768
ensure receive,-0.19518582616106664
postconf,-0.1952008357687954
identifier,-0.19526333820673614
account come,-0.19526345487507557
physical,-0.19530078628582173
variables,-0.19535365663750814
daily update,-0.19539671900189304
economic capital,-0.19540370576370703
anita,-0.19543510556962224
anthropology,-0.1955387724036706
transport_maps,-0.19564489900769932
halliburton,-0.19564970719691632
benjamins,-0.19566425119484596
ability,-0.19572942131516835
06 pm,-0.19585604174288695
programmes,-0.19587217525184858
late year,-0.19596221714489495
information systems,-0.1959735125777897
work,-0.19597618486235488
sends,-0.19600702709788256
3945,-0.19610742340461804
historic,-0.19613856829604054
garage,-0.19619990672014234
02 12,-0.19625118283301846
contributed,-0.19642198062282673
austronesian,-0.19644679104534993
intend,-0.1965264283929271
lawyers,-0.19666815993856643
escrow account,-0.19668348151773482
email need,-0.19669525386780815
bus,-0.19672471398805136
jet set,-0.19677126492355246
alex,-0.196792944700097
44 pm,-0.19682713681634545
tha,-0.1968766550801626
couple years,-0.19694229644402822
325,-0.19695165360709263
university press,-0.1969562595099769
post summary,-0.19696642101831255
kicks,-0.1969704681031355
bug report,-0.1969784560483436
surprising,-0.19699335773827212
inventory,-0.1970528233424757
try make,-0.19706224085447427
daryl,-0.1970792699991874
sciencenow,-0.19713900203834306
url read,-0.19714443475783033
ny number,-0.19718585827946328
moveon,-0.19730218267726168
414,-0.19733440948217668
aol com,-0.1973429121035332
associates,-0.197466744400019
integrates,-0.19756158325230833
folks,-0.19764982138724738
printers,-0.1976606354406336
confirmation,-0.19766302848735795
sco,-0.19767399744439734
journey,-0.19769934333194805
general counsel,-0.1977346836283324
deadline extended,-0.19774700029889752
hacking,-0.19776754021530593
friends,-0.19780036820276606
poster,-0.19792880907386748
np 15,-0.19795677766323305
speaking,-0.19803358322697648
phone 800,-0.19804174983066702
launched,-0.19805298085828069
bookmark,-0.19817935440437764
expertise,-0.19818616279882972
djinteractive,-0.19825936280885567
djinteractive com,-0.19825992050207225
entergy,-0.19827278302767307
pagan,-0.19832620297490586
year noon,-0.19835011924272317
manuscripts,-0.1983868751492102
evolved,-0.19843082163518447
725,-0.1984757626859254
255,-0.19855956994649396
280,-0.1985886339045558
year 55,-0.19859504854034257
st louis,-0.19860809992767253
sound like,-0.1987165658380977
blacks,-0.19883321794148098
global products,-0.19890581102087884
new albany,-0.1989151316885373
host spamassassin,-0.19894023341533154
ldap,-0.19894160081957749
henri,-0.19897603518836707
consideration,-0.19902186632285424
higher education,-0.19922294527362255
commodity,-0.1993068845435645
management,-0.199315532012344
director,-0.1993470572747306
reply mail,-0.19939073238764055
competence,-0.19942595519107897
simplest,-0.1995584400060544
reboot,-0.199559092976267
best spam,-0.1995760045365537
managing,-0.19992575336218812
home home,-0.19995845561959374
having problem,-0.19995883192505448
orientation,-0.20001369530532082
note,-0.20007377362728684
149,-0.20013358335051598
myspace,-0.20018655457317655
04 08,-0.20020621123273202
referral,-0.20020955157519227
voiced,-0.2002446284314556
receipts,-0.20030083516524635
universitat,-0.200328544691164
michele,-0.20036190550853447
tours,-0.20036452468334698
newsletters cnet,-0.20037010735422087
economist,-0.200426148498295
avant,-0.20045989429276712
links,-0.20049588153956735
francais,-0.20051211605267708
encrypt,-0.20070376050851643
__,-0.20086411446139285
update,-0.20088853603177315
decent,-0.20089928734659343
disaster recovery,-0.20102555968974428
direct reports,-0.201121809295834
savita,-0.20114441899304766
anaphora,-0.20116768638764304
aggregate,-0.20119093664134158
ledger,-0.2012224772172417
february 28,-0.20125936664566313
scott,-0.20126429699108628
philadelphia pa,-0.20126726942389692
vietnam,-0.20127540749102366
methodologies,-0.20128481888156805
km,-0.20131689393246716
laura luce,-0.20140296540042102
protection url,-0.20145407987043254
emails,-0.20168877102361854
self healing,-0.20185346338693366
fusion plugins,-0.20187614064896092
negation,-0.20187893858917114
questions number,-0.2019292999499645
pledge,-0.20198558117878138
05,-0.2020097951179035
tray,-0.2020433275721899
yahoo messenger,-0.20205155335287073
phrases,-0.20205989619002296
sat apr,-0.2021118179131213
tar gz,-0.20217722045989064
14th,-0.2021968271145635
surveillance,-0.20220979233342737
april year,-0.20222049396614034
roger,-0.20232877490381754
95 buy,-0.2023418313502832
high definition,-0.20234484522567728
taiwan,-0.2023960265459528
serv,-0.20239910039679812
transformer,-0.2024125268243044
id email,-0.20244907221122316
advancing,-0.20251923180499865
nonetheless,-0.2025550211144375
95 url,-0.2025820446330712
desktops,-0.20259047282720144
transportation services,-0.20261845006156964
marco,-0.2026505964903626
regional,-0.20267862364974273
proc,-0.2026821605642622
34,-0.20268454272578248
reminds,-0.20273540943389787
correctly,-0.20278768739167
eott,-0.20280269493095174
spam messages,-0.2028722336494694
thanks lot,-0.20287387229646844
reeves,-0.20288178444167038
informed,-0.20289960244637462
monday september,-0.20292322909534555
erik,-0.20297188578404102
robin,-0.20304649423008708
recordings,-0.2031058073312137
25,-0.2031878096224399
truncated,-0.20331972412120194
guard,-0.20337615533012096
amazon com,-0.20343441443773652
know just,-0.2035879155969312
criteria,-0.20360834806453143
responsibility,-0.2036369116623118
number new,-0.20364100348408218
suite 800,-0.20366982398086758
new user,-0.2036888294027905
agenda week,-0.2037338138975892
invites,-0.20376495618441395
19 th,-0.20384086705235907
vocabulary,-0.20385573573543211
yr,-0.20385866060941657
honor,-0.2039226482042807
ve added,-0.2039925928797586
week included,-0.20400297815805346
geoff,-0.20401049648390815
updated agenda,-0.20416464929925512
morning updated,-0.2041841150043061
included check,-0.20427428462039804
like ask,-0.20430129636426583
bloomfield,-0.20431888176800722
red cross,-0.20437391293976417
filtering,-0.20443247605636788
remind,-0.20445983976504503
url rank,-0.20465676621280587
went,-0.20468975335290265
recent file,-0.20471281702332766
make available,-0.20475994990621885
size number,-0.20483022561178132
entitled,-0.204831673843784
welcome aboard,-0.2048564414889072
coast,-0.20486167552328144
advertise,-0.20493906288864483
regular price,-0.20494400642061403
plural,-0.2049906948274226
colors,-0.20505910657824428
advocacy,-0.205060981455936
hanging,-0.20507823092251792
album url,-0.20510654518260146
best alex,-0.20511155283327842
decades,-0.20515154456566076
asm,-0.20534387175261617
history,-0.2053508629243105
email sat,-0.20535402600566866
gathering,-0.20545779441269674
just quick,-0.20550509195364794
usable,-0.20556426352511584
amber,-0.20560044246033826
list people,-0.20561192982052262
url ___________________________________________________________,-0.2056852752127369
qmail scanner,-0.20582872590553278
24 feb,-0.20588200126426429
wizards,-0.20604174240717957
bad news,-0.20605720682146936
consequences,-0.2060844318388367
awful,-0.20613531239198335
15 million,-0.20630079106256946
mouse,-0.20636750067301224
anjam,-0.20640589167020507
gavin,-0.2064983372637301
pty,-0.20655624522390736
md,-0.20659061449277283
informational,-0.20659740354042436
mechanisms,-0.20669568289685955
recognition,-0.20673873747560612
reinstall,-0.2067821809474333
unsubscribe,-0.20678233453638814
smtpd_tls_auth_only,-0.206833224710384
frevert,-0.20692252648317055
curse,-0.20692868344775514
a4,-0.20697001568854417
thread,-0.20697850239362253
safer,-0.20708936722175528
erms,-0.207131302112071
year 52,-0.2072168380134044
know questions,-0.20724276899544464
translate,-0.20725693356389036
israel,-0.20729670046680485
power plant,-0.20730171270753328
lance,-0.20730318276766038
initiated,-0.20735362947481098
xo,-0.2075214387772301
minimal,-0.20756194383817025
defer,-0.20756742806262227
qf,-0.20758875555649137
flash drive,-0.2076096603324003
usr local,-0.20762278774678963
year 40,-0.20768311507379372
31 01,-0.20769448273286814
randy,-0.2077582910120263
beck,-0.20779093543362917
lindy,-0.20779401494198815
did just,-0.20783930899637698
native speakers,-0.2078540873787659
consultant,-0.20787317989379728
consequence,-0.20793169396141795
78,-0.20801445028827426
interim,-0.20802774732471394
storage,-0.2080680897045938
appended,-0.20810438997147285
ph,-0.2081383459089384
outage,-0.208165699353795
09 number,-0.20822245395076974
johnson,-0.20822528833588827
oops,-0.2082517273178336
labels,-0.20826644280354312
submission deadline,-0.20835045179176853
hernandez,-0.20841093075066647
risky,-0.20856133645580519
26 15,-0.2086019041266617
information questions,-0.20861066237944031
unsubscribe click,-0.20863353033387666
america price,-0.20872860603570323
parameter,-0.20881999060545875
git,-0.20887844561431299
linguistlist,-0.20895647581835436
confirms,-0.2090303011691165
symposium,-0.20908303932196912
127 127,-0.2091041940837264
received headers,-0.20910512363913966
cat,-0.20917073277829507
februar year,-0.2091714376133411
februar,-0.2091714376133411
orlando,-0.20918721826937495
preferably,-0.20925604076389492
opposed,-0.2093169551978765
today activity,-0.20938266155572993
public health,-0.20943754996719757
indo,-0.20944485292793572
driven,-0.20953795817996987
geman,-0.20958938175948955
oxley,-0.20963854508302995
spambayes spambayes,-0.20971357913463484
direct access,-0.2097643761895743
47 pm,-0.2098029702530967
jan,-0.20992571401493615
murray,-0.20994936463114613
url feel,-0.20998014201775608
shop url,-0.2100639145090795
marker,-0.21012645396271543
albany,-0.21012734025726987
highlights,-0.21016057548450467
shipper,-0.21019007926696961
pdt,-0.21019232480059502
instances,-0.21027434744503595
delays,-0.2103194321450431
previous,-0.21032699569097443
initial,-0.210350338113409
motivated,-0.2103957430347092
jakma,-0.21041286543437215
jafry,-0.21050698427305364
happening,-0.21050945299195842
curves,-0.21053174906095684
hitting,-0.21057908463771136
sign language,-0.21058973333009728
14 10,-0.2106290722832674
new data,-0.21067494422526567
sociolinguistics,-0.21071170105003112
mkt,-0.21071536702734928
mellon,-0.21074690895135545
arguments,-0.2108126824533967
dramatic,-0.21083353491391388
outlining,-0.21087493889621806
vkaminski aol,-0.21094355674337473
energy services,-0.2109460002867021
blocking,-0.21101323869827665
mass check,-0.21103028323445472
mark frevert,-0.21106420849884788
rig,-0.21107831824081189
petersen,-0.211119058211884
need make,-0.21112825737846358
regard,-0.21119552965729219
17 04,-0.2111977895884667
web zz,-0.2112904356323842
aws,-0.21142800711605936
code freeze,-0.2114892978971138
corrupted,-0.21153628119301474
card number,-0.2116122285845832
surprised,-0.21163892023342087
240,-0.21166704833775452
really appreciate,-0.21171940554892188
appreciated thanks,-0.2117254853954005
obama,-0.2117815270305697
payment 10,-0.21179850701868214
held,-0.21183927918324003
gnupg v1,-0.21190645685577977
clicking link,-0.21190872474638842
notify sender,-0.21200586606493296
deployment,-0.21206005581882106
zero,-0.21206334436387622
don remember,-0.21208620657991456
case study,-0.21208932909991451
wmi,-0.21212343459062508
uncertainty,-0.21212684087654382
moody,-0.21217051812782253
tenth,-0.21220260130968563
like receive,-0.21239062735319142
netbeans,-0.21242267115881977
millenium,-0.21260370901058623
inter,-0.2126341389909136
meet best,-0.21276485571581616
research project,-0.2128317467633218
declining,-0.21284001190606325
organic,-0.212858116707485
like look,-0.21287155441323288
worried,-0.21287769566874554
500gb,-0.21289881623299325
swerzbin,-0.21291936784459597
don understand,-0.21300514409687069
nlg,-0.2130435137814698
supposedly,-0.2130599883917045
mail rebate,-0.2130991787037263
lotfi,-0.21310763873106323
departments,-0.21312928061218503
dnsbl,-0.21320072496699427
roman,-0.21342012582388334
intelligence,-0.21345161084538963
tesco,-0.21380326404032593
thanks kate,-0.21387049005578718
mentions,-0.21390536979687158
albeit,-0.21394027085807776
descriptions,-0.2140249394752721
block spam,-0.21415163327966721
refer,-0.2141574677200971
register today,-0.21423308355062654
25 25,-0.21423564058359237
parser,-0.2142425696128933
forward seeing,-0.21425205875432135
questions concerns,-0.2143764235530284
bankrupt,-0.21441611196083682
retroactive,-0.2144690066251288
alan,-0.21451646463303659
universidade,-0.21466125969724434
cluster,-0.2146884491473478
sched,-0.21482981544912844
messaging,-0.21487019093180715
anna,-0.21495519014088368
new books,-0.21514278150854396
genres,-0.21519037772557884
language research,-0.21519398562708428
perception,-0.2152643265210508
xms,-0.2152803079076824
lindberg,-0.21557132155381678
traceback,-0.2156920780825882
objects,-0.21581016907038422
235 second,-0.21585451141892179
commented,-0.21591805660376764
test harness,-0.21594570195236903
watching,-0.2159716129619705
concordia,-0.21600095509395112
ginger,-0.21606507625519336
filtered,-0.21608865967848834
archives,-0.21609744061476602
people world,-0.21610246321650695
duesseldorf,-0.2161428479362221
24 1h,-0.2161635293952502
basics,-0.2162601498377235
multiple,-0.21628026910045733
xin,-0.2163616286069142
constraints,-0.21636292194859458
calculation,-0.21647282096783704
52,-0.21649120086247428
lotus notes,-0.21667743804615072
calendar invite,-0.2166931859482162
ear,-0.2166983798910342
30pm,-0.21673983152370407
forming,-0.21677238010899386
survive,-0.2168781026894651
share information,-0.21693183422004755
outing,-0.21695311857105207
dip,-0.21697018616534836
try send,-0.21701748086472192
tia,-0.21703197920458212
multimedia,-0.21705187723283248
booked lab,-0.2170902314086014
includes location,-0.2170902314086014
lab wednesday,-0.2170902314086014
wednesday calendar,-0.2170902314086014
equipment details,-0.2170902314086014
invite includes,-0.2170902314086014
year,-0.21720460862946797
support free,-0.21722311012357326
outgoing message,-0.21722401603220767
hay,-0.21726401649792917
filters,-0.21736157574462792
rto,-0.21742880779325055
bad thing,-0.21743791005480234
columbia university,-0.21757184334118113
competitions,-0.217595161427321
endangered,-0.2176002722217539
05 year,-0.2176099032604312
mta,-0.2176576304820721
12 th,-0.2177852886560572
silly,-0.21784781052772342
rgds,-0.2178542177104774
andy lester,-0.2178544757371416
intervention,-0.21787898776337566
know new,-0.21788328108339222
universe,-0.21789168107056117
jazz,-0.21790688498954017
00pm,-0.217927145249178
submitted access,-0.21796204442036818
keys,-0.21798240203046934
critique,-0.21799024966395358
theme,-0.21799393962780048
usa today,-0.21810257312467896
year attached,-0.21811249787274523
definition,-0.21817567427614412
gerry,-0.2182523795131217
viewing mail,-0.21826281662253644
university amsterdam,-0.21829544639946616
umbrella,-0.21834150099889563
interns,-0.21842032361461258
couple things,-0.2184427516318522
council,-0.21845212503485836
current issue,-0.21856830344620043
836,-0.21865629981287918
max,-0.21868799083232887
231,-0.21871741475825207
trick,-0.21886028192455345
windows year,-0.21894595985812287
packets,-0.2189596029043998
desks,-0.21897928690137883
asks,-0.2189803936087205
office chair,-0.21900724697971427
commands,-0.2190714599165171
weekly update,-0.21911127273565578
stats,-0.2191755934473541
lotus,-0.21919571632546542
375,-0.2192089709482458
dcc,-0.21922277875151316
bridge,-0.21930011390639864
brian foster,-0.21932630873964554
curtis,-0.2194204888035713
856,-0.2194660075080024
solely,-0.21953557159633225
type,-0.21963954381547804
subscribing,-0.21964520077108196
properly,-0.21964810541740787
matthews,-0.2197109887236108
trivial,-0.21984076285494283
friday august,-0.21997940097621127
stamford,-0.2202099927908317
gz,-0.2202392284751783
unrelated,-0.22023936340753794
decode,-0.2203742078592286
uncertain,-0.2204129146153911
brent,-0.2204527196765252
snip,-0.22061519364543566
entertain,-0.2206477254719156
documented,-0.22076352830005191
een,-0.22090987257951356
thu,-0.22109563916156616
eof,-0.22114769372482904
wrote url,-0.22120917228655296
cumulative,-0.22128259875396772
huang,-0.22129374659131018
masses,-0.22129576190838426
got,-0.22129615575064676
pdf files,-0.2213082397999428
execution,-0.22133344855563
url additional,-0.2213365216268875
fewer,-0.22136680801319822
thunderbird,-0.22144210414648596
evaluating,-0.2214504386319528
villarreal,-0.2214992509548459
flag,-0.2215180123036595
handful,-0.2215211469825473
dominant,-0.22159839149641997
mit press,-0.2216371892696863
intern,-0.221657263559047
hypotheses,-0.22167237613644636
considerations,-0.22174499307853932
sudo,-0.22174622265770827
dealers,-0.2218288714632687
derivatives,-0.22186112106415581
want reply,-0.2219326584480623
freeman,-0.22198277417787934
localhost,-0.22213931257588626
right away,-0.22221120123152052
ns spamhaus,-0.22238414611518864
tim belden,-0.22240644750754626
gene,-0.22245134072757436
works fine,-0.22250375742703665
member services,-0.22260692112462743
buzz,-0.222623849399695
weigh,-0.2226576805544928
democrat,-0.22268346466053857
message hash,-0.2227046921365388
hash sha1,-0.2227046921365388
url cheers,-0.22270546922621867
second street,-0.22274684712259407
item click,-0.22282499775887568
traditions,-0.2229171437158809
numerology,-0.22303771450874132
fires,-0.223109602689153
215,-0.22316033846961608
25 years,-0.22317100942520615
january,-0.22322676068761768
software developer,-0.2232419703627413
bos,-0.22326448917810965
past years,-0.22326678498731134
parameters,-0.22335888767399745
12 20,-0.2234965229641517
com client,-0.22353594570337157
make life,-0.22354181851535998
joke,-0.2236120151278111
bayesian networks,-0.2236260309865186
dr kaminski,-0.22363797143631348
questionnaire,-0.2238732176842494
add comments,-0.22393276441774784
expressions,-0.2239328585097256
info item,-0.22395951902864508
palo,-0.2240672399918869
testosterone,-0.22410689896703243
concern,-0.22416454327839103
prix,-0.22416482248159553
50 mw,-0.22426676881340302
incorporate,-0.22431273977720603
smtp auth,-0.2243273242568243
high availability,-0.22439055060294225
wincenty kaminski,-0.22441573227967382
url http,-0.22447907700778613
http url,-0.22449440452839312
scientists,-0.22454588187131783
stevens,-0.22459894950724948
compiz fusion,-0.22460144544703484
equally,-0.224631292897779
receiving emails,-0.22464437934007744
old man,-0.22472073036624526
encourage,-0.22473491480130456
palmer,-0.22477912123757748
older,-0.22481229252317825
substantially,-0.2248655970875654
scenarios,-0.22494073876858398
hits required,-0.22496356926925368
156,-0.22507787102310364
linux user,-0.2251081587997708
testosterone came,-0.2251268835484993
order latte,-0.2251268835484993
fuck voucher,-0.2251268835484993
latte gay,-0.2251268835484993
came free,-0.2251268835484993
vagina fuck,-0.2251268835484993
like poofter,-0.2251268835484993
free vagina,-0.2251268835484993
poofter order,-0.2251268835484993
poofter,-0.2251268835484993
gay testosterone,-0.2251268835484993
voucher gay,-0.2251268835484993
15 pm,-0.2251301642090065
volunteer,-0.2251452429702593
webb,-0.22516979186988806
crossover,-0.2252380373031362
yahoo yahoo,-0.22535729729246196
power marketing,-0.22546459831671486
ssh,-0.22549986214364062
block,-0.2255186016405733
url gnc,-0.2255367357069371
attachments,-0.22562345786589355
shalesh,-0.2256370188617996
elections,-0.2256621262829737
pulled,-0.22574469416656884
know know,-0.22574689587720784
kean,-0.2257588337229302
policy visit,-0.22586760686216437
payroll,-0.22588192573161445
analyst associate,-0.22601477995495245
ops,-0.22603532552079228
asus,-0.2262308266467677
falling,-0.22631336275931194
turbine,-0.22632158992183046
martinez,-0.22632636230853434
oneok,-0.22647718178405393
81,-0.2265755860468684
number 10,-0.22662566088147612
technical,-0.22677344974487487
decision,-0.2268356350420782
syslog,-0.22683638034386377
55pm,-0.22686337266614248
inception document,-0.2269423614977358
conferences,-0.22695873300712963
kenny,-0.2270227202337045
com white,-0.22706635030000935
paper library,-0.22706635030000935
newsletter published,-0.22713734628271404
gruyter,-0.22718091758051895
108,-0.2272667015727284
bump,-0.2272955591548221
uid,-0.2273006469173172
charter,-0.22737903044332589
change number,-0.22741090240249032
______________________________________________,-0.22741105306490625
buildbot devel,-0.2274204938216426
yahoo mail,-0.22745299703857677
southwest,-0.22747606038244683
disclosure,-0.22747738877811183
builds,-0.2275168536348591
covers,-0.22754792143347638
business business,-0.2275598145097203
trec,-0.22771683114804456
mock,-0.22772460395866004
bash,-0.22779594391275398
restrictions,-0.22780282826762996
good luck,-0.22782194402287373
56,-0.22784635709131876
pie,-0.2278618777949944
springs,-0.22789599531877883
threats,-0.22795577341705367
ethernet,-0.2280513330586746
european,-0.22814814204850484
formal,-0.22817708022554636
email notification,-0.22822982417931895
davies,-0.22824888395294113
passing,-0.22826124678245546
128,-0.22826154631321938
session,-0.22839630171039024
financial risk,-0.22848455764995917
message id,-0.22852922197773592
expression,-0.2285904079259035
returning,-0.2285957408094975
year acm,-0.22866968204482907
bonn,-0.22879096021438852
disregard,-0.22881532261987547
virus incoming,-0.22882091285315503
watson,-0.2288645247511982
ive,-0.2288673621467107
rename,-0.22890171618345947
pursue,-0.22898538045692896
tools,-0.22907035724548716
july th,-0.22911866381127732
web service,-0.22925083688649442
latin,-0.2293225882920831
exposure,-0.22935129530630852
519,-0.22960400163394779
69 99,-0.2296751780871084
projected,-0.22975718209590337
terminal,-0.22986050141611045
guaranteed secure,-0.22999174655209864
mail information,-0.23002444268698813
text plain,-0.23003072197073096
suzanne,-0.2301157472146433
hiring,-0.2301438705915579
deliver message,-0.23017392108561552
ubswenergy,-0.23017446484857595
dabhol,-0.23028020011843145
bw,-0.23035870420498478
released,-0.23038721324685524
best riley,-0.23047901383542185
coach,-0.23050234183065657
permissions,-0.23053408859269
page,-0.23053542467599172
information available,-0.23058663241055882
location equipment,-0.23060338776131042
sp,-0.23080886743141668
shot,-0.23083671705439152
critics,-0.230857160086638
undefined,-0.23087607790424466
tammy,-0.2309794098829532
terri,-0.23098391898988357
firewall,-0.2310000648758876
observations,-0.2311004998645998
suse10,-0.23114484622164463
platforms,-0.23120618882152177
ranked,-0.2312145713795704
phonological,-0.23129239870218363
thinks,-0.23143373156007213
ross,-0.23144864175939053
rodriguez,-0.23149890173565874
grant masson,-0.23156033204982523
year 27,-0.2315635640102784
passive,-0.23161202478580492
nic,-0.2316264525314697
improvements,-0.23162748889574478
changing,-0.23165131588873789
sprache,-0.23171439595349125
caption,-0.23174694161586173
dkim,-0.23182238474027717
futures,-0.23183231172842114
andersen,-0.23184304803793052
trips,-0.23195432492983598
prefer,-0.23199955435873018
services,-0.23200609728691113
contracting,-0.23202380086478455
daily basis,-0.23208987491979
line rental,-0.2321076079006173
rc1,-0.23211180977134194
footnote,-0.2323877814008184
year 18,-0.2323952120363242
novel,-0.2324198582959182
left,-0.2324360564327749
refaddr,-0.2324996398222707
interpretation,-0.23264646377227385
diary,-0.2326745608130363
emails add,-0.2327109968093702
hector,-0.2327377369265149
earnings,-0.2328564747239418
appreciate help,-0.23286588121309815
inviting,-0.23292182535406636
using program,-0.23296495022308092
deep,-0.2330665964302434
sake,-0.23307210734418282
fed,-0.23323557740392817
pgp signed,-0.23343888110932806
methodology,-0.2334412252074411
far tell,-0.2336608448413344
keith,-0.23367968311887247
imported,-0.2337549524132014
marked,-0.23378558640195854
tasks,-0.23389161831878863
vkaminski,-0.23389780027830365
probably good,-0.233941261948296
mail best,-0.23402372501314378
drawing,-0.23408926711167669
sale agreement,-0.23416903886697096
concerned,-0.2341696817969052
year information,-0.2341926884396592
yiddish,-0.2342744397009701
chose,-0.23431269034532917
leaf,-0.2343161930025671
turns,-0.23438903025797653
max children,-0.23440574993539529
hiv aids,-0.23456082150826033
duffie,-0.2346766976456938
printer,-0.2347101101020617
affects,-0.23477114311222352
1h,-0.23484151584480753
savings,-0.2349769586333718
organizing,-0.23507039923339587
leap,-0.23512008567972875
13 08,-0.23523491600671706
tx number,-0.2352503338074691
meaningful,-0.2354509944334285
rev,-0.23546705843038612
consider,-0.2357008523413793
funding,-0.2357162798643493
treated,-0.2357754365669655
domain,-0.23578548120447027
sz,-0.23588545341985678
unsubscribe group,-0.23590189801663108
smtpd_recipient_restrictions,-0.23604225681743204
causing,-0.2360672658477358
billy,-0.23606985662073987
ve used,-0.23607352628189868
jaesoo,-0.23608162259125928
following new,-0.2361272431773994
toolbar,-0.23613059555254076
ford,-0.2361492384782659
broken,-0.23626831631800801
cob,-0.23627949854368122
group post,-0.23632936475367802
sender reply,-0.23639837262878008
backend,-0.23640540559667597
beta testing,-0.2364439286392805
bandwidth,-0.23645411581920356
post group,-0.23646886262365174
subscribed google,-0.23646902669541572
general,-0.2365599680740166
email mailto,-0.23656656838358534
year details,-0.23671949288661767
08 02,-0.23675234704165474
sa compile,-0.2368626681240926
belief,-0.23693139242073805
environments,-0.23703825665998499
subject header,-0.23711448731139845
inappropriate,-0.23715102489540008
spf,-0.23720993477534702
port 25,-0.2372121078760027
throwing,-0.23727716252761819
15 30,-0.23732378568792062
connell,-0.23744019843874392
827,-0.23745120836841907
child,-0.23749541658633255
varieties,-0.2375199097677977
create new,-0.237546870120757
isolated,-0.23754766420992685
stories,-0.23758980034463176
db_file,-0.23767420845427203
engineering,-0.23769264836855233
local,-0.23778819279591384
reflected,-0.23782873943468416
leiden,-0.23796856238856393
ve just,-0.23799419847454173
encountered,-0.23801053950883735
looking,-0.2380352056970509
tweaks,-0.23803852426835592
pleased announce,-0.2381254571458327
02 29,-0.23821808771619749
jet,-0.23825999650713436
socio,-0.23835776889747745
59 99,-0.2385257799937543
sa learn,-0.23855059121214656
time ago,-0.23858921275810674
login password,-0.23861636184032065
45,-0.23861949164800927
dear dr,-0.2386557432710331
blacklist,-0.23866306418937516
sep,-0.23880664324701403
modifications,-0.23883322492412576
cities,-0.2388864549846994
paycheck,-0.23897041873236394
techrepublic,-0.23930061662801538
38 pm,-0.23938389177095765
define,-0.23940142945587428
studies,-0.23955953647735592
thank taking,-0.2395615439590395
number request,-0.23957514539690597
monitored,-0.2396621224914076
skip,-0.2396866252914519
queue file,-0.23969045159243701
reject_rbl_client,-0.23973875054669525
gnu,-0.23976479214051605
north,-0.24010508127286645
choi,-0.240125181910158
today,-0.2402509245500124
cfo,-0.240295667943775
gcc,-0.24035944021029995
sd,-0.24045524440421998
having,-0.24046713358412827
headlines,-0.24054484325572728
surcharge,-0.24055139738684628
evil,-0.2405598159041191
surveys,-0.24059882019638446
force,-0.2406304805534421
auf,-0.2406377555797607
user number,-0.24070952959237837
senator,-0.24075640068552012
release notes,-0.2408585070548764
click button,-0.24090488882132297
amavisd,-0.2409741855722478
initially,-0.2410020754742925
despite,-0.24109282100877796
resort,-0.24111323584677577
economics,-0.24113195709646357
songs,-0.24113520077605405
drag,-0.24113842471080743
coe,-0.24114380947957867
vulnerable,-0.24123780971617673
version message,-0.24124362822731826
bible,-0.24135283236918437
download free,-0.24136024591162875
scenes,-0.24141823965618397
cancelled,-0.24142677096621587
chris calger,-0.24146369149344682
adopt,-0.24149420814025338
torino,-0.24151769657740038
embarrassing,-0.24153187239613144
sad,-0.2416798948824922
spreadsheets,-0.2416861291456216
help need,-0.24181801009007733
seat,-0.2419079757124327
dealbench,-0.24192252155566957
renewals,-0.24196296631279046
url special,-0.24197559766869725
351,-0.24219488192255567
list visit,-0.24228527201439043
upgrading,-0.24232719710786
ide,-0.24248167378417348
attend,-0.24248490330669517
dataset,-0.2425035251217551
notes detected,-0.2425356061718115
void,-0.24262180053518953
peoples,-0.24262611309228074
confirmations,-0.2426693450093165
vendors,-0.2427529500625611
specific,-0.24278029063078693
communicating,-0.24279069564850445
polish,-0.24283097607496265
39 95,-0.2428736493391309
juan,-0.24288273562844812
end users,-0.24288627898645487
type applications,-0.2429875841509041
widely,-0.24304980912041593
com number,-0.2430718018630408
stanford,-0.24309219088198847
ietf,-0.2431427572031456
manual intervention,-0.243145214738188
vkamins,-0.24322465993811143
576,-0.24323486417502033
rc number,-0.24324971008019547
slaven,-0.24334199591159417
loaded,-0.24339341431380576
attributes,-0.2437251882097254
crude,-0.2438425457018247
vkamins com,-0.24392954924655968
4th edition,-0.24395620879437513
credit risk,-0.24399346919432363
schedule crawler,-0.24408715540510265
packet,-0.24420759211350537
icon,-0.24425225808289167
failure start,-0.24427590457288048
schedule download,-0.24427590457288048
failed manual,-0.24427590457288048
download failed,-0.24427590457288048
intervention required,-0.24427590457288048
crawler hourahead,-0.24427590457288048
hourahead schedule,-0.24427590457288048
hourahead failure,-0.24427590457288048
audio,-0.24433124519975813
currently subscribed,-0.2443594102915436
terms conditions,-0.24438005701346038
pathtools,-0.24440139286570386
disable,-0.2444222293594449
_______________________________________________ python,-0.2444315980417369
delta,-0.2444429317568074
budget shipping,-0.24447100730948568
free budget,-0.24447100730948568
gst,-0.24460177276016326
try different,-0.24461265302448817
barack,-0.2446477578235265
administrators,-0.24469853181535847
balance,-0.2446991564126628
managed,-0.24474633934349124
00 url,-0.2448246911958733
copier,-0.244835291439572
usage,-0.2448418007536814
nicholas clark,-0.24486872112133648
sherman,-0.24487376046985643
ata,-0.24489414181859437
spamassassin trunk,-0.24502466612570786
harsh,-0.24507516850438682
urban,-0.24510665492453496
donated,-0.2452628783364865
nips,-0.2452678768655425
isc,-0.24540223843911438
alleged,-0.24550059526256388
ll share,-0.24552126039192948
portable,-0.2455322479287735
holland,-0.24557766683482918
execute,-0.24559400633541323
activated,-0.24569135567781814
allocations,-0.245768514061473
commercial,-0.24586369970310393
mtg,-0.24588249246466712
partition,-0.24611388053994301
regards chris,-0.24642855463208244
accounting,-0.2464662883911837
chairs,-0.24646981800367468
raising,-0.2464952307718167
horoscopes,-0.24650379270899447
domainkeys,-0.24658386447714312
n_question,-0.246672528330126
trunk,-0.24668882098255993
structured,-0.24672103201358594
gluten,-0.24681923268593964
jones,-0.24686769511279788
google groups,-0.24687479820569203
maildrop,-0.2469514639304406
aspects,-0.24707928058803574
logo,-0.24711859917172607
mess,-0.24726382528939875
rude,-0.24730229401498613
route,-0.24730835116139965
tk,-0.24731826421784767
monitor,-0.2473259380742648
years age,-0.24743899245734283
aboard,-0.2474829432178545
citigroup,-0.24749559516703157
networks 235,-0.24751751801455696
hea,-0.24763366043352483
recognize,-0.24767848058045572
existence,-0.2477364758511432
calling,-0.2477858984622535
74,-0.24799896595201049
jill,-0.2480009733275525
ercot,-0.24802737331391195
exceeds,-0.24804626596967302
threads,-0.248060166371933
__init__,-0.24809769341049087
initiative,-0.2481284246524078
ratings,-0.24813974030054906
url support,-0.24814547582644766
pjm com,-0.24817818331335723
320,-0.24822101316933573
allow,-0.24824022283225008
help email,-0.24826588270459513
yan,-0.24835612996772008
henwood,-0.24839588493574563
announcing,-0.24843164335716006
hot list,-0.2484768626790233
fingerprint,-0.24850136741991283
answered,-0.24851788004872868
file url,-0.2485351643369565
plugins,-0.24857708829716402
check latest,-0.2485830316388944
status update,-0.24864534660979185
heard,-0.24864720196837145
firms,-0.2486850110207089
thursday august,-0.24881502499619454
shipping buy,-0.24885797053557915
click approval,-0.2489766741270349
terminology,-0.2489895363764117
masson,-0.249058089550354
starts,-0.24915312778121143
team,-0.24922983408179705
des,-0.24923068586210545
intended,-0.24929435932116387
columbia,-0.2493439611830126
overlooked,-0.24939644565163385
digest,-0.249405334367054
operations,-0.2494294474421719
incorrectly,-0.24945939220911184
12 30,-0.24955103267528747
save 50,-0.2495574331963923
know soon,-0.24962732711585647
ppl,-0.24967589564641818
lon,-0.24972574983806037
reaches,-0.24975831434317297
architecture,-0.24978979795713963
year 04,-0.2501146842537909
cost center,-0.25013023451241423
11 30,-0.2502293885706085
upenn,-0.2502450905335365
year order,-0.2502931841181495
congress,-0.2503891958272409
engaged,-0.25073854541987695
retention,-0.2508906724699293
temporal,-0.25104685794820064
ja,-0.2510687852374583
stepping,-0.25114546267474575
fax 64,-0.2511490872598038
bernhard,-0.25115498481410664
argues,-0.25126572489643617
joel,-0.25132164571750887
com resource,-0.2514732311659684
devices,-0.25148232039281615
invent,-0.2514922918835217
pat,-0.2515164817935315
day time,-0.25170670945345763
participating,-0.2520083420605874
streets,-0.2521407999880535
challenging,-0.2523136902541986
tagging,-0.25236503974692437
review act,-0.2524452121799923
chapter,-0.2525206413818864
hedging,-0.2525629808404019
williams iii,-0.2526967755314675
create date,-0.252775887879998
list thanks,-0.25285315753572024
press release,-0.25290241250019424
needs,-0.25299805695054156
05 08,-0.2530657777909117
resource type,-0.25310963470383574
request id,-0.25310963470383574
mary,-0.253195604241584
builder,-0.25345663750759156
health insurance,-0.2535203788027616
domain com,-0.2535236691694036
sharply,-0.25361942573911594
placed,-0.2536300329048052
fw,-0.2536494656439476
report,-0.25365860694018116
news service,-0.25373257376647346
belgium,-0.2538040566757086
xs,-0.2538166648292087
paolo,-0.25382605923687196
prior,-0.253868695692367
csv,-0.2539283660267447
txu,-0.25394571758682255
parsing,-0.25394903411662606
usb,-0.25405748848555654
terrorism,-0.2540801014030891
lights,-0.25412064581750804
hall,-0.25416727741065254
cplex,-0.2543387503709605
buenos aires,-0.2545989904930666
send feedback,-0.25464919719487267
check email,-0.25475381641675554
si,-0.254815624120916
bp,-0.2549506003280994
macbook,-0.2549562191556122
join congratulating,-0.2550965832654573
comp,-0.25512200931959317
works best,-0.25519383192905304
love reading,-0.255245226071016
lokay com,-0.25540439147923366
help link,-0.255490122173437
schreef,-0.2555092967572543
saudi,-0.25551975698625684
hope helps,-0.25580449844820646
230,-0.2558857995674468
list online,-0.25594289439281237
migration,-0.25601307330462014
accommodations,-0.2560261432672098
experiences,-0.2560488555177959
19 year,-0.2561004395200303
cdc,-0.25622302200975444
connecting,-0.2563489349351937
practices,-0.25636054137884046
feeds,-0.2565165654586551
offer valid,-0.2565281983905866
costs,-0.25661090454146623
allocated,-0.256710756548425
thank using,-0.25685313639820745
year 59,-0.25687945332046164
balancing,-0.2571266409312438
year conference,-0.257141130064355
guardian,-0.25717570492586056
818,-0.2571960024058881
language acquisition,-0.2572182810829917
fonts,-0.25726868167984446
address http,-0.2572735715845819
email mailbox,-0.25736265034945227
physics,-0.25738171849699515
review attached,-0.25745119533440725
spaces,-0.25746178923126545
tokens,-0.25751152546055167
monitors,-0.2575153504415869
url ll,-0.25762148785507494
say,-0.25762768083189885
jazz mailing,-0.25764378982716607
dixieland jazz,-0.25764378982716607
url dixielandjazz,-0.257645086856733
_______________________________________________ unsubscribe,-0.257645086856733
preferences dixieland,-0.257645086856733
archives visit,-0.257645086856733
dixielandjazz mailing,-0.257645086856733
critical,-0.25772877820075457
sending mail,-0.2577460350457198
support url,-0.25776227618163705
passwords,-0.25780963501917764
attendance,-0.2578352069281513
enrolled,-0.25786772612392317
year 35,-0.25788351502606527
repositories,-0.25788993383214387
neil,-0.2579097718171638
welcoming,-0.25803017582614707
share,-0.2580343265965279
gas power,-0.2580682913374048
464,-0.25807359424340903
11 year,-0.2580807502490466
send direct,-0.25808201216201326
444,-0.2582610248259462
fan,-0.25833433422608576
rating,-0.25841306148076765
dont want,-0.2584456645478179
unchanged,-0.2586207403628733
brian,-0.25866942895877887
mailq,-0.258720869225093
approval review,-0.25872736176324007
severely,-0.2588665638511108
day ahead,-0.2588901424906211
view,-0.25889332314923696
txt,-0.25896497456252526
0011,-0.258988687522685
developers,-0.2592324460360231
fundamentals,-0.2592850410247623
dictionary,-0.2595347796130475
cyrus,-0.2597037171003099
expiry,-0.25978755499714756
inf,-0.2598078639576362
sending,-0.25982642803239775
23rd,-0.2598758359688946
mail attachments,-0.25988537901593317
parker,-0.2598856509483822
variable,-0.2600055298671364
steffes,-0.2600678864164159
hiv,-0.2601237354225951
directly,-0.26023260008276144
networks rights,-0.2602447608014168
distinguish,-0.2602488994371483
workspace,-0.26035406897932917
day year,-0.2603972425801052
bpa,-0.2604632621846472
counts,-0.2605395745943969
rotation,-0.2605562375556134
plus,-0.2607521558218871
osx,-0.26076118087479605
12 27,-0.2608802869797518
jaime,-0.26092156710019204
translator,-0.260952407663373
cooling,-0.2609978472507151
need create,-0.2610882275076009
year 53,-0.26110008161568554
gigabyte,-0.2611667399339938
henderson,-0.2612646450932407
x86,-0.261310619309729
ipv6,-0.2613331597743397
trigger,-0.261421798720213
levels,-0.26144985424769807
begins,-0.26146592384617506
like good,-0.26150648436310425
bogus mx,-0.2615462141294688
09,-0.261681015494276
openoffice,-0.26183236282618205
14 pm,-0.26187040199930833
purchase price,-0.261888706651471
pownceapi,-0.2619132442303886
artica,-0.2619206617203854
trusted_networks,-0.26192808031570386
balance sheet,-0.26193004754173455
movement,-0.2619843226678317
extensions,-0.2620028667298693
lester,-0.2620091560658058
message click,-0.26208390390718755
hasn,-0.26214485890026595
303,-0.26218321891309077
goodman,-0.2622342027133782
402,-0.26231259249679284
zones,-0.2623371265663096
gnc com,-0.262437633679378
programming,-0.26245831969991457
theresa,-0.26264079956937897
variations,-0.2626738696208489
weeks ago,-0.26272109853927783
wti,-0.26289956775425743
patents,-0.2629350144524522
44 20,-0.26298045760539923
howto,-0.2630514493747891
url change,-0.26309753225088145
unsubscribe email,-0.26311783290774643
signed message,-0.2632832919990656
scheduler,-0.2632913867929895
proceed,-0.2633304055880901
incoming message,-0.263353970822599
wanting,-0.26349957257100837
c4380,-0.2635258503563184
enclosed,-0.2636268104618266
employer,-0.26363051526820325
philippe,-0.26369547643031854
discussions,-0.2637738821400477
grammatical,-0.2638790115817846
prints,-0.2639129159422341
236,-0.26393021746664574
hourahead hour,-0.2639439457700646
prices availability,-0.2639477589890166
27,-0.26396746488828476
mmcf,-0.2639903124382308
vice chancellor,-0.2640379516479405
paperback,-0.2640459192910365
crime,-0.26405906577241545
distributions,-0.26407015265273903
mate,-0.2640912202071806
accepted,-0.26421537148688
created email,-0.264241256363306
send mail,-0.26425543832757886
thanks shirley,-0.264357234349083
isi,-0.26440754619207574
newbie,-0.2645258094089895
debugging,-0.26459588739330975
asking,-0.26460363559635736
email hi,-0.26468298273865565
audit,-0.26476364862291435
inland,-0.26494943974980284
attached spreadsheet,-0.264985928266415
dice,-0.2650397706480608
minus,-0.2650691958993459
workaround,-0.2651260253486274
contact url,-0.2651417446706145
wright,-0.2651898878914441
moving,-0.265561896484182
tutorial,-0.26565242870764955
notes submission,-0.26571297982682845
user,-0.2657659154087476
pp,-0.26577408078053044
price 99,-0.26583211984611044
179,-0.26590977944179484
heartland america,-0.26598158018738793
chocolate,-0.26603644326643416
white paper,-0.26607345679973077
molly,-0.26610776369830685
opt artica,-0.2661825237039187
white papers,-0.26633730023548663
10 14,-0.26636916377803205
receiving mail,-0.2664187416721236
probability,-0.2664785896622758
template,-0.26650273705912564
calculate,-0.26661285527307954
andrew,-0.2666452611600484
don really,-0.26666414406187866
commissioner,-0.2666826361107373
help regards,-0.26671299538677784
technician,-0.2667868982813941
margins,-0.2668270647345192
31 year,-0.2669354109221259
launching,-0.26701283946746923
accused,-0.2670932433927063
reporting,-0.2671242465870008
vicki,-0.26712809511194846
bay,-0.2671562054297444
redirect,-0.26724324369727037
hydro,-0.26729211776006595
drivers,-0.2672951495116463
warnings,-0.26734482087473405
initiatives,-0.2674047046273191
lunch,-0.2674422264287004
walsh,-0.2674436882684878
hanna,-0.26746033919097
dear vince,-0.26749381184002036
accordingly,-0.2676185937708773
ethical,-0.26773304766030787
oriented,-0.2679770331711832
boulder,-0.2680200351253418
dictionaries,-0.26812968394374115
amitava,-0.2681424140498553
wharton,-0.26816557211792535
100 100,-0.2682223609736444
00 usd,-0.2683988094088135
1gb,-0.2684302827885425
files,-0.26847167433649116
extent,-0.26850123115242286
average,-0.26860071572865707
panhandle,-0.26864000650652003
inevitable,-0.26871612851193505
mail address,-0.2687195077079346
reflects,-0.2687475373806465
cto,-0.2687969858027353
interconnect,-0.26885194405932655
bluetooth,-0.2688748398436475
staying,-0.2689589886476173
confirmation mail,-0.2690642504525576
notified,-0.26909062424189156
unsure,-0.2691306044164041
fps,-0.26931668709887674
clamav,-0.2693394055219142
heartland,-0.2693723938418549
uninstalled,-0.2693875238965028
ling,-0.2694696064196429
reserve,-0.2695235284673939
stock price,-0.269657153276006
conversion,-0.26972160148358576
definitions,-0.2697453915255044
802,-0.26979127855751645
lake,-0.2698200962603171
lexi,-0.27014542249599316
voting,-0.270214627798251
raid,-0.27028870620315343
earthquake,-0.27037384440807993
computer engineering,-0.27044561106239456
west,-0.270565944509109
incorporated,-0.27067365974986074
mark haedicke,-0.27069695007512656
request request,-0.270716021458266
arthur,-0.2708172319685996
15 000,-0.27083409761678967
regexp,-0.27085918204863874
watterson,-0.27101740806840474
michael watterson,-0.27101740806840474
indicated,-0.2710417110963705
send message,-0.27105032881820995
thanks great,-0.27110688169240976
allegedly,-0.27114636893529154
ongoing,-0.27119903106584586
confusion,-0.2713317425183869
clickpaper,-0.27135197918871357
conf,-0.2714499663039591
mail received,-0.27148280887049225
gnc gold,-0.2715509662815806
exit,-0.27155397331366116
explanation,-0.2716127528338434
shit,-0.27162872382559355
free email,-0.27172227981196895
publishing,-0.27175924364218146
mathematics,-0.2717653364091273
hosted,-0.27196182011038295
pjm customer,-0.27208900087425536
members,-0.272147085565614
01 08,-0.27230117863089504
networking,-0.27238492867311387
poi number,-0.27242856675224847
democracy,-0.27244008727037383
learnt,-0.27247684279080636
podcast,-0.2725324662163816
hyatt,-0.27255998039371887
sent tuesday,-0.27260148929992234
philip,-0.2727692107526734
semester,-0.2727781072838202
cpanplus,-0.2727835487211279
brisbane,-0.2729310158696341
hi ve,-0.27293495972602877
melanie,-0.2730229670204079
delegates,-0.27309754204833
independence,-0.2731355549253548
email year,-0.27346297978917106
information visit,-0.2735149975097062
seattle wa,-0.273781178784098
reader,-0.2740885769875448
debian,-0.2741521491754078
bugs,-0.2741894990933361
distinction,-0.27428127691983484
summaries,-0.2742983172016204
fax 31,-0.27437846646741443
27 pm,-0.27455727589234513
look url,-0.27487313002106367
installing,-0.27487478547909816
edition version,-0.27490647098540455
runs,-0.2751164877781387
hi vince,-0.27511691239875224
compiz,-0.27512180527677493
character,-0.2753103045191092
haedicke,-0.27537216240165546
customer info,-0.2758245509131028
mitch,-0.2758524051085911
column,-0.2758638413225264
practice,-0.27589863821342636
mc,-0.27592891095315236
cbs,-0.2760221476706897
does support,-0.27611500464582417
principles,-0.27620400117869404
possibilities,-0.2762483396469205
regulatory,-0.2762537945657706
gordon,-0.27631446730673787
dealing,-0.27635685306265667
web services,-0.2765121561196962
label,-0.27657106407841586
credit union,-0.2766270617598936
special,-0.2767193842823598
thurs,-0.2767293458128366
break,-0.2768021310413979
span,-0.27685726467203264
bulletins,-0.27690135203748506
items,-0.27702229378731474
alexander,-0.2771284525029451
10 23,-0.2773304139720345
quarter,-0.277371037529437
dependent,-0.2773908236942106
hotlist,-0.27746960714975055
cracking,-0.27760212709342547
order form,-0.27768926658846227
available url,-0.27780925889341734
mt,-0.27781413680346306
64 444,-0.27787263819305397
jon,-0.27792063998547284
don think,-0.2780054214322134
stephanie,-0.27801260553553203
registration form,-0.2780606537385487
versions,-0.27807726620147705
legacy,-0.27830949339497174
neural network,-0.27839635409216024
compiling,-0.27864926917642313
ajax,-0.2786860966953069
hint,-0.2787595991809178
zisman,-0.2787948264168103
windows vista,-0.27891738846134584
contact list,-0.27894759481585596
email recipient,-0.2789991222727352
compulsory,-0.27902231393080823
daily digest,-0.2790888659043931
verb,-0.2791483068613757
832,-0.2791857085926794
temperatures,-0.27929204568275257
free add,-0.2793585810230811
added submission,-0.279359333781027
30 pm,-0.27936296867751764
accompanying,-0.27945176649767495
afghanistan,-0.2796085785540289
onsite,-0.279654526405234
downloads,-0.27965901278946764
garden,-0.2797633730939407
need additional,-0.27978746850723196
originating,-0.27979027305601145
totals,-0.27983631641250745
kate,-0.2798445150759198
capturing,-0.27987275923258037
western,-0.2799950847069698
grants,-0.2800378288560854
contained message,-0.28009835712504616
september 18,-0.28009907871406725
245,-0.2801126127959245
beginners,-0.2801292049483939
reports url,-0.28013826720789237
add notes,-0.28026614526885885
graphical,-0.28032669474637006
notes meet,-0.28033622710732914
file,-0.28037320989752534
inference,-0.28039472935391335
contexts,-0.28041171869735837
cognitive,-0.280449545031564
read url,-0.28048239059034036
olson,-0.28051644576519674
year cnet,-0.2805354266754892
friday 22,-0.2805762942575647
profiles,-0.28058616662285096
perldoc,-0.2806323140438425
month,-0.28086662695898784
remains,-0.2809048787701791
congrats,-0.28095184327678074
requirement,-0.28098026877417553
list send,-0.28099590754063675
6pm,-0.2810510354806478
like add,-0.28110919938124795
california update,-0.28114799151113296
station,-0.2812586884013165
assignee bug,-0.2816689158848061
watching assignee,-0.2816689158848061
mail assignee,-0.2816689158848061
cone,-0.2816759650273174
orig,-0.2818297488490156
later week,-0.2820010851926985
diagram,-0.28201893409688356
perlio,-0.282097757249456
largely,-0.28215555837671336
immediately delete,-0.28223950431065076
misses,-0.2823541967674298
tend,-0.2823655584262197
illinois university,-0.2824573024130745
circuit,-0.28246265891710187
hmm,-0.28248337742894264
events,-0.2825557543529894
spend time,-0.28258917352010854
credit card,-0.2825958643005959
negotiated rate,-0.2826330961508289
best jamie,-0.2826776584075221
year like,-0.28268142687427156
spoken,-0.28280816734161174
ending,-0.2830592939852631
log account,-0.2830734593672427
str,-0.2830754557834886
sendmail,-0.28308918343190814
fellowship,-0.2830941185978509
pairs,-0.2831381693177577
reg,-0.2831839142568501
lang,-0.2832140487310864
06 08,-0.2833811974480315
12 31,-0.28342349078937057
security privacy,-0.2834567653991165
verify mail,-0.2834842449891254
derek,-0.28348665389160077
breaking news,-0.2834882865407849
video reports,-0.2835490674717887
coffee,-0.28359290447622054
helpful,-0.2836183635246755
jean,-0.28367659140298723
hints,-0.283703863113415
reducing,-0.2838672095996656
99 99,-0.2839191170179361
airport,-0.28396827430728866
demand,-0.283992087491845
dozens,-0.284027502455143
fourth,-0.28403658239197294
py2exe users,-0.28410307877307905
lived,-0.28416795169496606
united way,-0.28419974531890463
pointers,-0.2842397111401269
support,-0.2842855292695823
year plan,-0.2843100612364971
ahead,-0.28434392491557314
submitting,-0.2843927608570459
pagaltzis,-0.28449219175469725
80 number,-0.2846180691264209
dungeons,-0.2846813052579395
22 00,-0.2846894461615651
rome,-0.28472642581076374
treasures,-0.2847682084054617
possibility,-0.28484503478781503
une,-0.284877199802106
fbi,-0.28495166594735766
foundation,-0.2850852112710663
echo,-0.2853066594145414
esp,-0.28534119477568465
falls,-0.28536927834154685
following mail,-0.2853925981249624
brennan,-0.28562176577402487
20 pm,-0.2857165173290245
contributing,-0.2857371238937814
know think,-0.2857554663261315
automatically generated,-0.2858315473918962
massey university,-0.2858752084847692
process receive,-0.2859660118456816
premises,-0.2860266999738698
involving,-0.28606215673371743
attached memo,-0.2860993595708878
http home,-0.286198891724437
galleries,-0.2863320897557848
inspired,-0.2863883946700773
allocation,-0.2863922200344157
mean,-0.2865314207364405
activate account,-0.2865997624130076
l2,-0.28666073378166523
28,-0.2867356116558503
participants,-0.286740852746612
kde,-0.2868601897810654
just fine,-0.2868908768155995
louise kitchen,-0.2869539655673969
year 30,-0.2869887399779773
miller,-0.2870659027881407
sheila,-0.28714252061485507
hook,-0.2871934814815519
leave country,-0.28727100490768503
vol,-0.28731301063091647
pile,-0.2873267140181999
todd,-0.2874369330979021
eoin parker,-0.2874953813727418
logon,-0.2874974174676183
toni,-0.28755124820482764
sont,-0.28756901165452653
procedure,-0.2877432983056916
homepage,-0.2877642978404603
reimbursement,-0.2877705731776401
capabilities,-0.28793846833591513
behavior,-0.2880530685133612
url _______________________________________________,-0.2880765859867342
xls,-0.28815046605755434
roland,-0.2883486556737227
external hard,-0.28848017619980826
hill,-0.28857930428363404
genetic,-0.2886477648523738
today best,-0.28867128522354446
gesellschaft,-0.2886834485266047
time offer,-0.28878737778471214
boundaries,-0.28885076903735507
bug watching,-0.2888514311002575
act request,-0.28889022034003253
amoco,-0.28926053276158337
cogen,-0.28930566894074605
iphone,-0.2893663740496155
47,-0.28936841932071916
scoring,-0.2893756499152974
underlying,-0.2893841755928922
py line,-0.2894321785656394
easy access,-0.2895377172955753
resigned,-0.28963038782714684
andreas,-0.289650363964727
sha1,-0.28970718405755563
whitelist,-0.28974874285398156
douglas,-0.2897584768240403
sell,-0.28978303101767694
langues,-0.2898363046187089
lateral,-0.2898392737920164
especially,-0.2898563893447825
spam url,-0.2899130266732903
important information,-0.2899272313480242
dry,-0.29000376855826476
url sincerely,-0.2900263351115089
outs,-0.2902494973610931
kinds,-0.29036373521085135
hi louise,-0.2903712954335186
follows,-0.2904421120813559
email contact,-0.29055147014193033
woods,-0.290568178314808
chip,-0.29083840566852465
harold,-0.29088308545064895
oracle,-0.2910803719846511
approval,-0.2911138520393488
web browser,-0.2911483575104384
duke,-0.29129605141796683
recommend,-0.2913546644701511
everybody,-0.29140736697138536
hacker,-0.29141126784418153
arthur andersen,-0.29165589276284465
11 million,-0.2916764318348806
apt,-0.29170687459414363
shower,-0.29186025326041676
grid,-0.29198233706025845
describing,-0.29216101687254764
makes sense,-0.2922180345141609
year 38,-0.2922261150839289
saml,-0.29225125408973024
pretty,-0.29227937813473764
heading,-0.2922926673440635
plata,-0.29234881211891
tri,-0.2923683094133779
message turn,-0.2924327112708826
turn email,-0.29243308325566625
latex,-0.29253977886555127
bay area,-0.29262186816139046
url learn,-0.2926691287254632
string,-0.2927087732408356
procedures,-0.2927397152905225
repeating,-0.2928121628075752
standards,-0.2928613084944217
belden,-0.293070959215661
visit group,-0.29318360409462707
tracker,-0.2931891292397096
fi,-0.2932203531368398
looked,-0.2932575673078381
contact privacy,-0.2932594850645695
mydomain,-0.2932783553411803
spamexperts spamexperts,-0.29331873265806785
phone im,-0.29331873265806785
spamexperts message,-0.29331873265806785
spamexperts web,-0.29331873265806785
im spamexperts,-0.29331873265806785
spamexperts follow,-0.29331873265806785
asf,-0.29334423268149495
virtualization,-0.2933651698807505
mailto,-0.2933955750957597
october year,-0.29341565203463804
414 0800,-0.29367333485844926
italian,-0.2936976492079323
fixes,-0.29412401814138556
demos,-0.29412819123879497
messages sent,-0.29417237645280614
configured,-0.29425989041960043
_________________________________________________________________,-0.2942935715268917
message spamexperts,-0.29432615425959335
darwin,-0.2943327100389072
glen,-0.29438075061295227
yast,-0.29441096388029214
eskimo,-0.2945559096768246
expect,-0.2946157320963791
images,-0.29484202275127774
counsel,-0.2948885970102657
worse,-0.29492580459917206
wes,-0.2949526237510539
like use,-0.29504716236473866
727,-0.2954102316952259
mercury,-0.2954580035615145
morgan,-0.29559184641006025
catching,-0.29559354827427986
catalog,-0.2956025171367508
wireless handheld,-0.2957348812441023
gang,-0.2957784995739077
sil,-0.29585502344595394
articles,-0.29591486145011914
study,-0.295932256797004
doug,-0.29593868488121117
cooper,-0.29596066454091235
australian,-0.29596730029351587
delivery point,-0.2960277079271741
continental,-0.2961089936068719
handheld,-0.2961857357360256
aspect,-0.29638491808544676
va number,-0.2964321593830026
turkic,-0.29658106277842355
sadly,-0.29663768182394645
message subject,-0.2967029658721068
smtpd_tls_security_level,-0.2967066315602358
publication,-0.2967287780885482
mid year,-0.2970226213150811
corrections,-0.29710633261390273
just case,-0.2972149298736983
écrit,-0.29723310271177755
poland,-0.2973143651343277
mark pickering,-0.2973269534000054
analyse,-0.2975539382165236
year 02,-0.2975900538766462
185,-0.29759106170049066
emacs,-0.29760225466980683
vowel,-0.29765181819707504
subject change,-0.29769546000388725
keeps,-0.297794043308668
staff,-0.2978136300895104
pronunciation,-0.29790827706827067
infer,-0.2979472252839767
evaluations,-0.29798750751881287
smtpd,-0.2981311229680131
chairman,-0.29816083379112457
29th,-0.2982393549607241
mwh,-0.29823940171357294
patching,-0.2982908980475248
nightmares,-0.2983110916890534
sixth,-0.2985154194797409
cambridge,-0.29860768001902116
use mail,-0.2987170408633944
image,-0.29872060176442083
192,-0.298897553842127
number submission,-0.2989175184841549
intelligent,-0.29920089537146044
tested,-0.2992722515960714
carrying,-0.2994558715638062
podcasts,-0.29956816010116005
message phone,-0.2996000163063532
founder,-0.29968609766703647
tweak,-0.29981428450916936
sustained,-0.2998951489074649
ridge,-0.3000231832849242
similar,-0.30006519109513613
return,-0.30043704376072483
resource,-0.3005497373334743
seminar,-0.30066674449973646
number added,-0.30070451249797475
placing,-0.30107018436425786
bleadperl,-0.30113637544726096
graduate student,-0.30115403180059325
huh,-0.3011819842371624
options visit,-0.3012037646900063
removing,-0.30131513830434864
played,-0.30136993046074073
computing science,-0.3013933462069539
handheld blackberry,-0.3015095330926342
blackberry net,-0.3015095330926342
eim,-0.3015793970531248
setup,-0.3015941095120318
new world,-0.30161983665153475
_____________________________________________________________________,-0.30165451643257946
trades,-0.30171174833622927
joined,-0.30175754895556883
murphy,-0.30181090931596294
pierre,-0.3020321081997466
submission notes,-0.3021290802026874
spamassassin zones,-0.30235352221905193
zones apache,-0.30235352221905193
msr,-0.30256463276430245
bugzilla,-0.3026035263307659
160,-0.3026091369424932
pbl spamhaus,-0.30269601099099885
federal,-0.3027894290333016
applicable,-0.3030800480896753
commitee,-0.3031112572961992
internet email,-0.3032930295211914
change options,-0.3033639312927962
site url,-0.3033754067728039
650,-0.3033945066547523
number thanks,-0.30341537966250365
know need,-0.3034352236137399
close business,-0.30343587101341807
horoscope,-0.303512315987499
quarterly,-0.3035481999807786
current information,-0.30357544909012746
sent following,-0.3036551190552809
july 26,-0.30366922772305316
economy,-0.3039004042495373
workshops,-0.30405003235084826
assume,-0.3040831253178209
chances,-0.30414470354332523
attached patch,-0.30415727885412336
thanksgiving,-0.30419737931934876
page url,-0.304317537011207
borders,-0.3043955015182971
north america,-0.3044084159384593
editing,-0.304531302471696
plastics,-0.3046295398490316
ftp,-0.3046342657483733
free psychic,-0.3047186572973298
revision number,-0.304749608139836
implement,-0.30503499490889274
uo,-0.3050807014178169
implications,-0.305110453925939
delainey,-0.3051214108033472
value,-0.3051565741579269
indication,-0.3052655359178498
pass,-0.30527474728461496
northern,-0.3054855686874962
following url,-0.3058303698122272
lines,-0.3060558218895417
hypothesis,-0.3061608369167689
harness,-0.30628191452952996
triptracker slideshow,-0.3063027795610505
keeping,-0.3063058990224365
blackberry wireless,-0.3063126147265966
brad,-0.3063406973499045
elena,-0.3065631625057711
cpu,-0.3066126166866529
eei,-0.30662763855072706
personnel,-0.3066988373753176
nominations,-0.3068568252347867
lenovo,-0.3070119456706381
lexical,-0.30708740396955364
fail,-0.30710733684607466
contrast,-0.3071101974716659
adr,-0.307129245111998
master,-0.30729525541424674
additional information,-0.307404642262271
chilkina,-0.3075041143735606
elena chilkina,-0.3075041143735606
char,-0.30757040028938104
448,-0.3076590449391887
visa,-0.30769987805710525
151,-0.3078046752409046
com customer,-0.3078627513554125
remainder,-0.30801273288900305
import,-0.3080525307546811
url information,-0.3080602402892066
llc,-0.3081867802878423
free edition,-0.3083085979310497
505,-0.30845257260483305
15th,-0.3085869749780589
starting,-0.30866042826795687
special price,-0.3088744530322035
walking,-0.309046125563665
14 th,-0.3090773821322192
displays,-0.30909631950949734
oakland,-0.30916599786293975
able come,-0.30917505137303736
4pm,-0.30919941522153405
update profile,-0.3094524362153438
status report,-0.3094847928945001
budget,-0.30949139136388776
lst,-0.3095956712288164
415,-0.3096857621330329
frequencies,-0.3098122520929123
enterprise,-0.31006513545828845
following line,-0.3100930744422492
chronicles,-0.3102282482491565
karen,-0.3103528668935943
capacity release,-0.31037064484231136
eggs,-0.31045104352175457
just received,-0.310519835975593
approaching,-0.3106446294651909
lint,-0.31071042030503193
statistics,-0.31075526584532676
cleared,-0.31078117449884807
avg free,-0.3108120055621676
book ensure,-0.3111583354352246
13 year,-0.31143942756826876
v3,-0.31150920966040985
romantic,-0.31153052957299876
165,-0.3115591891369771
seller,-0.3116745380417914
coral,-0.311711671902878
want try,-0.31174169871192475
june,-0.31186833172172534
year 23,-0.311879320984749
mariner,-0.31189556745873553
gps,-0.31197059870327315
posting guide,-0.3119823594822868
check url,-0.312040132716142
street san,-0.3120631614098393
great opportunity,-0.31207266453811316
reaction,-0.31210701531807467
scene,-0.3121287599059163
commented minimal,-0.312192382699819
provide commented,-0.312192382699819
reproducible code,-0.312192382699819
minimal self,-0.312192382699819
contained reproducible,-0.312192382699819
bnp,-0.312251182527147
purchasing,-0.3122921756494284
scalar,-0.3123815168294327
18 pm,-0.3123852100441227
______________________________________________ email,-0.31240098609260386
know help,-0.31251783774964514
cp,-0.31259795061479817
intended addressee,-0.3126617289232663
pros,-0.3129282523665807
number 800,-0.3129790589101108
meets,-0.31298651617768775
der,-0.31300314991313555
email options,-0.31327833598925114
slow,-0.3133157022338846
trends,-0.3134175080180248
happy,-0.313474547556541
listed end,-0.31359953662150414
header_checks,-0.3136041281719909
breaking,-0.3136326310189318
warm regards,-0.3136415401651381
tragic,-0.3137404899927168
constructions,-0.3138680053062564
surprises,-0.3138920532138462
noel jones,-0.31398101304717835
tuesday august,-0.31416756018830216
alert manage,-0.3144221225961547
04 year,-0.3144390839899315
forgot,-0.3144655276078359
99 savings,-0.3144867076975907
meanings,-0.3146113499169398
computing,-0.3146491328834091
items listed,-0.3146597540394954
self contained,-0.3149448193753163
meeting action,-0.3150558290417557
message headers,-0.3151260083957017
minutes meeting,-0.3151888650131596
assigned,-0.3152258646914677
shift,-0.3153377639516705
sign exciting,-0.31543670198955776
exciting newsletters,-0.31543670198955776
guide url,-0.3154598504341944
mrha,-0.3155457829182407
street,-0.31566885506721615
scheduling,-0.3157928306953076
mexico city,-0.3158119330545915
jessen zürich,-0.3158974715434705
emissions,-0.3159608388061751
io,-0.31596579622291876
anadelonbrin,-0.31606471673827913
wifi,-0.3160667299279349
cara,-0.31610828632194177
trademark,-0.31614144886604956
email read,-0.31619119651852007
internship,-0.31654431302051617
zürich,-0.31660991419596846
invoice confirmation,-0.31662627436424146
intentional,-0.31662645533919154
master cf,-0.3166792515851092
pretty good,-0.3166973798773142
award,-0.31687997561248304
donna,-0.316980134361031
account help,-0.31699236728754426
nutrition,-0.31705745080149483
need email,-0.31711598795028506
exchanges,-0.31712310573533753
portugal,-0.3171818914803444
fiction,-0.31747212015879517
people like,-0.31753184384922967
allegheny,-0.3176127457001296
forecasts,-0.31766236589345265
evaluated,-0.3178201075215852
hi guys,-0.3178846902802266
staffing,-0.31818909683370294
proposals,-0.3182250546484648
blockers,-0.3183743126897113
supply demand,-0.3184210831819361
foo bar,-0.31853265771565653
pattern,-0.3185673409479151
gotham,-0.3185689400762815
personality,-0.3186419775973279
398,-0.3188485146779252
214,-0.3192203310418301
sisters,-0.31929042158424065
questions comments,-0.31935045444239507
year new,-0.3194439632890386
international conference,-0.31950457831916135
official business,-0.31953503956261065
wincenty,-0.3195721497736803
leo,-0.319607645876464
15,-0.3197720792900669
owns,-0.31978499882887
archive,-0.31983234426765716
suppose,-0.3199123550850899
59,-0.319945496519282
netscape,-0.32004717034214286
715,-0.32008943802791034
fast easy,-0.3201998996681686
power trading,-0.32029372998999794
newco,-0.3203666366735937
computer science,-0.32038584990487123
revisions,-0.32049505275466256
comparative method,-0.320541736312705
7pm,-0.32073223884207663
sounding,-0.3210498091943848
transportation,-0.3213886522274267
coling,-0.32144295675644746
clothing,-0.321599986381199
ceremony,-0.3217323684834151
livelink,-0.3218761053595653
office,-0.32188252979018805
jonathan,-0.3220829411106799
layout,-0.32221944649806006
url provide,-0.3222315324832395
institutional,-0.3222493948610198
embedded,-0.3222526323869872
nyc,-0.3222559928789705
210,-0.32257913948232214
866,-0.32270067770525646
gas electric,-0.32273973291283803
reliant,-0.322766281486428
midwest,-0.32282281602328106
kohli,-0.3229273717816043
planet sports,-0.3229915096206046
email view,-0.32305088286233613
requiring,-0.3230967443793226
smith,-0.3231703695225231
tx,-0.32328107938342104
grade,-0.32340698126224193
manage account,-0.32345296767846815
details available,-0.32347579573371227
mexican,-0.32352055253966167
936,-0.32360917333155176
pbl,-0.32361729823167046
holidays,-0.3236665019444222
associate analyst,-0.3238096076262083
free download,-0.3239254207954782
bbmass,-0.32413220987681324
foods,-0.3241971752741371
10 07,-0.3241986329171879
scanned,-0.3243293276062133
gore,-0.3244612420359107
presentations,-0.3244861430056263
proceeding,-0.3245458576836756
nova,-0.3246557402942212
combined,-0.32475788089695207
plant,-0.32477085230135305
east,-0.3247857475056515
changelog,-0.3248798875312985
screen,-0.3248842688581169
coling acl,-0.3250349333656442
mail list,-0.3250533199215732
hour,-0.3250674887931139
reasoning,-0.3250803229931685
orthography,-0.3251590544154258
wales,-0.3252176163578883
11th,-0.32527154408340375
diversity,-0.32543354428415566
truck,-0.3254342838589112
_____,-0.3254758685697291
read posting,-0.3256341096142817
sles,-0.3256890266549834
evolution,-0.3257474890279915
sandeep kohli,-0.32579556574893653
share slides,-0.3258011496400482
slides later,-0.3258011496400482
zl,-0.32599460690120313
debt,-0.3260202809465164
rising,-0.32610326042285115
officially,-0.3262164612078312
tobias,-0.32622131902767465
fu,-0.32644953843064717
relating,-0.32646168057213076
ray,-0.32655064464766953
url hope,-0.32660407584455714
spread,-0.3267635421992935
sale url,-0.32690025581558574
privacy statement,-0.32691201361270733
good thing,-0.3271372367234851
votes,-0.3271639020283151
funded,-0.3272283587923676
just wanted,-0.32736546807882755
wars,-0.3273748193081717
203,-0.32751490967920127
haven,-0.3275579001531097
prof dr,-0.3275997522812014
sie,-0.3276754374118381
167,-0.32781354671962376
exe,-0.3278495696977397
fundamental,-0.3278668893656287
reference number,-0.32791819758664353
reviewing document,-0.3279788982374056
jdd url,-0.32800068793527776
support python,-0.32802330987920847
scanning,-0.32804042412219975
thanks reviewing,-0.3281344922813662
approximately,-0.3281875307782791
ytd,-0.3282125692121365
society,-0.32837185340800473
feb year,-0.3284030749256768
favorites,-0.3286067847877766
voluntarily,-0.32865636994566866
29,-0.328789705253179
widescreen,-0.3288391784562015
args,-0.32924339387570123
year 09,-0.3293381327807682
582,-0.3293978210789902
dear mr,-0.32949315254350925
new version,-0.32976694967616227
systems,-0.3297975654271122
24 99,-0.3299023569956831
attended,-0.33007916601822346
ugly,-0.3300795447884158
08 01,-0.3302584965674248
algorithms,-0.33033486677616875
listed,-0.33041299012612924
plugin,-0.3307862742301687
memorandum,-0.33086224014130483
necessarily,-0.33089163598807275
feb 12,-0.3309181477649552
dept,-0.33101584229665754
stan,-0.33108537807967847
drink,-0.33117275068133767
retain,-0.3312689176304695
leah,-0.3314572182747977
quiz,-0.33163603134738884
time make,-0.3316794566798089
preliminary,-0.33170453863400867
scam,-0.33179169008679793
original email,-0.3318997295510279
forward email,-0.33209582997522447
think ll,-0.33220400600133887
hd,-0.3326943226445985
deck,-0.3328459391965847
total,-0.33309352372440537
barney,-0.3331026874718739
sign free,-0.3331932280704619
pdf,-0.33324985622118364
alias,-0.33329241830378037
whitepaper,-0.3333536030358625
broadband,-0.3333916564007503
accessibility,-0.3335382183496673
foundation url,-0.3335511306500571
year 15,-0.33358375821306646
year latest,-0.3338049392142
certainly,-0.33405961231394604
affect,-0.33411201070565827
year international,-0.334268213286093
openssl,-0.33455763935380683
sw,-0.3345836728314847
interviewed,-0.3345860159712643
acl 98,-0.334600110799628
concepts,-0.3347199630216797
python software,-0.3347214797972284
climate,-0.3349232453398534
gives,-0.3349299558230098
davis,-0.3350889950685833
contribution,-0.33510723796181796
tonight,-0.335112091546739
justin mason,-0.3351246779825017
bruno,-0.33524513004488327
suse,-0.33524601610999616
jr,-0.3352549563344953
photo galleries,-0.3353672219817692
155,-0.3353904328827025
counter,-0.33565735775805683
sentences,-0.3358258183347387
preferred,-0.33586940308126956
direct,-0.3358742382352434
universities,-0.3359972954476735
represents,-0.3361741970365856
scalar util,-0.3363115708524857
science,-0.3363776925397422
concerning,-0.33647269576207006
jsp,-0.3367222542141475
bnp paribas,-0.33674108293806054
convert,-0.3367456578812299
thanx,-0.33675949829157514
start date,-0.33684521470686746
reproducible,-0.3369589180771117
september year,-0.3369841039190855
online archives,-0.33702698222859984
insights,-0.33707852220331125
cited,-0.33709689538194787
480 505,-0.337212776196851
picture,-0.3372262009613887
suggested,-0.3372700053387896
handango,-0.3378337271915021
shippers,-0.3378464700816371
commoditylogic,-0.33786032991752096
hosts,-0.33803893086103837
curve,-0.33809199402978973
39,-0.3383439653562993
organised,-0.3383659693983962
anybody,-0.3384123002680838
token,-0.33847389227299945
itunes,-0.3385328638399193
merry,-0.3385620980242983
free shipping,-0.3385716450632031
internet mail,-0.3387014573431732
purchase sale,-0.3387205108365673
andrea,-0.33879105047261937
oct,-0.33882077414432216
tagged,-0.3392247084051786
blood,-0.33934263741246407
imbalance,-0.3393531882504543
entire,-0.33964467263133563
maildir,-0.33965769723190387
syntactic,-0.3398519701303288
ozzie,-0.3399405656590763
teams,-0.340171588273725
stephen,-0.34022786636694496
locally,-0.34023692235381897
specified,-0.3402691833009847
river,-0.3403484505945339
607,-0.34045880337824086
allen center,-0.34068807912509586
skills,-0.34077752472804196
simulation,-0.34078167884492216
generative,-0.34092700543900767
notebook,-0.34119817538934655
262,-0.3414274637682271
social cultural,-0.34146330723268786
clicking url,-0.3418594700343195
music,-0.3420232553978967
manually,-0.3423311937675691
deal number,-0.34246067581442685
teachers,-0.34251341897105986
frame,-0.3425349387612951
filed,-0.3427851235439407
olyvia,-0.34284068741028256
svn,-0.34317550076781683
insight,-0.3432476908099963
14 year,-0.34328024839466387
utf8,-0.34341154113907696
manage alerts,-0.34357190828565415
lavorato,-0.3435835945471283
interact,-0.3437508403607906
organizational,-0.34376815033259767
conjunction,-0.3438757665942123
docs,-0.3440401919574584
stockholm,-0.3440558754392357
ii,-0.3440644439555847
web,-0.34449589688884313
represent,-0.34451662278127587
pub,-0.34467574267275397
progressive,-0.34473762686375303
terrible,-0.344785861368619
spec,-0.3448697419344403
received message,-0.34507867667635445
senior,-0.3451019987374414
slowly,-0.34514482364855814
gadgets,-0.3451822250775223
switching,-0.34543481214502797
gap,-0.3454677628894416
festival,-0.3455184193075425
advise,-0.3457188725027656
btw,-0.3457525786230215
brussels,-0.345773307411014
email behalf,-0.34595662879709677
thanks kevin,-0.3460388711439624
little,-0.3460394201309046
using paypal,-0.3462199273199636
department,-0.3463994794628562
functionality,-0.34650428467641836
97,-0.3467004804645476
neural,-0.34675373716205365
research group,-0.3468956068758985
lion,-0.34691587999196793
amendment,-0.34694253534934477
include,-0.3470367531874505
brokers,-0.3471596704449024
rh,-0.3472416276280861
native,-0.34726064883383234
ogl,-0.34740270869930623
links yahoo,-0.3474109195920837
team members,-0.3474262144652502
calls,-0.3475304888711667
sterling,-0.34761307480640785
source code,-0.34773761887402876
thanks don,-0.3480760281385353
availability,-0.34819983539323873
termination,-0.3482160837522881
real options,-0.34832018483360655
modified,-0.3484671328089105
michelle lokay,-0.3487115151206132
repository,-0.34894081861975323
url contact,-0.3491511933489486
pager,-0.34932274113419537
sci,-0.3493453508820921
02,-0.34935331760658334
pricing,-0.3494741224212613
originations,-0.3495544251046134
subject fw,-0.34973095479123556
235,-0.3497666345564509
ham,-0.34982637291211854
sorry delay,-0.349887574048329
speed internet,-0.34998658751592754
wanted let,-0.350074887333301
human rights,-0.3501959762071534
deal,-0.35036938025099157
fixed,-0.35052183016565386
mp3 player,-0.35057550644829155
lobby,-0.350585741398008
service url,-0.3508837767904771
flow,-0.35091404164445394
suggest,-0.35094969077340965
lv,-0.35106994024129845
request,-0.3512655248628877
argument,-0.3514155610896305
pge,-0.3514319684676956
click wish,-0.3514691531167758
norma,-0.35159195802447357
rich,-0.35159499967358154
19 99,-0.3518764495661317
things,-0.352015888408157
easier,-0.3520631651767021
hardware,-0.35230255182040626
literary,-0.3523081304632399
shock,-0.35251100895847687
open source,-0.35252978682672875
bullet,-0.35262906013956863
services online,-0.35276960812902747
match,-0.3529118111678049
email key,-0.352955519641528
functions,-0.35303355671290587
deal report,-0.3531004832764014
horizon,-0.3532496836349735
request form,-0.35350637746347574
graphs,-0.35353560349234464
users mailing,-0.35369957510889183
technology,-0.3537079817325978
el,-0.35372590571463786
post messages,-0.3537811931555625
imap,-0.3539689561693759
awards,-0.35398440965442174
record,-0.35400698772367817
269,-0.3540676700475725
bytes,-0.35409815119646865
meaning,-0.354475701900368
price 39,-0.3546089652016669
recall,-0.3546583344110315
scenario,-0.3547615553318833
parking,-0.35507181651775327
effective,-0.3551030805538996
webcasts,-0.35510621131858217
nj number,-0.3551141752606567
suggests,-0.3553959507513443
https,-0.3554469909069773
diligence,-0.3555243574285922
market participants,-0.3556224391993299
free newsletters,-0.3556441736438066
edited,-0.35564469757689615
dana,-0.35633181370535494
components,-0.35652848865194187
mailscanner,-0.3565766640133955
need change,-0.356738775532773
ncl,-0.3571029780167393
cases,-0.3571760174669474
mccain,-0.35742758819231135
rsvp,-0.35751285019985624
causes,-0.3579255395577678
570,-0.3580508506345011
mk,-0.358190625214766
olympics,-0.35832834353243426
10 10,-0.3584372131714412
kindall,-0.3585195626829801
uwaterloo,-0.3586258520406582
occasional,-0.35870371655859934
cool,-0.3588107547029395
weekly deal,-0.3588130764700345
postings,-0.3589342830378594
clip,-0.3589687218384011
named,-0.3591084105534306
customer service,-0.359214756849297
newsletter,-0.3595273140246938
remove alert,-0.3596489638206136
format,-0.3598872766699704
concerns,-0.35989978117329524
think need,-0.35990109635984696
url time,-0.3599024254189546
lingua,-0.35991883623039655
email thank,-0.35997041358267956
drive,-0.36001678910890683
final,-0.36004928222342464
account want,-0.36031736373404927
entirely,-0.3603786678665671
lesson,-0.36053510056496957
holiday,-0.3606335633135398
kevin kindall,-0.3608682022105901
great help,-0.3611088032180596
server,-0.36119237595193
annoying,-0.3612481961777439
montreal,-0.3612508240651171
perlico,-0.3615689972600082
fax 49,-0.3618058268832651
rpm,-0.361936372038538
doi,-0.36196703146083636
colleague,-0.3619861617200918
bunch,-0.3620373056338932
pathfinder chronicles,-0.36208643333060664
delano,-0.3621867862755938
briefing,-0.36277434941014125
categories,-0.3632790685941994
year 11,-0.36351244457543674
url free,-0.3637151759168127
negotiation,-0.36381844979541356
year http,-0.36382077529843426
lands,-0.36389946529853673
learning,-0.3639795305368795
announcements,-0.3640782699114045
conditions,-0.36416927731598997
sas,-0.364207892287677
school,-0.36423598714210403
cultural studies,-0.36429406689525756
vacation,-0.3643215718524456
individual,-0.3643555902411064
hello new,-0.36442070333842735
craig,-0.3645925645560431
pulling,-0.3646629411002876
successfully,-0.3647268970106623
candidate,-0.3649050316377773
basket,-0.3649267877434224
request submitted,-0.3651281734999283
url order,-0.3652799981768257
uwaterloo ca,-0.36562859440675455
1200,-0.3656686634280273
url subscribe,-0.3658399884992966
partially,-0.36608233018361486
pronouns,-0.3661352592677861
coming soon,-0.36618526085121
understand,-0.3662744982230369
distance,-0.36629659649118446
french,-0.3663251398491633
novell,-0.36634651621187136
know email,-0.36638328376559176
cover letter,-0.3664602806531484
28 year,-0.3665266878545704
checking,-0.36672222118515563
netball,-0.36695652011407426
bookmarks,-0.36703199947361437
marketers,-0.3670713787072221
action items,-0.3672114651006394
furniture,-0.36747085992623635
edit current,-0.36747527782906336
rss feeds,-0.3675912120394431
imbalances,-0.36766350756342825
treats,-0.3676714652965789
contact customer,-0.367829673284526
pot,-0.36787553027951825
cell phone,-0.3679645202893699
specifically,-0.3681459113378062
email postfix,-0.3681665707244444
error message,-0.3681877484821151
business unit,-0.36819027901970625
mysql,-0.3681918807328709
price 29,-0.3683716119903478
email annmn,-0.36837631152843214
lines reply,-0.36837631152843214
wish edit,-0.36837631152843214
fired,-0.3685817780380844
primarily,-0.3685835368304879
dissertation,-0.36870954059015415
xml,-0.36876464431131595
nfs,-0.36888161529694685
executive,-0.36898196882917533
folders add,-0.3690173756903136
exception,-0.36907374619791633
slightly,-0.36908682710678203
rl,-0.36911299978893275
containing,-0.36935550749080687
parsons,-0.36971726679510014
donald,-0.369914736443563
attachment,-0.3700699486279293
told,-0.37021693904588143
analysts,-0.37022050928162964
analytics,-0.3702632547759598
fusion,-0.370788008887924
introducing,-0.3709091577267981
origination,-0.370975494761189
employment,-0.37098082818574185
sampling,-0.37109059583296367
nomination,-0.37117649183565143
tense,-0.3711775202255777
web http,-0.3714005596466466
zen,-0.37159117541011316
omaha,-0.37184504890530423
approaches,-0.3719710760749529
highstar,-0.37200594697505657
arts,-0.37210142020494247
argentina,-0.3722092301754188
snowmail,-0.37221031243283714
oxford,-0.3722617328410912
asked,-0.37226759942365834
position,-0.3723701711364764
713 345,-0.37258372220426095
url don,-0.3725996819271228
___________________________________________________________________,-0.3726300882592753
books,-0.37322910775928714
junk,-0.3732344599116824
msn,-0.373239391138867
assumed,-0.37324748541523156
shots,-0.37341249623192957
dermott,-0.37392960751512117
buys,-0.37394426227568694
later today,-0.37397356633746426
words,-0.374234119103086
account settings,-0.3742350194802657
url new,-0.37425085795426266
send email,-0.3743378938980241
click help,-0.37443335980972897
overview,-0.37444596147797116
keyboard,-0.37480552033745657
maureen raymond,-0.37500614133977916
email unsubscribe,-0.3750936801234036
shona,-0.37546745697159867
travel,-0.37551487333839945
milk,-0.3761596380722289
assets,-0.3762503795268947
liked,-0.3764956347785312
roles,-0.3765291497319454
originally,-0.37662564312758595
techtarget,-0.3767079154003429
413,-0.37676051165343344
07,-0.3767662535270278
complicated,-0.3767692454365293
ve,-0.3768105167893178
hildebrandt,-0.37687788909715525
ralf hildebrandt,-0.37687788909715525
submission id,-0.3770181338195742
requested,-0.37703453484786037
report attached,-0.37718729437193815
restart,-0.3772331799582303
weekly report,-0.3773586251897504
forums,-0.3775422875507884
double,-0.377578962805746
performed,-0.3776812530082802
normal,-0.3777586519281157
info url,-0.37813461512403573
accept offer,-0.3782730254784754
describes,-0.3783332503893969
exmh,-0.37890679752851814
dual,-0.3789279795365586
analogy,-0.37893009473947104
617,-0.3791429674296071
emergency,-0.37917615185141884
marcus,-0.3792116130030861
plans,-0.3794786994326514
scanner,-0.37953192142895625
var,-0.37955156580148824
clarify,-0.37956304161104126
caiso com,-0.37958380410893705
areas,-0.3800747965711176
127,-0.3801595098387621
applies,-0.38033128613649847
aliases,-0.38044540522370224
presumably,-0.3805317727430009
53,-0.38064905729863835
pushing,-0.38110171092294703
following lines,-0.38116855528341337
lots,-0.38136964236907506
lisa,-0.38146284957612353
ecom,-0.38146647982787746
hard copy,-0.3817604024310453
morning,-0.3818841213695317
purchased,-0.3819319434582304
database 269,-0.3820611669978571
relatively,-0.3820735935289833
anti spam,-0.38233747737921925
outlet,-0.3824081009015743
boot,-0.38243000455891873
right click,-0.38246775885033
breakfast,-0.38261412771190695
threatening,-0.38262079747867916
address unsubscribe,-0.3832243118569284
washington dc,-0.3833999636813706
logic,-0.3834091084729569
gold card,-0.3835735341003979
cake,-0.38361452222046594
innovation,-0.3839611690231465
wish unsubscribe,-0.3842187405123124
noel,-0.3842781066410463
facility,-0.38429135341711707
labs,-0.3843777451530304
ews,-0.38443121691324705
grad,-0.38454015682272774
couldn,-0.3846278339657065
progress,-0.38473140148941304
directors,-0.3848166013480343
possible thanks,-0.38491328947714876
intercepted,-0.38506324899778416
competition,-0.3851278235284044
meetings,-0.38522297978174364
rebate,-0.3855893160175917
recommendations,-0.38570380640793894
word,-0.38609101787104894
like information,-0.3864217619414287
feisty,-0.38651485840167177
violence,-0.3865624566921796
41,-0.3867282216174496
listserv,-0.38682572039560287
vice president,-0.3872402042891979
jason,-0.3872762624027273
url send,-0.3873691650459328
hard drive,-0.3877445726317975
expense report,-0.3878508941951707
cover,-0.38797985897569315
list email,-0.38806304534144304
dad,-0.3881352984744257
mid,-0.38819871074262685
chonawee,-0.3884050720139145
future emails,-0.3884733407386367
said,-0.3887135468307497
probabilities,-0.3888359844669795
wrap,-0.388857370998317
scripts,-0.38901440182808783
pnr,-0.389198336355006
san,-0.3894750165540798
participation,-0.3894991551249699
dth,-0.38950353168652707
universite,-0.3896702703131849
completed,-0.38990074325305213
updated,-0.38997049873709955
escrow,-0.3901594232585494
message use,-0.3904432298958547
windows live,-0.39059147849674825
dash,-0.3906792762295239
spelling,-0.39093461661545487
access,-0.39120464281028067
terms,-0.3912699755245055
mgmt,-0.39127974546163424
sys,-0.3913995808524379
computational,-0.3914920972902246
memories,-0.3915253825601451
voted,-0.39158291683268265
margin,-0.39171716257701905
culture,-0.3918471840448541
undef,-0.39200020416288445
guilty,-0.39250012179003885
6000,-0.39286352475828457
port,-0.39308153706584864
line,-0.3933418943753797
ruth,-0.39348683084061103
card debt,-0.3935037108155787
log url,-0.393622418819477
sec,-0.39412953439553655
valentine day,-0.3941400986463364
lot,-0.3942746798485725
reply web,-0.3943051680666224
want check,-0.39457467388054246
trend,-0.39460273825336434
location,-0.3946850710468909
paul,-0.3947710191623875
keen,-0.3948842543012632
table,-0.3950326435239515
lenny,-0.3950380392695237
jeanie,-0.39508009377881553
notifications url,-0.39515018642691413
conoco,-0.39518958624982387
aren,-0.3952160887833409
illinois,-0.3954245157644307
heather,-0.39548205046703644
jessen,-0.3955769772557382
like know,-0.3959218336367512
thomas,-0.3960829148893619
coal,-0.39653710168217116
academic graphics,-0.39680582718083807
holland academic,-0.39680582718083807
172,-0.3971517403177707
18 20,-0.3971836929031068
network security,-0.3972920859090411
15 00,-0.3973319647250355
pragmatics,-0.39737398613369557
facebook,-0.3976115195140151
agm,-0.39789973395675
natural gas,-0.3982642548681484
slower,-0.39838363838885754
finder,-0.3985583381926335
volatility,-0.39857753682957475
addition,-0.39914048890966625
symbolic,-0.3995327583668455
okay,-0.3995349114204061
sponsors,-0.39978913600069865
finnish,-0.39988113294377076
background,-0.3999729369412322
sent message,-0.3999850168000089
com click,-0.40005473025881305
email web,-0.4000790892793839
dpr,-0.4002220222333311
lawsuit,-0.4003743056935535
deliver deliver,-0.40055228862790687
send information,-0.400585550543272
office chairman,-0.4007865825058511
adding,-0.40086985701746425
esource,-0.4009133836827711
like bring,-0.401192342944934
wrapping,-0.4013298502276208
coke,-0.40149827210388933
super saturday,-0.40158117769645935
previously,-0.4016677181351673
shouldn,-0.4017232977805876
obviously,-0.40182139091866453
forced,-0.4018921678487877
kitchen,-0.4020000238928941
191,-0.40218342696197656
question answer,-0.40224859958661974
oldfriends,-0.4025501468321089
manual,-0.40255372620233465
com rights,-0.4028004317014312
ext number,-0.40301113154805907
beagle,-0.40336553690932253
did receive,-0.4035909258755599
post resume,-0.40361357286977334
calpine,-0.4038057110636007
scores,-0.40416280186328346
implemented,-0.40444875958615834
positions,-0.4044528062148868
moved,-0.40464436798765074
pnm,-0.40469800701367553
pb,-0.4049453610205754
realize,-0.4049472886036035
know thanks,-0.40545079324511973
10 30,-0.40559952057727244
ny,-0.40587766455487434
recipes,-0.4065618484918468
texas,-0.40709128234923186
prediction,-0.40767619884016093
speaker,-0.40769956006429925
mass,-0.40770067372229996
email include,-0.4077096220838326
buildbot failure,-0.4078471818735637
domains,-0.4079589775707718
unavailable,-0.40808833262449246
flash,-0.40854804389784194
ben,-0.4085618052938034
shoes,-0.40862102237596865
sept,-0.40864109781573255
jobs,-0.40866225724071764
displayed,-0.40874212170112356
instead,-0.4089091317797583
buildslave,-0.4090157865022249
utexas,-0.41005295338782244
groups,-0.41014137527424505
expansion,-0.4101992882661403
216,-0.4102338240344747
basically,-0.4102708940935572
carlos,-0.4103362433547883
hpsg,-0.41033980170226947
behaviour,-0.4104269587933032
rewritten,-0.4107198980882885
espeak,-0.4107972066312417
129 97,-0.41133297705650607
int,-0.4117010528928609
loren,-0.41182395051705867
absence,-0.41201916792828686
hire,-0.41215804797188144
editors,-0.41272473756874073
tip,-0.412822479188374
negative,-0.4129709694111692
nesa,-0.41318794038745027
media,-0.4135254825948217
admitted,-0.41373182061668684
rankings,-0.4137930811092216
bits,-0.41387903927159586
jpg,-0.41415048688502193
conclusions,-0.4141584349066759
terminate,-0.414214441308037
channel news,-0.4142144476191797
mlb,-0.4143212009175467
traders,-0.4145282386301749
ken lay,-0.41457898078881583
acl,-0.414933563146232
typically,-0.4151022454188702
524,-0.4151032203581333
document best,-0.41540463987250914
604,-0.41569853449657923
effective immediately,-0.41595779453180964
challenge,-0.4160883746845364
firefox,-0.4161013270334755
patrick,-0.41683436295573967
years ago,-0.41687005752409856
pack,-0.4174306739221195
referenced,-0.41782024220162045
attempting,-0.4180516366460848
unicode,-0.4182965044196349
burlington,-0.41849633549411425
year 10,-0.4185746997921527
asset,-0.4187648834493458
orvis,-0.41888822868349473
number url,-0.41891851642222633
restricting,-0.4194185679872091
comparison,-0.4195313231451621
phonology,-0.4199542343326365
chicken,-0.420085665295972
url ve,-0.4201317212072224
spamhaus,-0.4205092406338842
peak,-0.42057609253473155
devel,-0.4209883319445898
kind,-0.42109344721901665
blacklists,-0.4211173888820481
vista,-0.42114165640992135
cera com,-0.4213896386616928
ze,-0.4213957944417083
german,-0.42166141147917086
correction,-0.42172859967090215
appreciate,-0.4219859268395208
usr,-0.42203248777134256
promised,-0.42204378137443693
request create,-0.422279763469824
url note,-0.42241468489587763
upcoming,-0.4225955981348192
ralf,-0.4226713693640165
innovative,-0.42283495311943875
function,-0.42305618024603175
msn hotmail,-0.42358242203843405
museum,-0.42367560871435156
help thanks,-0.4237095729132891
says,-0.42372763625253906
automatic,-0.4241853209051831
does know,-0.424665153867406
spending,-0.42470422338551156
palm,-0.4247620388711306
operator,-0.42480714127636876
message checked,-0.4255793331111575
rodrigo,-0.42564059724202274
blog url,-0.42596753485095373
suggestions,-0.42616459760668807
22,-0.42668870220116034
machine,-0.42669378570075966
dialects,-0.4267156374899286
tickets,-0.42717676623042994
nice girl,-0.42734473005241486
documentation,-0.42763555077114124
upload,-0.42767170367964635
version email,-0.42775524683538046
dates,-0.4278482792993111
sourcing,-0.4278992704481285
donation,-0.4279102898487295
entity,-0.42805431225847873
unsubscribe mail,-0.4280642357457736
vmware,-0.42815843234282946
emails click,-0.42861012466619064
sm users,-0.42887055726119105
bringing,-0.42913573918728515
meantime,-0.429203821176168
filing,-0.4293230799014048
series,-0.429678729257775
photos,-0.429793743514508
christmas,-0.4298199440745839
gd,-0.42986217898939555
comparable,-0.4299428313406261
machines,-0.4302605786565712
jdd,-0.4303469967547989
comparative,-0.43041969314256207
kevin moore,-0.43067216613941195
dixielandjazz,-0.4308147521836054
thought,-0.43094281080110475
epmi,-0.4309479959116344
49 30,-0.4311962027471324
hpl,-0.43144539675023114
connection,-0.43149697996995595
linguistica,-0.4315309511329469
include following,-0.4319259678639762
hi just,-0.4320188571068767
maps,-0.43214300850170373
questions contact,-0.43216240781624937
shareholders,-0.43269594785756604
nz,-0.432860566744931
insert,-0.43343182216064857
tarot,-0.43361101021560083
receive message,-0.43381022476626563
activate,-0.43396589394627544
subsidiaries,-0.43400076608042376
address email,-0.43412689668105103
wien,-0.43431957268475635
afaik,-0.43434715886028974
olpc,-0.43440935584632523
dear colleagues,-0.4347948825891417
def,-0.4348922010148665
texaco,-0.43494764262620156
immigration,-0.4350365959151231
hr,-0.435126590365242
interested parties,-0.4353062670956065
usually,-0.4355437655019574
dropping,-0.4357195664051728
courses,-0.4357767606916079
software foundation,-0.4359339226148958
gnc,-0.4359999626708571
agreement,-0.43602366421533434
main cf,-0.4362305436120416
rule,-0.4362536629526396
seating,-0.4365510977450421
copy mail,-0.43663724998295633
power,-0.4367835906345077
instance,-0.436882115772666
posts,-0.43728088545164884
pjm,-0.4374863595066368
values,-0.4375217899021313
vasant,-0.43757475063809786
1252,-0.43784967063352254
directions,-0.438130542526201
load,-0.43878152252695557
ipod,-0.4388443972892754
nearly,-0.43904521895271303
numbers,-0.4390711302596723
universidad,-0.439093954798281
url receive,-0.43970839487969543
know like,-0.4397455314664261
billed,-0.4410246007440919
baseball,-0.44127773805490494
key,-0.44134311479481425
lessons,-0.44166895457872896
mail preferences,-0.4418012965435943
17,-0.44197508585995193
sa update,-0.44212959436513605
turbines,-0.44217353563247586
poi,-0.44230054115368683
subjects,-0.44232013272760917
friend url,-0.4424071081838216
squirrelmail,-0.44241877725035167
bayesian,-0.4426168668413584
comes,-0.4427208035960329
importance,-0.442764205420325
new company,-0.4431001729615802
james,-0.44324296257698387
viruses,-0.44335515513496576
menu,-0.44340051519565654
performance,-0.44353174281756025
copy,-0.44359905188695153
password,-0.44387131769756466
merger,-0.4439628354100163
os,-0.4444421780414316
agnello,-0.4445252607615128
trademarks,-0.4447729710330746
valuation,-0.44495712199373455
status,-0.4449654157123366
reviewing,-0.44499937883596524
uses,-0.44530070325992627
singapore,-0.44534401286007447
web url,-0.44543040817297463
development,-0.44553269322284467
amavis,-0.4460499082300028
doap,-0.4462174881563557
environment,-0.44624553809226414
michael scheidell,-0.4464067348058673
scheidell,-0.4464067348058673
building,-0.4465611202931042
800,-0.4466125312069505
database,-0.4466241794503591
visiting,-0.44679842995050006
mail sent,-0.4468221015810492
heads,-0.44710983589394393
cologne,-0.4471969881483651
pipe,-0.44752952058894
november,-0.4478215191354602
pulse,-0.4481240359007739
teaching,-0.44820960922925585
subscribed,-0.4482405164533052
virginia,-0.44842879112875983
clearly,-0.4484499361568857
faq,-0.44845649390257425
rachel,-0.44870641739783723
preparing,-0.44879111908066466
changes,-0.4493217824143825
514,-0.4496208741947009
ireland,-0.4499621768499455
title,-0.45027007024771726
plan,-0.450292614043492
telnet,-0.45031582709949913
completely,-0.4507781161454976
modules,-0.4509238287264625
really good,-0.4510327804190355
reilly,-0.4517554473134704
possible,-0.45204437938656306
red,-0.4523388294579771
personalized,-0.4523506837333133
posting,-0.4525183129235667
12th,-0.4527861018310931
util,-0.45286597848661986
india,-0.45299268721900815
user_prefs,-0.45318508063994356
16 year,-0.4531940579074271
sent blackberry,-0.45323128526015394
easter,-0.45334045382685506
larry,-0.45380999780186954
wasn,-0.45456520857734195
public,-0.4547516621580454
email visit,-0.45514744255766143
comic,-0.4554469888776556
trade counts,-0.4556610489679959
split,-0.4558475725845277
sata,-0.45596661157397267
vp,-0.45597027146614255
uk,-0.4563148860247017
map,-0.45656017273499233
situation,-0.4566807455976263
rice,-0.45702335597443966
mail messages,-0.4571399419568201
edinburgh,-0.45720972022201734
spambayes dev,-0.45721259919991075
pg,-0.457879920293011
sure,-0.4579291742302463
sponsorship,-0.45849169909083315
stewart living,-0.4585471939725432
auction,-0.45892100135457775
outside,-0.4589918409392263
shows,-0.4590343988400648
msn messenger,-0.45912438506468845
isn,-0.45929956734075045
oversight,-0.4593036125138149
covered,-0.45930613107481755
salmon,-0.45942351124728653
based,-0.4601356698681813
broadband dublin,-0.46016366641293516
metals,-0.460204742967648
indian,-0.46028046034258097
presentation,-0.46031374879229103
smithsonian,-0.4603909684744212
corpus,-0.4604783361432029
greatly appreciated,-0.46048922237274237
undergraduate,-0.4605934813815437
longer wish,-0.46069042499814816
inquiries,-0.4607455332137642
assignee,-0.4608905189976439
wedding,-0.4609012295491606
clearance,-0.4610216974217744
avenue,-0.461033843688504
minor,-0.46127760414806546
web page,-0.4613851425525725
science fiction,-0.4616554678027653
expert,-0.46174216810961255
cinergy,-0.4619718750627119
deferred,-0.46212566556389706
questions regarding,-0.4622151868969684
raised,-0.46245268572189335
called,-0.462794949828307
cnet networks,-0.46308265279599675
errors,-0.46427836584401133
000 mmbtu,-0.46447191801858023
aux,-0.4645132920682177
prada,-0.46463508366967987
volumes,-0.46470982084571477
503 464,-0.4648972012464969
agreed,-0.4648988817466014
relevant,-0.4654304695748591
submission,-0.4655739171015391
ebiz,-0.46570143593538266
modification,-0.4657475662976318
vms,-0.46592076894662576
foo,-0.4661077514919543
url follow,-0.46610812734100937
career,-0.4663112588270486
16 th,-0.4664299924568435
academic,-0.46648898006658635
dem,-0.46655797117685627
pic,-0.46658458005146336
robinson,-0.46684606806792184
inbox bulk,-0.4671902192398955
register com,-0.4674387656432665
paribas,-0.4676405351294335
developer,-0.46827120015152585
http register,-0.46835261160767405
controlling,-0.468441237242041
case,-0.46869769143132134
rep,-0.4687436969957024
jedi,-0.46902553399156205
mm,-0.46905701296037056
sigh,-0.46907757420476265
paizo,-0.4692601964155695
serving,-0.46939264514947293
crazy,-0.4694147043401579
america,-0.4696078638409232
epe,-0.47000225395925505
ways,-0.4703352140228395
phonetics,-0.47041947325502675
supporting,-0.4709473117674874
auth,-0.47104621836990845
active,-0.47137692304127793
online url,-0.4714404527798086
kathy,-0.47146025401305963
sentence,-0.4714744726813602
item number,-0.47162353851596645
whitelist email,-0.4719409468982615
like thank,-0.47207140293855404
routes,-0.4721028867163972
primary,-0.47242834517867477
extension,-0.47278015111360966
tmp,-0.4732803023284817
eircom,-0.4732824736321715
matching,-0.47363648251754525
hello vince,-0.4739612273699805
flight,-0.4745056698249344
written,-0.47452436469416814
getting,-0.474574276132552
bogus,-0.4759929704555717
item,-0.47634188719734427
advance,-0.4769236789151789
hourahead,-0.4769841405832219
rahil,-0.4770778858426649
regex,-0.47710227199773697
explorer,-0.4773066942260548
subject invoice,-0.4785230086616352
pacific,-0.47853735214015924
double click,-0.47867272384079296
weekly,-0.4787323586238031
nov,-0.4789682551727026
rsync,-0.47897594076738725
transactions,-0.47913208333418084
eog,-0.47986293401320435
contact help,-0.4800098044804852
organisation,-0.4800518382641933
build,-0.48017390637613927
guy,-0.48026827032944025
13,-0.4807182070847872
problems,-0.4807243735326294
content,-0.4807291492718777
slides,-0.48101224590622876
enrollment,-0.48122763817757547
alexey,-0.48131515812633296
za,-0.48176153963694013
url update,-0.48201065600782583
pod,-0.48238224102691685
link view,-0.4824265670038308
phillips,-0.48288934878783946
loop,-0.4833140932575969
vowels,-0.484596153945628
hopefully,-0.484921606886621
wireless,-0.48530827440949115
revised,-0.4864663227060355
email wrote,-0.48647724502743755
stewart,-0.4869403791174597
nj,-0.48736693343632803
earlier,-0.48791190763762804
regards,-0.4885776633652192
key id,-0.4889350277637682
spamd,-0.48947294848558326
01,-0.4895530402259175
contract number,-0.49071094460039355
approach,-0.4911319178622935
standard,-0.4913373276057898
registered trademarks,-0.49193255731411994
number usa,-0.4926572727497478
utility,-0.4928049703108946
visit url,-0.4929024758211907
list attached,-0.4930546255888234
offsite,-0.49318096048613747
volunteers,-0.4933072337158956
sports,-0.49370611163367767
eric,-0.49386494606421716
fortune,-0.49414882750313405
ngx,-0.4941542407288287
fixed price,-0.4943728648467006
connect,-0.4948663977231769
holds,-0.49528713410224295
applied,-0.4954357378395305
identifying,-0.4956488270968038
email use,-0.495727457800775
evidence,-0.49581794117656214
logs,-0.4960019140079391
python 3000,-0.49623975037068446
leaving,-0.4962776288878642
direct message,-0.49663178520542406
season,-0.49674279603359073
reported,-0.4968765861894068
fine,-0.49687980822811434
configure,-0.49688899775251877
core,-0.4968967244936988
date,-0.49703104680229365
url thanks,-0.49746952304129144
responsibilities,-0.49754554829496844
best wishes,-0.49839336247736765
monterrey,-0.4994624838944401
helsinki,-0.4995863333703937
com visit,-0.49961061769289744
original,-0.4998135518881062
section,-0.4998546943962109
hart,-0.5005019675791564
annual,-0.5005736910765773
interviews,-0.5008578924523772
shopping cart,-0.500876781528651
py2exe,-0.5013121646269983
hard work,-0.5013685680794653
corner,-0.5017388957528873
equivalent,-0.5019884609316975
spam score,-0.5020464335568899
trader,-0.5021986777030012
thank advance,-0.5022016047685256
email scanned,-0.5022801998910849
saying,-0.5027996098591898
net works,-0.5036437811055879
10 year,-0.5039242070889527
approx,-0.5040692377772529
ios,-0.5040984547371746
com contact,-0.5043284059608607
experts,-0.5049752501474379
rofr,-0.5051026460926669
cpuc,-0.5053916181616585
points,-0.5055034894094681
bibi,-0.5055222280292535
ideas,-0.5055785998608079
great job,-0.506669405804482
gpg,-0.5068779221303957
281,-0.5071521483545142
girl like,-0.507309947182258
compile,-0.5074885538545348
marathon,-0.5078557303512714
new york,-0.5079070878249003
integration,-0.5081365535139023
dialect,-0.5082634753546185
switched,-0.5087680762029924
fails,-0.509609782991271
interview,-0.5096287690884308
129,-0.5098054628948195
updates,-0.5099187029406467
39 99,-0.5101425247056748
reached,-0.5106628229146394
bloomberg,-0.5109146734550275
update preferences,-0.5110331179340585
recycling,-0.5111419113273225
suitable,-0.5111812696383305
sets,-0.511567401963276
intl,-0.5117315666043138
sandeep,-0.5117548290916165
quoting,-0.5123131466786772
legit,-0.5123695363267524
disk,-0.5123766734900557
abb,-0.5124951721785195
context,-0.5128193170560009
theater,-0.5128592029446993
flows,-0.512973291261146
assuming,-0.5130189993495561
guess,-0.5134062266461055
coming,-0.513630383886965
reject,-0.513726846670142
gsa,-0.5137466802540994
website http,-0.5138131601252843
requests,-0.5138366780050085
11 27,-0.5139938042502488
module,-0.514053146357619
mum,-0.5143519577367187
van,-0.5156332184238633
sunday,-0.5159711492403521
2nd,-0.5160583779569866
nie,-0.5163193472845691
shirts,-0.5165932430252067
schedules,-0.5175043654876875
seattle,-0.5176778386560048
annmn,-0.5185126387582997
characters,-0.5186273766528662
downtown,-0.5196455114583646
negotiated,-0.5198347746615798
like,-0.5198829672146992
headcount,-0.5198893118428458
valentine,-0.520542671715873
future mails,-0.5214996820371861
sourceforge,-0.52201619777067
used,-0.5226124630596333
buy new,-0.5226898614949504
bonnie,-0.5229894505737412
pastoria,-0.5234462559241545
cross,-0.5234521183920399
mentioned,-0.5235773611736794
favorite,-0.5238576846564126
announce,-0.5241002828447497
valid,-0.5247350414653076
electric,-0.5252930256105642
proto,-0.525575834936835
outgoing mail,-0.5257730505899686
sourceforge net,-0.5259003217454944
dc,-0.5264533746965043
mg,-0.5264616128232006
url visit,-0.5268167053218276
30,-0.5270352316486588
perl number,-0.5272937935970313
webcast,-0.5274729560814931
happens,-0.5277122039115681
macro,-0.5280994711492173
revision,-0.5283251850455715
external,-0.528415688902763
config,-0.5285631570130733
forwarded message,-0.5286612463238763
idea,-0.5289903710669026
ebs,-0.5290077372748404
submissions,-0.5290821254850896
eugenio,-0.5291004950288144
reminder,-0.5291662507740997
post,-0.5293028089301891
dns,-0.5293089232717305
film,-0.5295661454324853
replication,-0.5297122122727747
14,-0.5305743836468457
yeah,-0.5311625664337398
webby,-0.5313056052951789
mtm,-0.5314582528530559
wide web,-0.5315766431628726
group url,-0.5315829764921879
failed,-0.53172904824055
eoin,-0.5320416864876122
term,-0.5329394958296587
author,-0.5338450925580154
topics,-0.5344507699397548
paso,-0.5344969028937618
rss,-0.5345438747309925
mixed,-0.5349696058174869
ext,-0.5355042192540449
edition,-0.5355328473330904
picks,-0.5360574091390855
yahoo,-0.5367020770808602
free mail,-0.5373827579960384
pipeline,-0.5375886588761322
test,-0.537824147648276
swap,-0.5382864592347679
week,-0.5383992311870537
communications,-0.5386185078978882
teeth,-0.5392338818786362
clayton,-0.5392398423473856
programme,-0.5397362143055683
access request,-0.5398712788543089
generally,-0.5402294777889631
way,-0.5404306961208111
associate,-0.5406061049754158
willis,-0.5416507200136697
happened,-0.5418643748321164
current,-0.5418838879668582
does anybody,-0.5419475468964888
bid,-0.5423901404042347
nokia,-0.542604980734675
martha stewart,-0.5427212296438927
socal,-0.5432934461705673
url sent,-0.5433102626519252
roving,-0.5434768621565736
python dev,-0.5435573008183198
thanks help,-0.543703024374414
vince kaminski,-0.5437484079447041
sense,-0.5438822013334461
lab,-0.5441318973921141
texts,-0.54448393332837
les,-0.5456294561705779
schrieb,-0.5459566008622897
colleagues,-0.5463522554662585
useful,-0.5469539787887779
viewer,-0.5472310705142549
associated,-0.5474629923771305
covering,-0.5475724002446525
reports,-0.5485052377466368
proceedings,-0.5489142400858683
grateful,-0.5490308842439433
candidates,-0.5495172610223508
html version,-0.5496475220970727
tanya,-0.5503246196875324
164,-0.5509311054087261
command,-0.5522900591768217
cpan,-0.5524288947073195
dnsstuff,-0.5524399961055066
provides,-0.5527864078361001
bounced,-0.5527926312965927
soccer,-0.5530160736954463
servers,-0.5538603069987649
output,-0.5541166545370932
appears,-0.5541320007024435
license,-0.5541884059781731
charges,-0.5543532059765749
alerts,-0.5546165893277397
com url,-0.5550201313680724
64,-0.5550444623891684
button,-0.5552767091023696
spams,-0.5554098417127183
details url,-0.555819243517211
messages,-0.5559509458673837
base64,-0.5569697063276928
learn url,-0.556979782700894
leadership,-0.5575780187055033
shipping orders,-0.5582265380982929
japanese,-0.558541364660772
add,-0.5590549171345175
wiki,-0.5591781171109261
mitigation,-0.5591921213260908
spring,-0.5594330457099997
published,-0.5596829348387056
ethink,-0.560135446239472
thoughts,-0.5608741414709354
expense,-0.5614697693883243
python win32,-0.5616035341814248
pathfinder,-0.5616443187325091
aep,-0.5625825603599555
assessment,-0.5626540501424975
limit,-0.5627324633980028
period,-0.5631449945732192
putting,-0.5631653184342714
closed,-0.5633990567993011
mexico,-0.5638907410894864
students,-0.5644370153500132
mr kaminski,-0.5647718089843631
volume,-0.5650458999045499
account url,-0.56513223865642
apologies,-0.5651870176314875
junk folders,-0.5655190393557503
disaster,-0.5656819611668136
egyptian,-0.5664260168849302
registering,-0.5671128688778769
units,-0.5673231156114726
py,-0.5673952989824446
pl,-0.5686657181081521
red rock,-0.56886242855339
newsletters click,-0.5701632204371317
sempra,-0.5704966011285098
receive future,-0.5714185554677155
lets,-0.5718450183791316
url unsubscribe,-0.5723282616656807
coordinator,-0.572450683024783
journal,-0.5725392579389023
url best,-0.5734939369915252
replies,-0.5739218711029869
lounge,-0.574685879280026
readings,-0.5749527860576417
prof,-0.5751869942149443
catalogs,-0.5753078575234787
jest,-0.5762779885543984
bag,-0.5775047252126451
el paso,-0.5777297047176797
et,-0.5780117425839414
order number,-0.5782459379476205
relay,-0.5789065801227194
far,-0.5793906658922101
spanish,-0.579598113126339
16,-0.5797929267453901
correct,-0.5800620198849076
macintosh,-0.5800805026475533
course,-0.5803200088355124
ydn,-0.5803996364121887
second,-0.5804171958109327
institute,-0.5805171406463128
monday,-0.5806900504537467
doorstep,-0.5813064969244414
literature,-0.5814125926585622
contributions,-0.5822236292733833
additional,-0.5822866982888906
didn,-0.5824618365593489
ydn delicious,-0.582739751019361
williams,-0.5840768657725534
contact info,-0.584167958112287
joe,-0.5842527573526021
basis,-0.5847068952650253
reactions,-0.5852483936687475
31,-0.5861703083578802
fairly,-0.5865219539787818
tim,-0.5866419609316129
guys,-0.5872156357587704
floor,-0.5874762732170028
generation,-0.5879220606031115
universal,-0.5879275835542541
responses,-0.5879396238951992
difference,-0.588288546381554
utilities,-0.5890334863944454
early,-0.589193992794796
goes,-0.5897405170726194
interface,-0.5903153700355789
margaret,-0.5905117062023119
au,-0.5908799306183607
rick,-0.5918489869017763
supposed,-0.5920492003096911
intranet site,-0.5920757870424482
corpora,-0.5924970814517148
harris,-0.5931581912197019
information url,-0.594858330937602
apache,-0.5950412066420134
index,-0.595049971212093
dell,-0.5953251951482825
actually,-0.5956153865127316
linguistique,-0.5958636304964976
reduce,-0.5959018983104204
agenda,-0.5959241323322767
don forget,-0.5959756512430736
portions,-0.5961227667169269
create,-0.5975708437165362
tags,-0.5978059848464391
thanks advance,-0.5980368603053094
appropriate,-0.598058524320788
setting,-0.5981658058022549
username,-0.599113883634187
paper,-0.5992865166199992
planning,-0.5994399521258321
touch,-0.5998322430165703
newsletter url,-0.6000518644920785
cera,-0.6001020790368438
nbc11 com,-0.6009045378365042
nbc11,-0.6009092437623462
_________________________________________________________________________,-0.6010852874338548
unix,-0.6019526485667168
december,-0.60217290868957
employee,-0.6037136680983
url like,-0.6048973834424569
bulk junk,-0.6058615598164021
publications,-0.6059760000279101
funny,-0.6066587725461742
weather,-0.6067927785948752
greg,-0.6074137657383636
blogs,-0.6077936463882796
mailing list,-0.608555521359825
institut,-0.6087621528084486
email mail,-0.609606461000521
hash,-0.6097331579371
organization,-0.609795115196463
ppa,-0.6103320700387829
implementation,-0.6116319138781494
library,-0.6126573661586142
mac,-0.6137185990110723
mmbtu,-0.6148048503466351
electricity,-0.614961936580684
conceptdraw,-0.615309096121421
tm,-0.6157904850395759
adjustments,-0.6158921977234342
song,-0.6160138044664741
contract,-0.6160824806120904
massey,-0.6164885461342552
headers,-0.6166215659886191
ago,-0.6175722798429144
calger,-0.6176930877853201
structure,-0.6181823286359404
install,-0.6185508438431007
unsubscribe newsletter,-0.6190794402789748
url reply,-0.6193183132965527
univ,-0.6197071971766426
described,-0.6197961253022899
kids,-0.6198798853439073
intranet,-0.6201197344099786
ipa,-0.6209206151758904
statistical,-0.6213013857275683
cnet,-0.6213196839819192
ma number,-0.6213815035423167
tone,-0.6215094395370815
query,-0.6217847137349618
hi list,-0.6221160734538521
ubuntu,-0.6223336161929236
zur,-0.6226011490209494
new hire,-0.6228790071874716
data,-0.6238224678531777
lavo,-0.6240275357204016
testing,-0.6240716011913419
universitaet,-0.6240916758809818
particularly,-0.6244201315553254
supported,-0.6254737908954602
channel,-0.6254825276840301
fans,-0.6256386047590085
contact email,-0.6276904112704934
godaddy com,-0.6279731238172834
rfc,-0.6292748335343029
risk management,-0.6294122653217954
prc,-0.6296322075347474
schools,-0.630345946738287
12,-0.6303726539563962
normally,-0.6327286112961404
queries,-0.6331174953849896
zimin,-0.6343307341858985
theatre,-0.635747592322418
association,-0.6357845632486018
settlement,-0.6361766310568321
conversation,-0.6362115273478222
citations,-0.6362922032909613
afternoon,-0.637219604450253
references,-0.639156395794591
tammie,-0.640010838645101
unlikely,-0.6410783515173318
99 url,-0.6418238634282637
select,-0.642714892747661
michael,-0.642852204364654
going,-0.6438466487519048
registered,-0.6460536066080182
google alert,-0.6468036759451784
url want,-0.6469191536443638
na,-0.6481675274071429
spam,-0.6491247841805255
blog,-0.6491741973343865
remain,-0.6503335315562342
ene,-0.6507078932442633
resources,-0.6513104684216127
sounds like,-0.6521498087874067
display,-0.6535196867018626
whois,-0.6536342795867351
reading,-0.655520930304771
mason,-0.6559277706799349
checkout,-0.6564121637238719
email change,-0.6567338083689519
currently,-0.6570010017484318
follow url,-0.6570470769423882
sent,-0.6572674733070435
wouldn,-0.6598209409249933
transwestern,-0.6606728856406411
news,-0.661015951992716
open season,-0.6610571678400552
added,-0.6635892708805357
given,-0.6636877796223701
nymex,-0.6640553111550012
committee,-0.6640605635435757
coupon,-0.6648318760999659
sap,-0.6649293260887622
dynegy,-0.6655645619243356
impact,-0.666515467259333
bayes,-0.6665948909497407
bit,-0.6669159008474774
strategy,-0.6673461863246516
trading,-0.668313515645309
deserved,-0.6698880558599358
vaccine,-0.6699839637688952
fuer,-0.6702607965421572
log,-0.6705417670541997
july,-0.6705718606818717
messenger,-0.6714189663698684
justin,-0.6728071620160981
forms,-0.6735628066768231
win32,-0.6736070891844483
np,-0.6736755557663342
separate,-0.6742096811271302
sale,-0.674863222029241
offer expires,-0.6751769206123043
delicious,-0.676467809917377
corp com,-0.6765107634953542
concur,-0.6767269489257906
ken,-0.6779055704905521
853,-0.6779542345145259
deadline,-0.6786561628478428
path,-0.679492444492479
japan,-0.6798820941969871
trying,-0.680595937534537
september,-0.682140906294673
desktop,-0.6821488936150759
541,-0.6831651674510646
different,-0.6840511634813834
slide,-0.6843735296641849
cell,-0.6847149123530395
home com,-0.6848836035428657
counterparties,-0.6849064543891101
writer,-0.6877385836157168
gif,-0.6889402409024356
seeing,-0.6896428689912187
rugby,-0.6898383072313468
forecast,-0.6899880949863467
chomsky,-0.690167487536142
available,-0.6902409556156821
digit_ratio,-0.69031483185757
centre,-0.6903921287630626
ubs,-0.6909327379124242
email wish,-0.6916536543557008
peter,-0.6917564441699674
andy,-0.6920204322334917
sheet,-0.6929274946034352
scheduled,-0.6931463048543118
sa,-0.6933437286454007
wednesday,-0.6939952416383786
forward,-0.693999175165596
vice,-0.6947287070507657
memory,-0.6950043392318193
list url,-0.6957465962107128
sciences,-0.6960305790507261
happy new,-0.6984114401731459
read email,-0.6986218788173348
24 95,-0.6986389080770687
915,-0.6987691084343123
maureen,-0.699710087536318
spamexperts,-0.6999448377527802
debate,-0.7009227471809004
apparently,-0.7010382422172423
created,-0.7012563308543089
wrong,-0.7013035367915876
evaluation,-0.7014411249760482
free sample,-0.7027035739135749
header,-0.7027467676818748
infoworld,-0.7033136072235049
amy,-0.7033716950730491
view email,-0.7041918901586347
professor,-0.7046252893523614
installed,-0.7058345039499405
com http,-0.705869646055069
voucher,-0.7065732204353764
jb,-0.7081058504937882
outgoing,-0.7082588648515793
url featured,-0.7103532608634504
godaddy,-0.7115919497080417
viewed,-0.712606973787711
krishna,-0.713930840443158
gov,-0.7145768791249
sub,-0.7155260354717877
swaps,-0.715859833509419
graduate,-0.7158885089732835
markowitz,-0.7161169331609931
ta,-0.7168996572589561
maybe,-0.7172994531451856
ted markowitz,-0.7190704428769292
daily,-0.7220586856816571
opinions,-0.7231275417313984
discussed,-0.7235510018679655
fax,-0.7247471208652195
lib,-0.7248065225960373
markets,-0.7254550819376212
ntl,-0.7256390248425452
blackberry,-0.7279515157526955
reference,-0.7282216637437808
community,-0.7309337821140329
training,-0.7312924911302324
theory,-0.731944599046385
speech,-0.7322837894068902
virtual,-0.7327673847955443
subscribe,-0.7331899508305629
thursday,-0.7332562687313834
portland,-0.7335783881559588
ehronline,-0.7347688732504742
corporate,-0.7359394594710121
click link,-0.736036677410794
isbn,-0.7373296734588174
bob,-0.7377925565549618
global,-0.7378326390449402
translation,-0.7378700202188141
sort,-0.7387615289705993
java,-0.7389996545245173
default,-0.7397284433026609
dublin,-0.739887988899938
entries,-0.7407688857761601
problem,-0.7415489413979452
bitnet,-0.7423502897098565
request number,-0.7423993576675288
contracts,-0.7432933269970942
modify,-0.7434928405861603
casual,-0.7435413720647643
york ny,-0.7442563721930904
workshop,-0.7449993671701527
applications,-0.7450418697554255
sprachwissenschaft,-0.7465939481090174
phonetic,-0.7474347248968364
uribl,-0.747767189876507
couple,-0.7519138154402771
stinson,-0.7520246560617252
resume,-0.7529135476030961
point,-0.7547369827829142
url click,-0.7581300854670961
original message,-0.7592036852436591
save 20,-0.7592661334517196
astrology,-0.7594984810233226
url view,-0.7622718950324193
configuration,-0.7625728923915416
fwd,-0.7626280830076961
examples,-0.7633689919136715
non,-0.764647952620224
url thank,-0.7648572476466634
classic,-0.7664688680415075
registered trademark,-0.7666212505967359
run,-0.7670338414588053
running,-0.7690030224660932
google,-0.77002596409867
park,-0.7700565994194615
does,-0.7701499225126465
subject,-0.77137629170921
zealand,-0.771876285150641
campus,-0.7723694185885602
spoke,-0.7736313654299376
url privacy,-0.7741724533568827
caiso,-0.7745220542758816
korean,-0.775293548923411
looks like,-0.7764711587075338
url shop,-0.7788647280353601
registration,-0.7789321672871784
sounds,-0.7806364857522391
ot,-0.7821578899884911
comment,-0.7834510421303282
estimate,-0.7849884875358789
mw,-0.7850382562779771
role,-0.7851989643232262
new pc,-0.7874173186627705
nurse,-0.7943361651490743
353,-0.7949324482444838
counterparty,-0.7951532342298786
discussion,-0.7952822620555792
risk,-0.7955658391732514
mail email,-0.7970686793400567
martin,-0.797920184547052
new zealand,-0.7990755736330346
options,-0.8058340278002865
set,-0.8061443070364815
click url,-0.8066224730075219
ees,-0.8072346538062718
winter,-0.8082223166022687
including,-0.8099150575175976
vote,-0.8105047043427996
address url,-0.8115260553513768
skype,-0.812016201288416
wondering,-0.8120290562173418
10,-0.8191147926632104
proposed,-0.8221508698138947
astrology com,-0.8225701765004222
kal,-0.8227420507601024
browser,-0.8265504134690331
cf,-0.8272589861528188
speakers,-0.8287750230254269
auckland,-0.8292738898587555
topic,-0.8320139014841642
stuart,-0.8324140572990673
print,-0.8326233185206038
real time,-0.8345837723352537
713 853,-0.8347008450403853
papers,-0.8360349199143797
chat spam,-0.8390775839442319
regarding,-0.8394784559079322
trip,-0.8410855559359535
congratulations,-0.8412071080048263
draft,-0.8426819326998389
thinking,-0.8479430496926755
joost,-0.8490817977810541
supervisor,-0.8503695797671866
discuss,-0.8521059586116647
accomplishments,-0.8532263944975348
thank,-0.8539490299665895
shirley,-0.8549614839242302
laura,-0.8568351231714535
trouble viewing,-0.8587300926277347
analysis,-0.85909986205906
dinner,-0.8593776085481039
saturday,-0.86078184467608
feedback,-0.8618863226293395
doesn,-0.862806886075266
unsubscribe url,-0.8629807207570505
policy,-0.8642837009846263
using,-0.865134571035173
end,-0.8657644170068314
content length,-0.8678281182301345
eb,-0.8705164785029893
patch,-0.8711970208818741
weekend,-0.871848684380339
promotion,-0.873671947377103
david,-0.8762821263116134
capacity,-0.8768737702030331
italy,-0.8796374291736709
view online,-0.8801790242192621
newsletters,-0.8811607270232945
877,-0.8852961223266305
event,-0.8861225281514943
code,-0.8868109690950093
change,-0.8905162677971507
cultural,-0.8908582392788765
wietse,-0.8941379074151604
folders,-0.8968029794221902
netco,-0.8968778886414811
skilling,-0.8977182386141249
looks,-0.9033983230088006
project,-0.9042652567912554
meyer,-0.9045029200868198
yesterday,-0.9052122428985856
submitted,-0.9056188511698445
related,-0.9065018213235534
chris,-0.9070513411429837
small business,-0.9109374501583045
michelle,-0.9122338984674689
erase,-0.9149467875070132
april,-0.9157626285897034
alexis,-0.9217482089552652
announcement,-0.9228122673573708
ferc,-0.9229128074095692
richard,-0.9251915044900868
switch,-0.9253055389122309
list,-0.9285382036483256
tom,-0.9288160153747526
ok,-0.9303760346502536
chinese,-0.930648459931825
enjoyed,-0.9317832425775119
spambayes,-0.935608869599408
eol,-0.9378458713045689
viewing,-0.9409621181804382
lokay,-0.9431979876850437
article,-0.9437407373945201
privacy policy,-0.9442490100246888
503,-0.9463676754360163
08,-0.9464073781431378
birthday,-0.9489350173491461
hi tony,-0.9493071643708286
writes,-0.9511167725218183
book,-0.9537502909288122
enrononline,-0.9562734222796095
gas,-0.9565944355056683
working,-0.9569615484024362
analyst,-0.9589607623252725
chart,-0.9613232154463239
site http,-0.9639082083913861
likely,-0.9660374760773817
hope,-0.9665983663778864
latest,-0.9675647407816729
think,-0.9684071006054501
queue,-0.9721340537243687
_______________________________________________,-0.974341564130509
url mail,-0.9777550323832588
group,-0.9786062871170411
notes,-0.9804113213750038
disc,-0.9806135451415785
users,-0.981180621734369
tuesday,-0.9812645447596245
add email,-0.9868143725493823
link url,-0.9909772739495716
fyi,-0.9912826210546135
jim,-0.9922072036292153
rules,-0.9953409644099568
quite,-0.9969953489011734
ets,-0.9987422749410183
url copyright,-1.0019185876072314
pm url,-1.0108899875418358
11,-1.0141699464009792
issue,-1.019541938409989
subscriptions,-1.0214345155617008
kevin,-1.027202824766001
schedule,-1.0300222617507044
summary,-1.032262173133148
model,-1.0327821622224518
mention,-1.035069156542593
feel free,-1.0396291295976248
appreciated,-1.0436174645750627
issues,-1.060964096273425
calendar,-1.0622714509038278
ted,-1.0689238449605571
use,-1.0760448135094838
animoto,-1.0854758826024453
buildbot,-1.0924136988126132
friday,-1.0941462952167944
dev,-1.0973555245700586
research,-1.1005346282192883
tw,-1.1109141599781571
memo,-1.1121128842933696
example,-1.1126482033003493
forwarded,-1.1178465321532778
march,-1.126109547512263
changed,-1.1280200389904347
meeting,-1.1315765271002747
john,-1.1397833320715915
score,-1.1489603337926153
mike,-1.1558561521326323
bug,-1.1636649597791457
probably,-1.1672546196766882
mark,-1.1850595725053459
spreadsheet,-1.185160320901389
attached,-1.186028851885067
tony meyer,-1.194446259566967
dear tony,-1.1991455594707459
steve,-1.2016261971065654
version,-1.2028042006117534
uni,-1.2038526444022006
ena,-1.20711356745831
url url,-1.2089472398322259
know,-1.2099992547119334
script,-1.2134899687914327
california,-1.2149745233184455
conference,-1.2172899629406104
question,-1.2276424977301958
linux,-1.2327350548025597
feb,-1.2344855415439906
posted,-1.2352633763230327
bush,-1.2496404151456588
pownce,-1.2598513948164474
let know,-1.2724610455965237
tomorrow,-1.2724739817645732
url email,-1.2950813123304994
option,-1.3063599586760752
policy url,-1.3191983363156436
corp,-1.340081310298639
pm,-1.3495084269924493
spamassassin,-1.371725671319502
doc,-1.4077846067924538
houston,-1.4175040503545864
address book,-1.418907613413871
triptracker,-1.4189745143021042
february,-1.4410311017256028
cheers,-1.497681562609147
sally,-1.5151347064980876
email url,-1.515781095002771
perl,-1.5173972159603877
dave,-1.5420294039589793
following,-1.5433220792259288
python,-1.5601679117279255
jeff,-1.5646169203616676
slideshow,-1.566716281529631
comments,-1.5883293351112358
questions,-1.6036902835618159
kaminski,-1.6188205818757986
energy,-1.6750413451014636
postfix,-1.730343270739369
713,-1.8444891668887062
uai,-1.996017849433031
language,-2.019837548034968
n_urls,-2.0909667564010865
tony,-2.2325013843540056
employees,-2.3437910593387894
university,-2.5036509325067415
thanks,-2.541828748777045
fork,-2.5813181952596573
opensuse,-2.785940847815607
louise,-2.835650479000621
vince,-2.8577033926577635
rant,-3.0789892323161054
wrote,-3.3162307274018454
